-- phpMyAdmin SQL Dump
-- version 4.8.5
-- https://www.phpmyadmin.net/
--
-- Host: 127.0.0.1
-- Generation Time: Nov 02, 2020 at 05:33 AM
-- Server version: 10.1.38-MariaDB
-- PHP Version: 7.3.3

SET SQL_MODE = "NO_AUTO_VALUE_ON_ZERO";
SET AUTOCOMMIT = 0;
START TRANSACTION;
SET time_zone = "+00:00";


/*!40101 SET @OLD_CHARACTER_SET_CLIENT=@@CHARACTER_SET_CLIENT */;
/*!40101 SET @OLD_CHARACTER_SET_RESULTS=@@CHARACTER_SET_RESULTS */;
/*!40101 SET @OLD_COLLATION_CONNECTION=@@COLLATION_CONNECTION */;
/*!40101 SET NAMES utf8mb4 */;

--
-- Database: `dic`
--

-- --------------------------------------------------------

--
-- Table structure for table `barang`
--

CREATE TABLE `barang` (
  `kode` varchar(255) NOT NULL,
  `nama` varchar(255) NOT NULL,
  `id_kategori` int(11) NOT NULL,
  `qty` int(11) NOT NULL,
  `satuan` varchar(255) NOT NULL,
  `harga` int(11) NOT NULL,
  `min_stok` int(11) NOT NULL,
  `max_stok` int(11) NOT NULL,
  `kubikasi` double NOT NULL,
  `kg` double NOT NULL,
  `aktif` enum('Y','N') NOT NULL DEFAULT 'N',
  `created_at` timestamp NULL DEFAULT NULL,
  `updated_at` timestamp NULL DEFAULT NULL
) ENGINE=InnoDB DEFAULT CHARSET=latin1;

--
-- Dumping data for table `barang`
--

INSERT INTO `barang` (`kode`, `nama`, `id_kategori`, `qty`, `satuan`, `harga`, `min_stok`, `max_stok`, `kubikasi`, `kg`, `aktif`, `created_at`, `updated_at`) VALUES
('1100000001', 'ACC SOFA RUMBAI BANTAL HIJAU', 1, 171, 'ROLL', 0, 0, 0, 0, 0, 'Y', NULL, NULL),
('1100000002', 'ACC SOFA RUMBAI BANTAL MERAH', 1, 330, 'ROLL', 0, 0, 0, 0, 0, 'Y', NULL, NULL),
('1100000012', 'ACC SOFA RUMBAI BANTAL COKLAT', 1, 339, 'ROLL', 0, 0, 0, 0, 0, 'Y', NULL, NULL),
('1100000018', 'ACC SOFA RUMBAI BANTAL KUNING', 1, 91, 'ROLL', 0, 0, 0, 0, 0, 'Y', NULL, NULL),
('1100100000', 'ACC BED BAUT SAKURA BESAR', 1, 8500, 'PCS', 0, 0, 0, 0, 0, 'Y', NULL, NULL),
('1100104300', 'ACC BED BAUT SAKURA BESAR 10 CM', 1, 0, 'PCS', 0, 0, 0, 0, 0, 'Y', NULL, NULL),
('1100200000', 'ACC BED BAUT SAKURA KECIL', 1, 20000, 'PCS', 0, 0, 0, 0, 0, 'Y', NULL, NULL),
('1100300005(06)', 'ACC BED LOBANG ANGIN AMERICAN PILLO', 1, 0, 'PCS', 0, 0, 0, 0, 0, 'Y', NULL, NULL),
('1100300104', 'ACC BED LOBANG ANGIN PINK BESAR', 1, 0, 'PCS', 0, 0, 0, 0, 0, 'Y', NULL, NULL),
('1100300109(21)', 'ACC BED LOBANG ANGIN GOLD BESAR (BINTANG)', 1, 0, 'PCS', 0, 0, 0, 0, 0, 'Y', NULL, NULL),
('1100300200', 'ACC BED LOBANG ANGIN GOLD KECIL', 1, 0, 'PCS', 0, 0, 0, 0, 0, 'Y', NULL, NULL),
('1100300409', 'ACC BED LOBANG ANGIN EMAS ELEGANT', 1, 30000, 'PCS', 0, 0, 0, 0, 0, 'Y', NULL, NULL),
('1100300500', 'ACC BED LOBANG ANGIN GOLD RB', 1, 16630, 'PCS', 0, 0, 0, 0, 0, 'Y', NULL, NULL),
('1100300600(11)', 'ACC BED LOBANG ANGIN MATRES EKA', 1, 0, 'PCS', 0, 0, 0, 0, 0, 'Y', NULL, NULL),
('1100300700', 'ACC BED LOBANG ANGIN PUTIH PINK', 1, 10000, 'PCS', 0, 0, 0, 0, 0, 'Y', NULL, NULL),
('1100300700-KCL', 'ACC BED LOBANG ANGIN PUTIH KECIL', 1, 10000, 'PCS', 0, 0, 0, 0, 0, 'Y', NULL, NULL),
('1100300703', 'ACC BED LOBANG ANGIN PUTIH BIRU', 1, 24000, 'PCS', 0, 0, 0, 0, 0, 'Y', NULL, NULL),
('1100300707', 'ACC BED LOBANG ANGIN PUTIH CREAM', 1, 18000, 'PCS', 0, 0, 0, 0, 0, 'Y', NULL, NULL),
('1100300709', 'ACC BED LOBANG ANGIN PUTIH GOLD', 1, 48500, 'PCS', 0, 0, 0, 0, 0, 'Y', NULL, NULL),
('1100300809(11)', 'ACC BED LOBANG ANGIN PUTIH GOLD (EKA)', 1, 39200, 'PCS', 0, 0, 0, 0, 0, 'Y', NULL, NULL),
('1100300900', 'ACC BED LOBANG ANGIN PUTIH SILVER', 1, 0, 'PCS', 0, 0, 0, 0, 0, 'Y', NULL, NULL),
('1100400005', 'ACC BED PLASTIK SUDUT PUTIH', 1, 151300, 'PCS', 0, 0, 0, 0, 0, 'Y', NULL, NULL),
('1100400010', 'ACC BED PLASTIK SUDUT HITAM', 1, 0, 'PCS', 0, 0, 0, 0, 0, 'Y', NULL, NULL),
('1100400012', 'ACC BED PLASTIK SUDUT COKLAT', 1, 5100, 'PCS', 0, 0, 0, 0, 0, 'Y', NULL, NULL),
('1100402109', 'ACC BED PLASTIK SUDUT EMAS 22K', 1, 10191, 'PCS', 0, 0, 0, 0, 0, 'Y', NULL, NULL),
('1100402132', 'ACC BED PLASTIK SUDUT SILVER 22K', 1, 3300, 'PCS', 0, 0, 0, 0, 0, 'Y', NULL, NULL),
('1100501000', 'ACC BED TIANG SANDARAN PLASTIK', 1, 0, 'PCS', 0, 0, 0, 0, 0, 'Y', NULL, NULL),
('1100602200', 'ACC BED T-NUT DIAMETER 1/4', 1, 0, 'PCS', 0, 0, 0, 0, 0, 'Y', NULL, NULL),
('1100700100', 'ACC SOFA ENGSEL BESAR', 1, 400, 'SET', 0, 0, 0, 0, 0, 'Y', NULL, NULL),
('1100700200', 'ACC SOFA ENGSEL KECIL', 1, 60, 'SET', 0, 0, 0, 0, 0, 'Y', NULL, NULL),
('1100801100', 'ACC SOFA KANCING 32/100', 1, 0, 'PAK', 0, 0, 0, 0, 0, 'Y', NULL, NULL),
('1100801200', 'ACC SOFA KANCING 36/100', 1, 0, 'PAK', 0, 0, 0, 0, 0, 'Y', NULL, NULL),
('1100801300', 'ACC SOFA KANCING CRYSTAL KACA 20 MM', 1, 151722, 'PCS', 0, 0, 0, 0, 0, 'Y', NULL, NULL),
('1100801400', 'ACC SOFA KANCING CRYSTAL KACA 25 MM', 1, 19418, 'PCS', 0, 0, 0, 0, 0, 'Y', NULL, NULL),
('1100801500', 'ACC SOFA KANCING CRYSTAL PLASTIC 20 MM', 1, 0, 'PCS', 0, 0, 0, 0, 0, 'Y', NULL, NULL),
('1100801600', 'ACC SOFA KANCING CRYSTAL PLASTIC 25 MM', 1, 0, 'PCS', 0, 0, 0, 0, 0, 'Y', NULL, NULL),
('1100804700', 'ACC SOFA KANCING CRYSTAL PLASTIK 22MM', 1, 351000, 'PCS', 0, 0, 0, 0, 0, 'Y', NULL, NULL),
('1100901709-BSR', 'ACC SOFA ORNAMEN BUNGA EMAS BESAR', 1, 0, 'PCS', 0, 0, 0, 0, 0, 'Y', NULL, NULL),
('1100901800-BSR', 'ACC SOFA ORNAMEN VERSACE BESAR', 1, 0, 'PCS', 0, 0, 0, 0, 0, 'Y', NULL, NULL),
('1101001901', 'ACC SOFA PAKU 10 MM HIJAU', 1, 800, 'PAK', 0, 0, 0, 0, 0, 'Y', NULL, NULL),
('1101001909', 'ACC SOFA PAKU 10 MM GOLD', 1, 1000, 'PAK', 0, 0, 0, 0, 0, 'Y', NULL, NULL),
('1101001934', 'ACC SOFA PAKU 10 MM MATA KUCING', 1, 1800, 'PAK', 0, 0, 0, 0, 0, 'Y', NULL, NULL),
('1101001935', 'ACC SOFA PAKU 10 MM TEMBAGA', 1, 650, 'PAK', 0, 0, 0, 0, 0, 'Y', NULL, NULL),
('1101002009', 'ACC SOFA PAKU 18 MM GOLD', 1, 0, 'PAK', 0, 0, 0, 0, 0, 'Y', NULL, NULL),
('1101002034', 'ACC SOFA PAKU 18 MM MATA KUCING', 1, 150, 'PAK', 0, 0, 0, 0, 0, 'Y', NULL, NULL),
('1101002035', 'ACC SOFA PAKU 18 MM TEMBAGA', 1, 0, 'PAK', 0, 0, 0, 0, 0, 'Y', NULL, NULL),
('1101100001', 'ACC SOFA TALI KUR HIJAU', 1, 200, 'ROLL', 0, 0, 0, 0, 0, 'Y', NULL, NULL),
('1101100002', 'ACC SOFA TALI KUR MERAH', 1, 680, 'ROLL', 0, 0, 0, 0, 0, 'Y', NULL, NULL),
('1101100010', 'ACC SOFA TALI KUR HITAM', 1, 0, 'ROLL', 0, 0, 0, 0, 0, 'Y', NULL, NULL),
('1101100012', 'ACC SOFA TALI KUR COKLAT', 1, 280, 'ROLL', 0, 0, 0, 0, 0, 'Y', NULL, NULL),
('1101100018', 'ACC SOFA TALI KUR KUNING', 1, 140, 'ROLL', 0, 0, 0, 0, 0, 'Y', NULL, NULL),
('1101100033', 'ACC SOFA TALI KUR BIRU MAS', 1, 160, 'ROLL', 0, 0, 0, 0, 0, 'Y', NULL, NULL),
('1101202300', 'ACK PLAT RING BULAT (SUSU) 3/8\"', 1, 55900, 'PCS', 0, 0, 0, 0, 0, 'Y', NULL, NULL),
('1101302200', 'ACK PLAT RING KOTAK KECIL 1/4\"', 1, 10278, 'PCS', 0, 0, 0, 0, 0, 'Y', NULL, NULL),
('1101302300', 'ACK PLAT RING KOTAK 3/8\"', 1, 143957, 'PCS', 0, 0, 0, 0, 0, 'Y', NULL, NULL),
('1101402400', 'ACK PLAT SANDARAN U', 1, 0, 'PCS', 0, 0, 0, 0, 0, 'Y', NULL, NULL),
('1101502500', 'ACK PLAT SIKU L', 1, 8000, 'PCS', 0, 0, 0, 0, 0, 'Y', NULL, NULL),
('1101602600(11)', 'ACK STABIL KAYU SPRING BED EKA 03', 1, 0, 'PCS', 0, 0, 0, 0, 0, 'Y', NULL, NULL),
('1101602700(11)', 'ACK STABIL KAYU SPRING BED EKA 08', 1, 0, 'PCS', 0, 0, 0, 0, 0, 'Y', NULL, NULL),
('1101700000', 'ACK STABIL PLASTIC 10 CM QUEEN', 1, 0, 'PCS', 0, 0, 0, 0, 0, 'Y', NULL, NULL),
('1101700005', 'ACK STABIL PLASTIC 10 CM PUTIH', 1, 7400, 'PCS', 0, 0, 0, 0, 0, 'Y', NULL, NULL),
('1101700009', 'ACK STABIL PLASTIC 10 CM EMAS', 1, 4000, 'PCS', 0, 0, 0, 0, 0, 'Y', NULL, NULL),
('1101700032', 'ACK STABIL PLASTIC 10 CM SILVER', 1, 722, 'PCS', 0, 0, 0, 0, 0, 'Y', NULL, NULL),
('1101702800', 'ACK STABIL PLASTIC 10 CM KOTAK RS BESAR', 1, 1692, 'PCS', 0, 0, 0, 0, 0, 'Y', NULL, NULL),
('1101702900', 'ACK STABIL PLASTIC 10 CM KOTAK RS KECIL', 1, 2072, 'PCS', 0, 0, 0, 0, 0, 'Y', NULL, NULL),
('1101800000', 'ACK STABIL PLASTIC 11 CM', 1, 20200, 'PCS', 0, 0, 0, 0, 0, 'Y', NULL, NULL),
('1101900000(52)', 'ACK STABIL PLASTIC 12 CM AW', 1, 6560, 'PCS', 0, 0, 0, 0, 0, 'Y', NULL, NULL),
('1101900000(53)', 'ACK STABIL PLASTIC 12 CM DV', 1, 0, 'PCS', 0, 0, 0, 0, 0, 'Y', NULL, NULL),
('1101900005', 'ACK STABIL PLASTIK 12.5 PUTIH', 1, 5120, 'PCS', 0, 0, 0, 0, 0, 'Y', NULL, NULL),
('1101900009', 'ACK STABIL PLASTIC 12.5 CM EMAS', 1, 480, 'PCS', 0, 0, 0, 0, 0, 'Y', NULL, NULL),
('1101900032', 'ACK STABIL PLASTIC 12.5 CM SILVER', 1, 4000, 'PCS', 0, 0, 0, 0, 0, 'Y', NULL, NULL),
('1101903700', 'ACK STABIL PLASTIK 12.5 (TANPA DOP EMAS)', 1, 0, 'PCS', 0, 0, 0, 0, 0, 'Y', NULL, NULL),
('1102000009', 'ACK STABIL PLASTIC 6 CM EMAS', 1, 5100, 'PCS', 0, 0, 0, 0, 0, 'Y', NULL, NULL),
('1102003000', 'ACK STABIL PLASTIC 6 CM KOTAK MINI', 1, 0, 'PCS', 0, 0, 0, 0, 0, 'Y', NULL, NULL),
('1102003100', 'ACK STABIL PLASTIC 6 CM MANGKOK', 1, 31750, 'PCS', 0, 0, 0, 0, 0, 'Y', NULL, NULL),
('1102003200', 'ACK STABIL PLASTIC 6 CM RODA CASTER', 1, 19000, 'PCS', 0, 0, 0, 0, 0, 'Y', NULL, NULL),
('1102103300', 'ACK STABIL PLASTIC 8 CM BELIMBING', 1, 100, 'PCS', 0, 0, 0, 0, 0, 'Y', NULL, NULL),
('1102103400', 'ACK STABIL PLASTIC 8 CM KOTAK', 1, 11200, 'PCS', 0, 0, 0, 0, 0, 'Y', NULL, NULL),
('1102103500-@100', 'ACK STABIL PLASTIC 8 CM KOTAK PYRAMID @100 PCS', 1, 0, 'PCS', 0, 0, 0, 0, 0, 'Y', NULL, NULL),
('1102103600-@056', 'ACK STABIL PLASTIC 8 CM KOTAK TS @56 PCS', 1, 1848, 'PCS', 0, 0, 0, 0, 0, 'Y', NULL, NULL),
('1102200000', 'ACK STABIL PLASTIC 9 CM', 1, 9800, 'PCS', 0, 0, 0, 0, 0, 'Y', NULL, NULL),
('1102200000-@150', 'ACK STABIL PLASTIC 9 CM LIST EMAS @150 PCS', 1, 0, 'PCS', 0, 0, 0, 0, 0, 'Y', NULL, NULL),
('1102303800', 'ACK STABIL STAINLESS 10 CM KAKI 2 MIRING TAPAK BESAR', 1, 1680, 'PCS', 0, 0, 0, 0, 0, 'Y', NULL, NULL),
('1102303900', 'ACK STABIL STAINLESS 10 CM TAPAK BESAR ', 1, 0, 'PCS', 0, 0, 0, 0, 0, 'Y', NULL, NULL),
('1102403800', 'ACK STABIL STAINLESS 8 CM KAKI 2 MIRING TAPAK BESAR', 1, 5640, 'PCS', 0, 0, 0, 0, 0, 'Y', NULL, NULL),
('1102403900', 'ACK STABIL STAINLESS 8 CM TAPAK BESAR', 1, 0, 'PCS', 0, 0, 0, 0, 0, 'Y', NULL, NULL),
('1102404000', 'ACK STABIL STAINLESS 8 CM PIALA', 1, 0, 'PCS', 0, 0, 0, 0, 0, 'Y', NULL, NULL),
('1102404100', 'ACK STABIL STAINLESS 8 CM TAPAK KECIL', 1, 192360, 'PCS', 0, 0, 0, 0, 0, 'Y', NULL, NULL),
('1102504200', 'ACK STABIL STAINLESS 9 CM PILAR', 1, 3840, 'PCS', 0, 0, 0, 0, 0, 'Y', NULL, NULL),
('1102600100', 'ACK STABIL STAINLESS ELBOW BESAR', 1, 0, 'PCS', 0, 0, 0, 0, 0, 'Y', NULL, NULL),
('1102704400', 'ACC LEM KUNING BLITZ', 1, 90, 'BLEK', 0, 0, 0, 0, 0, 'Y', NULL, NULL),
('1102704400-E02F', 'ACC LEM KUNING BLITZ @2 KG', 1, 0, 'BLEK', 0, 0, 0, 0, 0, 'Y', NULL, NULL),
('1102704500', 'ACC LEM KUNING JABOND @2 KG', 1, 0, 'BLEK', 0, 0, 0, 0, 0, 'Y', NULL, NULL),
('1102704600-E09F', 'ACC LEM KUNING SUPER BOND 15 H', 1, 8, 'BLEK', 0, 0, 0, 0, 0, 'Y', NULL, NULL),
('1102704600-E10K', 'ACC LEM KUNING SUPER BOND 15 HH', 1, 0, 'BLEK', 0, 0, 0, 0, 0, 'Y', NULL, NULL),
('1102800000-3202', 'ACC LEM LATEX B @20 LTR', 1, 0, 'LTR', 0, 0, 0, 0, 0, 'Y', NULL, NULL),
('1102800000-E05Z', 'ACC LEM LATEX B @5 LTR', 1, 0, 'LTR', 0, 0, 0, 0, 0, 'Y', NULL, NULL),
('1102800000-E19Z', 'ACC LEM LATEX B @19 LTR', 1, 570, 'LTR', 0, 0, 0, 0, 0, 'Y', NULL, NULL),
('1102900010(70)', 'ACC BED RESLETING BADAN PAROT HITAM', 1, 1, 'ROLL', 0, 0, 0, 0, 0, 'Y', NULL, NULL),
('1102900010(71)', 'ACC BED RESLETING BADAN YKK HITAM', 1, 1, 'ROLL', 0, 0, 0, 0, 0, 'Y', NULL, NULL),
('1102904800(69)', 'ACK STABIL KAYU MIRING 15 CM NAT-CHOCO', 1, 298, 'PCS', 0, 0, 0, 0, 0, 'Y', NULL, NULL),
('1102904900(69)', 'ACK STABIL KAYU MIRING 20 CM NAT-CHOCO', 1, 298, 'PCS', 0, 0, 0, 0, 0, 'Y', NULL, NULL),
('1103000010(70)', 'ACC BED RESLETING KEPALA PAROT HITAM', 1, 1, 'BOX', 0, 0, 0, 0, 0, 'Y', NULL, NULL),
('1103000010(71)', 'ACC BED RESLETING KEPALA YKK HITAM', 1, 1, 'BOX', 0, 0, 0, 0, 0, 'Y', NULL, NULL),
('1103005000(70)', 'ACK STABIL STAINLESS BABI 9 CM TAPAK HITAM', 1, 838, 'PCS', 0, 0, 0, 0, 0, 'Y', NULL, NULL),
('1103104100', 'ACK STABIL STAINLESS BABI 9 CM TAPAK KECIL', 1, 10000, 'PCS', 0, 0, 0, 0, 0, 'Y', NULL, NULL),
('1104000000', 'ACC LEM SEMPROT ', 1, 0, 'BLEK', 0, 0, 0, 0, 0, 'Y', NULL, NULL),
('1104000000(71)', 'ACC LEM SEMPROT RS', 1, 5, 'BLEK', 0, 0, 0, 0, 0, 'Y', NULL, NULL),
('1104104800(69)', 'ACK STABIL KAYU KERUCUT 15 CM NAT-CHOCO', 1, 398, 'PCS', 0, 0, 0, 0, 0, 'Y', NULL, NULL),
('1104104900(69)', 'ACK STABIL KAYU KERUCUT 20 CM NAT-CHOCO', 1, 298, 'PCS', 0, 0, 0, 0, 0, 'Y', NULL, NULL),
('1104105100(69)', 'ACK STABIL KAYU KERUCUT 12 CM NAT-CHOCO', 1, 448, 'PCS', 0, 0, 0, 0, 0, 'Y', NULL, NULL),
('1200100600', 'HDP ABNP 2MM 1.65X2.05 M', 3, 0, 'LBR', 0, 0, 0, 0, 0, 'Y', NULL, NULL),
('1200100700', 'HDP ABNP 2MM 1.85X2.05 M', 3, 0, 'LBR', 0, 0, 0, 0, 0, 'Y', NULL, NULL),
('1200200100', 'HDP ABNP 3MM 0.95X2.05 M', 3, 0, 'LBR', 0, 0, 0, 0, 0, 'Y', NULL, NULL),
('1200200200', 'HDP ABNP 3MM 1.05X2.05 M', 3, 0, 'LBR', 0, 0, 0, 0, 0, 'Y', NULL, NULL),
('1200200300', 'HDP ABNP 3MM 1.25X2.05 M', 3, 175, 'LBR', 0, 0, 0, 0, 0, 'Y', NULL, NULL),
('1200200300(05)', 'HDP ABNP 3MM 1.25X2.05 M (CS)', 3, 0, 'LBR', 0, 0, 0, 0, 0, 'Y', NULL, NULL),
('1200200400', 'HDP ABNP 3MM 1.35X2.05 M', 3, 0, 'LBR', 0, 0, 0, 0, 0, 'Y', NULL, NULL),
('1200200500', 'HDP ABNP 3MM 1.45X2.05 M', 3, 50, 'LBR', 0, 0, 0, 0, 0, 'Y', NULL, NULL),
('1200200600', 'HDP ABNP 3MM 1.65X2.05 M', 3, 350, 'LBR', 0, 0, 0, 0, 0, 'Y', NULL, NULL),
('1200200600(05)', 'HDP ABNP 3MM 1.65X2.05 M (CS)', 3, 0, 'LBR', 0, 0, 0, 0, 0, 'Y', NULL, NULL),
('1200200700', 'HDP ABNP 3MM 1.85X2.05 M', 3, 0, 'LBR', 0, 0, 0, 0, 0, 'Y', NULL, NULL),
('1200200700(05)', 'HDP ABNP 3MM 1.85X2.05 M (CS)', 3, 0, 'LBR', 0, 0, 0, 0, 0, 'Y', NULL, NULL),
('1200200800', 'HDP ABNP 3MM ROLL @50 M', 3, 200, 'MTR', 0, 0, 0, 0, 0, 'Y', NULL, NULL),
('1200201000', 'HDP ABNP 3MM 2.05X2.05 M', 3, 0, 'LBR', 0, 0, 0, 0, 0, 'Y', NULL, NULL),
('1200201200', 'HDP ABNP 3MM 1.55X2.05 M', 3, 0, 'LBR', 0, 0, 0, 0, 0, 'Y', NULL, NULL),
('1200201400', 'HDP ABNP 3MM ROLL @100', 3, 0, 'MTR', 0, 0, 0, 0, 0, 'Y', NULL, NULL),
('1200201700', 'HDP ABNP 3MM 0.95X1.95 M', 3, 0, 'LBR', 0, 0, 0, 0, 0, 'Y', NULL, NULL),
('1200201800', 'HDP ABNP 3MM 1.55X1.95M', 3, 0, 'LBR', 0, 0, 0, 0, 0, 'Y', NULL, NULL),
('1200300000', 'HDP ABNP 5MM 1.55X2.05 M', 3, 0, 'LBR', 0, 0, 0, 0, 0, 'Y', NULL, NULL),
('1200300100', 'HDP ABNP 5MM 0.95X2.05 M', 3, 0, 'LBR', 0, 0, 0, 0, 0, 'Y', NULL, NULL),
('1200300200', 'HDP ABNP 5MM 1.05X2.05 M', 3, 0, 'LBR', 0, 0, 0, 0, 0, 'Y', NULL, NULL),
('1200300300', 'HDP ABNP 5MM 1.25X2.05 M', 3, 1640, 'LBR', 0, 0, 0, 0, 0, 'Y', NULL, NULL),
('1200300500', 'HDP ABNP 5MM 1.45X2.05 M', 3, 0, 'LBR', 0, 0, 0, 0, 0, 'Y', NULL, NULL),
('1200300600', 'HDP ABNP 5MM 1.65X2.05 M', 3, 1140, 'LBR', 0, 0, 0, 0, 0, 'Y', NULL, NULL),
('1200300700', 'HDP ABNP 5MM 1.85X2.05 M', 3, 1260, 'LBR', 0, 0, 0, 0, 0, 'Y', NULL, NULL),
('1200300900', 'HDP ABNP 5MM ROLL @25 M', 3, 75, 'MTR', 0, 0, 0, 0, 0, 'Y', NULL, NULL),
('1200303400', 'HDP ABNP 5MM 1.16X2.05 M', 3, 0, 'LBR', 0, 0, 0, 0, 0, 'Y', NULL, NULL),
('1200303500', 'HDP ABNP 5MM 1.56X2.05 M', 3, 0, 'LBR', 0, 0, 0, 0, 0, 'Y', NULL, NULL),
('1200303600', 'HDP ABNP 5MM 1.76X2.05 M', 3, 0, 'LBR', 0, 0, 0, 0, 0, 'Y', NULL, NULL),
('1200303700', 'HDP ABNP 5MM 198X158 M', 3, 0, 'LBR', 0, 0, 0, 0, 0, 'Y', NULL, NULL),
('1200303800', 'HDP ABNP 5MM 1.78X1.98 M', 3, 0, 'LBR', 0, 0, 0, 0, 0, 'Y', NULL, NULL),
('1200303900', 'HDP ABNP 5MM 1.38X1.98 M', 3, 0, 'LBR', 0, 0, 0, 0, 0, 'Y', NULL, NULL),
('1200400700', 'HDP CSA 10MM 1.85X2.05 M', 3, 30, 'LBR', 0, 0, 0, 0, 0, 'Y', NULL, NULL),
('1200500300', 'HDP CS ABU 4MM 1.25X2.05 M', 3, 0, 'LBR', 0, 0, 0, 0, 0, 'Y', NULL, NULL),
('1200600610', 'HDP CT HITAM 10MM 1.65X2.05 M', 3, 0, 'LBR', 0, 0, 0, 0, 0, 'Y', NULL, NULL),
('1200700210', 'HDP CT HITAM 10MM 1.05X2.05 M', 3, 0, 'LBR', 0, 0, 0, 0, 0, 'Y', NULL, NULL),
('1200700310', 'HDP CT HITAM 10MM 1.25X2.05 M', 3, 20, 'LBR', 0, 0, 0, 0, 0, 'Y', NULL, NULL),
('1200700710', 'HDP CT HITAM 10MM 1.85X2.05 M', 3, 0, 'LBR', 0, 0, 0, 0, 0, 'Y', NULL, NULL),
('1200800310', 'HDP CT HITAM 2MM 1.25X2.05 M', 3, 0, 'LBR', 0, 0, 0, 0, 0, 'Y', NULL, NULL),
('1200900210', 'HDP CT HITAM 5MM 1.05X2.05 M', 3, 300, 'LBR', 0, 0, 0, 0, 0, 'Y', NULL, NULL),
('1200900310', 'HDP CT HITAM 5MM 1.25X2.05 M', 3, 1164, 'LBR', 0, 0, 0, 0, 0, 'Y', NULL, NULL),
('1200900510', 'HDP CT HITAM 5MM 1.45X2.05 M', 3, 852, 'LBR', 0, 0, 0, 0, 0, 'Y', NULL, NULL),
('1200900610', 'HDP CT HITAM 5MM 1.65X2.05 M', 3, 1440, 'LBR', 0, 0, 0, 0, 0, 'Y', NULL, NULL),
('1200900710', 'HDP CT HITAM 5MM 1.85X2.05 M', 3, 1044, 'LBR', 0, 0, 0, 0, 0, 'Y', NULL, NULL),
('1200901010', 'HDP CT HITAM 5MM 2.05X2.05 M', 3, 0, 'LBR', 0, 0, 0, 0, 0, 'Y', NULL, NULL),
('1200901110', 'HDP CT HITAM 5MM ROLL @30 M', 3, 1230, 'MTR', 0, 0, 0, 0, 0, 'Y', NULL, NULL),
('1200902410', 'HDP CT HITAM 5MM 2.40X2.05 M', 3, 0, 'LBR', 0, 0, 0, 0, 0, 'Y', NULL, NULL),
('1201000110', 'HDP CT HITAM 7MM 0.95X2.05 M', 3, 324, 'LBR', 0, 0, 0, 0, 0, 'Y', NULL, NULL),
('1201000210', 'HDP CT HITAM 7MM 1.05X2.05 M', 3, 480, 'LBR', 0, 0, 0, 0, 0, 'Y', NULL, NULL),
('1201000310', 'HDP CT HITAM 7MM 1.25X2.05 M', 3, 300, 'LBR', 0, 0, 0, 0, 0, 'Y', NULL, NULL),
('1201000510', 'HDP CT HITAM 7MM 1.45X2.05 M', 3, 144, 'LBR', 0, 0, 0, 0, 0, 'Y', NULL, NULL),
('1201000610', 'HDP CT HITAM 7MM 1.65X2.05 M', 3, 672, 'LBR', 0, 0, 0, 0, 0, 'Y', NULL, NULL),
('1201000710', 'HDP CT HITAM 7MM 1.85 X 2.05 M', 3, 746, 'LBR', 0, 0, 0, 0, 0, 'Y', NULL, NULL),
('1201001010', 'HDP CT HITAM 7MM 2.05 X 2.05M', 3, 0, 'LBR', 0, 0, 0, 0, 0, 'Y', NULL, NULL),
('1201001110', 'HDP CT HITAM 7MM ROLL @30 M', 3, 690, 'MTR', 0, 0, 0, 0, 0, 'Y', NULL, NULL),
('1201001210', 'HDP CT HITAM 7MM 1.55X2.05 M', 3, 0, 'LBR', 0, 0, 0, 0, 0, 'Y', NULL, NULL),
('1201001610', 'HDP CT HITAM 7MM 1.60X2.05 M', 3, 0, 'LBR', 0, 0, 0, 0, 0, 'Y', NULL, NULL),
('1201002710', 'HDP CT HITAM 7MM 1.40 X 2.05 M', 3, 0, 'LBR', 0, 0, 0, 0, 0, 'Y', NULL, NULL),
('1201002910', 'HDP CT HITAM 7MM 1.80 X 2.05 M', 3, 0, 'LBR', 0, 0, 0, 0, 0, 'Y', NULL, NULL),
('1201100010', 'HDP CT HITAM 7MM PLUS 1.19X1.99M', 3, 0, 'LBR', 0, 0, 0, 0, 0, 'Y', NULL, NULL),
('1201100110', 'HDP CT HITAM 7MM PLUS 0.95X2.05 M', 3, 0, 'LBR', 0, 0, 0, 0, 0, 'Y', NULL, NULL),
('1201100210', 'HDP CT HITAM 7MM PLUS 1.05X2.05 M', 3, 108, 'LBR', 0, 0, 0, 0, 0, 'Y', NULL, NULL),
('1201100310', 'HDP CT HITAM 7MM PLUS 1.25X2.05 M', 3, 660, 'LBR', 0, 0, 0, 0, 0, 'Y', NULL, NULL),
('1201100510', 'HDP CT HITAM 7MM PLUS 1.45X2.05 M', 3, 1008, 'LBR', 0, 0, 0, 0, 0, 'Y', NULL, NULL),
('1201100610', 'HDP CT HITAM 7MM PLUS 1.65X2.05 M', 3, 994, 'LBR', 0, 0, 0, 0, 0, 'Y', NULL, NULL),
('1201100710', 'HDP CT HITAM 7MM PLUS 1.85X2.05 M', 3, 540, 'LBR', 0, 0, 0, 0, 0, 'Y', NULL, NULL),
('1201101010', 'HDP CT HITAM 7MM PLUS 2.05X2.05 M', 3, 0, 'LBR', 0, 0, 0, 0, 0, 'Y', NULL, NULL),
('1201101110', 'HDP CT HITAM 7MM PLUS ROLL @30 M', 3, 1560, 'MTR', 0, 0, 0, 0, 0, 'Y', NULL, NULL),
('1201101210', 'HDP CT HITAM 7MM PLUS 1.55X2.05 M', 3, 0, 'LBR', 0, 0, 0, 0, 0, 'Y', NULL, NULL),
('1201101910', 'HDP CT HITAM 7MM PLUS 0.99X1.99M', 3, 0, 'LBR', 0, 0, 0, 0, 0, 'Y', NULL, NULL),
('1201102110', 'HDP CT HITAM 7MM PLUS 1.59X1.99M', 3, 0, 'LBR', 0, 0, 0, 0, 0, 'Y', NULL, NULL),
('1201102210', 'HDP CT HITAM 7MM PLUS 1.79X1.99M', 3, 0, 'LBR', 0, 0, 0, 0, 0, 'Y', NULL, NULL),
('1201200100', 'HDP CTL 6MM 0.95X2.05 M', 3, 0, 'LBR', 0, 0, 0, 0, 0, 'Y', NULL, NULL),
('1201200200', 'HDP CTL 6MM 1.05X2.05 M', 3, 0, 'LBR', 0, 0, 0, 0, 0, 'Y', NULL, NULL),
('1201200300', 'HDP CTL 6MM 1.25X2.05 M', 3, 0, 'LBR', 0, 0, 0, 0, 0, 'Y', NULL, NULL),
('1201200500', 'HDP CTL 6MM 1.45X2.05 M', 3, 0, 'LBR', 0, 0, 0, 0, 0, 'Y', NULL, NULL),
('1201200600', 'HDP CTL 6MM 1.65X2.05 M', 3, 0, 'LBR', 0, 0, 0, 0, 0, 'Y', NULL, NULL),
('1201200700', 'HDP CTL 6MM 1.85X2.05 M', 3, 0, 'LBR', 0, 0, 0, 0, 0, 'Y', NULL, NULL),
('1201301300', 'HDP DACRON 305 10 OZ 210 CM', 3, 0, 'KG', 0, 0, 0, 0, 0, 'Y', NULL, NULL),
('1201401300', 'HDP DACRON 305 4 OZ 210 CM', 3, 0, 'KG', 0, 0, 0, 0, 0, 'Y', NULL, NULL),
('1201501300', 'HDP DACRON 305 8 OZ 210CM', 3, 0, 'KG', 0, 0, 0, 0, 0, 'Y', NULL, NULL),
('1201600000', 'HDP DACRON SUPER EXTRA @20 KG', 3, 0, 'KG', 0, 0, 0, 0, 0, 'Y', NULL, NULL),
('1201602500', 'HDP DACRON SUPER EXTRA @25 KG', 3, 0, 'KG', 0, 0, 0, 0, 0, 'Y', NULL, NULL),
('1201701600', 'HDP FOAM 3CM 450 200X160', 3, 0, 'LBR', 0, 0, 0, 0, 0, 'Y', NULL, NULL),
('1201800100', 'HDP GLASS WOLL 3MM 0.95X2.05 M', 3, 0, 'LBR', 0, 0, 0, 0, 0, 'Y', NULL, NULL),
('1201800200', 'HDP GLASS WOLL 3MM 1.05X2.05 M', 3, 0, 'LBR', 0, 0, 0, 0, 0, 'Y', NULL, NULL),
('1201800300', 'HDP GLASS WOLL 3MM 1.25X2.05 M', 3, 0, 'LBR', 0, 0, 0, 0, 0, 'Y', NULL, NULL),
('1201800300(01)', 'HDP GLASS WOLL ABNP 3MM 1.25X2.05 M ', 3, 0, 'LBR', 0, 0, 0, 0, 0, 'Y', NULL, NULL),
('1201800300(04)', 'HDP GLASS WOLL 3MM 1.25X2.05 M (BMS)', 3, 760, 'LBR', 0, 0, 0, 0, 0, 'Y', NULL, NULL),
('1201800500', 'HDP GLASS WOLL 3MM 1.45X2.05 M', 3, 0, 'LBR', 0, 0, 0, 0, 0, 'Y', NULL, NULL),
('1201800500(04)', 'HDP GLASS WOLL 3MM 1.45X2.05 M (BMS)', 3, 200, 'LBR', 0, 0, 0, 0, 0, 'Y', NULL, NULL),
('1201800600', 'HDP GLASS WOLL 3MM 1.65X2.05 M', 3, 280, 'LBR', 0, 0, 0, 0, 0, 'Y', NULL, NULL),
('1201800600(01)', 'HDP GLASS WOLL ABNP 3MM 1.65X2.05 M', 3, 50, 'LBR', 0, 0, 0, 0, 0, 'Y', NULL, NULL),
('1201800600(04)', 'HDP GLASS WOLL 3MM 1.65X2.05 M (BMS)', 3, 400, 'LBR', 0, 0, 0, 0, 0, 'Y', NULL, NULL),
('1201800700', 'HDP GLASS WOLL 3MM 1.85X2.05 M', 3, 0, 'LBR', 0, 0, 0, 0, 0, 'Y', NULL, NULL),
('1201800700(01)', 'HDP GLASS WOLL ABNP 3MM 1.85X2.05 M ', 3, 0, 'LBR', 0, 0, 0, 0, 0, 'Y', NULL, NULL),
('1201800700(04)', 'HDP GLASS WOLL 3MM 1.85X2.05 M (BMS)', 3, 1200, 'LBR', 0, 0, 0, 0, 0, 'Y', NULL, NULL),
('1201800900', 'HDP GLASS WOLL 3MM ROLL @50 M', 3, 0, 'MTR', 0, 0, 0, 0, 0, 'Y', NULL, NULL),
('1201800900(01)', 'HDP GLASS WOLL ABNP 3MM ROLL @50 M', 3, 0, 'MTR', 0, 0, 0, 0, 0, 'Y', NULL, NULL),
('1201800900(04)', 'HDP GLASS WOLL 3MM ROLL @50 M (BMS)', 3, 0, 'MTR', 0, 0, 0, 0, 0, 'Y', NULL, NULL),
('1201801200', 'HDP GLASS WOLL 3MM 1.55X2.05 M', 3, 0, 'LBR', 0, 0, 0, 0, 0, 'Y', NULL, NULL),
('1201900100', 'HDP GWPS 3MM 0.95X2.05 M', 3, 0, 'LBR', 0, 0, 0, 0, 0, 'Y', NULL, NULL),
('1201900200', 'HDP GWPS 3MM 1.05X2.05 M', 3, 75, 'LBR', 0, 0, 0, 0, 0, 'Y', NULL, NULL),
('1201900300', 'HDP GWPS 3MM 1.25X2.05 M', 3, 0, 'LBR', 0, 0, 0, 0, 0, 'Y', NULL, NULL),
('1201900500', 'HDP GWPS 3MM 1.45X2.05 M', 3, 0, 'LBR', 0, 0, 0, 0, 0, 'Y', NULL, NULL),
('1201900600', 'HDP GWPS 3MM 1.65X2.05 M', 3, 0, 'LBR', 0, 0, 0, 0, 0, 'Y', NULL, NULL),
('1201900700', 'HDP GWPS 3MM 1.85X2.05 M', 3, 325, 'LBR', 0, 0, 0, 0, 0, 'Y', NULL, NULL),
('1201900900', 'HDP GWPS 3MM ROLL @50 M', 3, 2750, 'MTR', 0, 0, 0, 0, 0, 'Y', NULL, NULL),
('1202000105', 'HDP HP 2MM PUTIH 0.95X1.95 M', 3, 0, 'LBR', 0, 0, 0, 0, 0, 'Y', NULL, NULL),
('1202000205', 'HDP HP 2MM PUTIH 1.05X2.05 M', 3, 50, 'LBR', 0, 0, 0, 0, 0, 'Y', NULL, NULL),
('1202000305', 'HDP HP 2MM PUTIH 1.25X2.05 M', 3, 1550, 'LBR', 0, 0, 0, 0, 0, 'Y', NULL, NULL),
('1202000505', 'HDP HP 2MM PUTIH 1.45X2.05 M', 3, 250, 'LBR', 0, 0, 0, 0, 0, 'Y', NULL, NULL),
('1202000605', 'HDP HP 2MM PUTIH 1.65X2.05 M', 3, 1975, 'LBR', 0, 0, 0, 0, 0, 'Y', NULL, NULL),
('1202000605(02)', 'HDP HP 2MM PUTIH BS 1.65X2.05 M ', 3, 0, 'LBR', 0, 0, 0, 0, 0, 'Y', NULL, NULL),
('1202000705', 'HDP HP 2MM PUTIH 1.85X2.05 M', 3, 5437, 'LBR', 0, 0, 0, 0, 0, 'Y', NULL, NULL),
('1202000705(02)', 'HDP HP 2MM PUTIH BS 1.85X2.05 M', 3, 0, 'LBR', 0, 0, 0, 0, 0, 'Y', NULL, NULL),
('1202000905', 'HDP HP 2MM PUTIH ROLL @50 M', 3, 1950, 'MTR', 0, 0, 0, 0, 0, 'Y', NULL, NULL),
('1202001205', 'HDP HP 2MM PUTIH 1.55X1.95 M', 3, 0, 'LBR', 0, 0, 0, 0, 0, 'Y', NULL, NULL),
('1202001505', 'HDP HP 2MM PUTIH 1.85X1.95 M', 3, 0, 'LBR', 0, 0, 0, 0, 0, 'Y', NULL, NULL),
('1202002305', 'HDP HP 2MM PUTIH 1.10X1.95 M', 3, 300, 'LBR', 0, 0, 0, 0, 0, 'Y', NULL, NULL),
('1202100700(03)', 'HDP HP 2MM MIX 1.85X2.05 M', 3, 0, 'LBR', 0, 0, 0, 0, 0, 'Y', NULL, NULL),
('1202101200', 'HDP HP 2 MM PUTIH 1.55X2.05 M', 3, 250, 'LBR', 0, 0, 0, 0, 0, 'Y', NULL, NULL),
('1202200305', 'HDP HP 3MM PUTIH 1.25X2.05 M', 3, 125, 'LBR', 0, 0, 0, 0, 0, 'Y', NULL, NULL),
('1202200505', 'HDP HP 3MM PUTIH 1.45X2.05 M', 3, 0, 'LBR', 0, 0, 0, 0, 0, 'Y', NULL, NULL),
('1202200605', 'HDP HP 3MM PUTIH 1.65X2.05 M', 3, 0, 'LBR', 0, 0, 0, 0, 0, 'Y', NULL, NULL),
('1202200705', 'HDP HP 3MM PUTIH 1.85X2.05 M', 3, 125, 'LBR', 0, 0, 0, 0, 0, 'Y', NULL, NULL),
('1202200905', 'HDP HP 3MM PUTIH ROLL @50 M', 3, 1750, 'MTR', 0, 0, 0, 0, 0, 'Y', NULL, NULL),
('1202301205', 'HDP HP 3MM PUTIH 1.55X1.95 M', 3, 0, 'LBR', 0, 0, 0, 0, 0, 'Y', NULL, NULL),
('1202400900', 'HDP HP 4MM ROLL @50 M', 3, 400, 'MTR', 0, 0, 0, 0, 0, 'Y', NULL, NULL),
('1202500900', 'HDP KARPET DASAR NM 803 @50 M', 3, 0, 'MTR', 0, 0, 0, 0, 0, 'Y', NULL, NULL),
('1202600900', 'HDP KARPET DASAR NM 805 @50 M', 3, 0, 'MTR', 0, 0, 0, 0, 0, 'Y', NULL, NULL),
('1202700900', 'HDP KARPET DASAR NM 806 @50 M', 3, 0, 'MTR', 0, 0, 0, 0, 0, 'Y', NULL, NULL),
('1202800900', 'HDP KARPET DASAR NM 807 @50 M', 3, 0, 'MTR', 0, 0, 0, 0, 0, 'Y', NULL, NULL),
('1202900206', 'HDP MALIWAT ABU 3MM 1.05X2.05 M', 3, 0, 'LBR', 0, 0, 0, 0, 0, 'Y', NULL, NULL),
('1202900306', 'HDP MALIWAT ABU 3MM 1.25X2.05 M', 3, 0, 'LBR', 0, 0, 0, 0, 0, 'Y', NULL, NULL),
('1202900506', 'HDP MALIWAT ABU 3MM 1.45X2.05 M', 3, 0, 'LBR', 0, 0, 0, 0, 0, 'Y', NULL, NULL),
('1202900606', 'HDP MALIWAT ABU 3MM 1.65X2.05 M', 3, 0, 'LBR', 0, 0, 0, 0, 0, 'Y', NULL, NULL),
('1202900706', 'HDP MALIWAT ABU 1.85X2.05 M', 3, 0, 'LBR', 0, 0, 0, 0, 0, 'Y', NULL, NULL),
('1202901406', 'HDP MALIWAT ABU ROLL @100 M', 3, 0, 'MTR', 0, 0, 0, 0, 0, 'Y', NULL, NULL),
('1203000100', 'HDP MALIWAT COATING 0.95X2.05 M', 3, 0, 'LBR', 0, 0, 0, 0, 0, 'Y', NULL, NULL),
('1203000200', 'HDP MALIWAT COATING 1.05X2.05 M', 3, 0, 'LBR', 0, 0, 0, 0, 0, 'Y', NULL, NULL),
('1203000900', 'HDP MALIWAT COATING @50 M', 3, 0, 'MTR', 0, 0, 0, 0, 0, 'Y', NULL, NULL),
('1203100900', 'HDP MALIWAT KAPAS ROLL @50 M', 3, 0, 'MTR', 0, 0, 0, 0, 0, 'Y', NULL, NULL),
('1203200200', 'HDP MALIWAT KERAS TEBAL 2MM 1.05X2.05 M', 3, 0, 'LBR', 0, 0, 0, 0, 0, 'Y', NULL, NULL),
('1203200300', 'HDP MALIWAT KERAS TEBAL 2MM 1.25X2.05 M', 3, 0, 'LBR', 0, 0, 0, 0, 0, 'Y', NULL, NULL),
('1203200600', 'HDP MALIWAT KERAS TEBAL 2MM 1.65X2.05 M', 3, 400, 'LBR', 0, 0, 0, 0, 0, 'Y', NULL, NULL),
('1203200700', 'HDP MALIWAT KERAS TEBAL 2MM 1.85X2.05 M', 3, 0, 'LBR', 0, 0, 0, 0, 0, 'Y', NULL, NULL),
('1203200900', 'HDP MALIWAT KERAS TEBAL 2 MM ROLL @50 M', 3, 1000, 'MTR', 0, 0, 0, 0, 0, 'Y', NULL, NULL),
('1203301400', 'HDP PVC NET ROLL @100 M', 3, 0, 'MTR', 0, 0, 0, 0, 0, 'Y', NULL, NULL),
('1203400100', 'HDP SABUT KELAPA 1.05X2.05 M', 3, 0, 'LBR', 0, 0, 0, 0, 0, 'Y', NULL, NULL),
('1203503000', 'HDP GWPS 4MM 1.07X1.98 M', 3, 0, 'LBR', 0, 0, 0, 0, 0, 'Y', NULL, NULL),
('1203503100', 'HDP GWPS 4MM 1.45 X 1.98 M ', 3, 0, 'LBR', 0, 0, 0, 0, 0, 'Y', NULL, NULL),
('1203503200', 'HDP GWPS 4MM 1.60 X 2.11 M', 3, 0, 'LBR', 0, 0, 0, 0, 0, 'Y', NULL, NULL),
('1203503300', 'HDP GWPS 4MM 2.01 X 2.11 M', 3, 0, 'LBR', 0, 0, 0, 0, 0, 'Y', NULL, NULL),
('1203600606', 'HDP MALIWAT KERAS TIPIS 3MM 1.65X2.05 M', 3, 575, 'LBR', 0, 0, 0, 0, 0, 'Y', NULL, NULL),
('1203600706', 'HDP MALIWAT KERAS TIPIS 3MM 1.85 X 2.05', 3, 225, 'LBR', 0, 0, 0, 0, 0, 'Y', NULL, NULL),
('1203600806', 'HDP MALIWAT KERAS TIPIS 3 MM ROLL @50 M', 3, 250, 'MTR', 0, 0, 0, 0, 0, 'Y', NULL, NULL),
('1203601406', 'HDP MALIWAT KERAS TIPIS 3MM ROLL @100 M', 3, 0, 'MTR', 0, 0, 0, 0, 0, 'Y', NULL, NULL),
('1300100000(08)', 'KWT 2.24 MM (08)', 8, 28680, 'KG', 0, 0, 0, 0, 0, 'Y', NULL, NULL),
('1300100000(64)', 'KWT 2.24 MM (14)', 8, 0, 'KG', 0, 0, 0, 0, 0, 'Y', NULL, NULL),
('1300200000(08)', 'KWT 2.4 MM (08)', 8, 13402, 'KG', 0, 0, 0, 0, 0, 'Y', NULL, NULL),
('1300200000(14)', 'KWT 2.4 MM (14)', 8, 0, 'KG', 0, 0, 0, 0, 0, 'Y', NULL, NULL),
('1300300000', 'KWT 3.5 MM (09)', 8, 0, 'KG', 0, 0, 0, 0, 0, 'Y', NULL, NULL),
('1300300000(07)', 'KWT 3.5 MM (07)', 8, 0, 'KG', 0, 0, 0, 0, 0, 'Y', NULL, NULL),
('1300300000(08)', 'KWT 3.5 MM (08)', 8, 4950, 'KG', 0, 0, 0, 0, 0, 'Y', NULL, NULL),
('1300400000', 'KWT BLOWING 4.0 MM (08)', 8, 7042, 'KG', 0, 0, 0, 0, 0, 'Y', NULL, NULL),
('1300400000(01)', 'KWT BLOWING 4.0 MM (01)', 8, 655, 'KG', 0, 0, 0, 0, 0, 'Y', NULL, NULL),
('1300400000(03)', 'KWT BLOWING 4.0 MM (03)', 8, 0, 'KG', 0, 0, 0, 0, 0, 'Y', NULL, NULL),
('1300400000(04)', 'KWT BLOWING 4.0 MM (04)', 8, 0, 'KG', 0, 0, 0, 0, 0, 'Y', NULL, NULL),
('1300400000(07)', 'KWT BLOWING 4.0 MM (07)', 8, 0, 'KG', 0, 0, 0, 0, 0, 'Y', NULL, NULL),
('1300400000(09)', 'KWT BLOWING 4.0 MM (09) ', 8, 0, 'KG', 0, 0, 0, 0, 0, 'Y', NULL, NULL),
('1300400000(20)', 'KWT BLOWING 4.0 MM (IWWI)', 8, 0, 'KG', 0, 0, 0, 0, 0, 'Y', NULL, NULL),
('1300501400', 'KWT CORNER GUARD 3.5X150 MM', 8, 10000, 'PCS', 0, 0, 0, 0, 0, 'Y', NULL, NULL),
('1300501500', 'KWT CORNER GUARD 3.5X170 MM', 8, 15000, 'PCS', 0, 0, 0, 0, 0, 'Y', NULL, NULL),
('1300501600', 'KWT CORNER GUARD 3.5X180 MM', 8, 16000, 'PCS', 0, 0, 0, 0, 0, 'Y', NULL, NULL),
('1300502500', 'KWT CORNER GUARD 3.5X200 MM', 8, 500, 'PCS', 0, 0, 0, 0, 0, 'Y', NULL, NULL),
('1300601400', 'KWT M GUARD 2 LILIT 3.5X150 MM', 8, 2000, 'PCS', 0, 0, 0, 0, 0, 'Y', NULL, NULL),
('1300601500', 'KWT M GUARD 2 LILIT 3.5X170 MM', 8, 16000, 'PCS', 0, 0, 0, 0, 0, 'Y', NULL, NULL),
('1300701400', 'KWT M GUARD 3.5X150 MM', 8, 700, 'PCS', 0, 0, 0, 0, 0, 'Y', NULL, NULL),
('1300701500', 'KWT M GUARD 3.5X170 MM', 8, 56315, 'PCS', 0, 0, 0, 0, 0, 'Y', NULL, NULL),
('1300701600', 'KWT M GUARD 3.5X180 MM', 8, 40000, 'PCS', 0, 0, 0, 0, 0, 'Y', NULL, NULL),
('1300701800', 'KWT M GUARD 3.5X100 MM', 8, 6000, 'PCS', 0, 0, 0, 0, 0, 'Y', NULL, NULL),
('1300701900', 'KWT M GUARD 3.5X130 MM', 8, 5000, 'PCS', 0, 0, 0, 0, 0, 'Y', NULL, NULL),
('1300702000', 'KWT M GUARD 3.5X140 MM', 8, 0, 'PCS', 0, 0, 0, 0, 0, 'Y', NULL, NULL),
('1300702100', 'KWT M GUARD 3.5X160 MM', 8, 13000, 'PCS', 0, 0, 0, 0, 0, 'Y', NULL, NULL),
('1300702200', 'KWT M GUARD 3.5X190 MM', 8, 5000, 'PCS', 0, 0, 0, 0, 0, 'Y', NULL, NULL),
('1300702300', 'KWT M GUARD 3.5X220 MM', 8, 0, 'PCS', 0, 0, 0, 0, 0, 'Y', NULL, NULL),
('1300702400', 'KWT M GUARD 3.5X80 MM', 8, 0, 'PCS', 0, 0, 0, 0, 0, 'Y', NULL, NULL),
('1300702500', 'KWT M GUARD 3.5X200 MM', 8, 0, 'PCS', 0, 0, 0, 0, 0, 'Y', NULL, NULL),
('1300800000', 'KWT ULIR 1.4 MM (14)', 8, 0, 'KG', 0, 0, 0, 0, 0, 'Y', NULL, NULL),
('1300800000(03)', 'KWT ULIR 1.4 MM (03)', 8, 14051, 'KG', 0, 0, 0, 0, 0, 'Y', NULL, NULL),
('1300800000(04)', 'KWT ULIR 1.4 MM (04) ', 8, 0, 'KG', 0, 0, 0, 0, 0, 'Y', NULL, NULL),
('1300800000(05)', 'KWT ULIR 1.4 MM (05)', 8, 0, 'KG', 0, 0, 0, 0, 0, 'Y', NULL, NULL),
('1300800000(08)', 'KWT ULIR 1.4 MM (08)', 8, 3712, 'KG', 0, 0, 0, 0, 0, 'Y', NULL, NULL),
('1300800000(09)', 'KWT ULIR 1.4 MM (09)', 8, 0, 'KG', 0, 0, 0, 0, 0, 'Y', NULL, NULL),
('1300800000(20)', 'KWT ULIR 1.4 MM (IWWI)', 8, 2550, 'KG', 0, 0, 0, 0, 0, 'Y', NULL, NULL),
('1300901400', 'KWT Z GUARD 3.5X150 MM', 8, 20000, 'PCS', 0, 0, 0, 0, 0, 'Y', NULL, NULL),
('1300901500', 'KWT Z GUARD 3.5X170 MM', 8, 16500, 'PCS', 0, 0, 0, 0, 0, 'Y', NULL, NULL),
('1301000200', 'KWT LIST RANGKA 4.0 MM 198X88', 8, 0, 'PCS', 0, 0, 0, 0, 0, 'Y', NULL, NULL),
('1301000300', 'KWT LIST RANGKA 4.0 MM 180X98', 8, 0, 'PCS', 0, 0, 0, 0, 0, 'Y', NULL, NULL),
('1301000400', 'KWT LIST RANGKA 4.0 MM 198X118', 8, 0, 'PCS', 0, 0, 0, 0, 0, 'Y', NULL, NULL),
('1301000500', 'KWT LIST RANGKA 4.0 MM 180X118', 8, 0, 'PCS', 0, 0, 0, 0, 0, 'Y', NULL, NULL),
('1301000600', 'KWT LIST RANGKA 4.0 MM 198X158', 8, 200, 'PCS', 0, 0, 0, 0, 0, 'Y', NULL, NULL),
('1301000800', 'KWT LIST RANGKA 4.0 MM 198X98', 8, 0, 'PCS', 0, 0, 0, 0, 0, 'Y', NULL, NULL),
('1301000900', 'KWT LIST RANGKA 4.0 MM 198X178', 8, 0, 'PCS', 0, 0, 0, 0, 0, 'Y', NULL, NULL),
('1301001000', 'KWT LIST RANGKA 4.0 MM 197X157', 8, 0, 'PCS', 0, 0, 0, 0, 0, 'Y', NULL, NULL),
('1301001100', 'KWT LIST RANGKA 4.0 MM 197X177', 8, 2200, 'PCS', 0, 0, 0, 0, 0, 'Y', NULL, NULL),
('1301001200', 'KWT LIST RANGKA 4.0 MM 197X117', 8, 0, 'PCS', 0, 0, 0, 0, 0, 'Y', NULL, NULL),
('1301001300', 'KWT LIST RANGKA 4.0 MM 172X117', 8, 1000, 'PCS', 0, 0, 0, 0, 0, 'Y', NULL, NULL),
('1301001700', 'KWT LIST RANGKA 4.0 MM UK 160 CM', 8, 0, 'PCS', 0, 0, 0, 0, 0, 'Y', NULL, NULL),
('1301002700', 'KWT LIST RANGKA 4.0 MM 196X176', 8, 0, 'PCS', 0, 0, 0, 0, 0, 'Y', NULL, NULL),
('130101500', 'KWT LIST RANGKA 4.0 MM 197X137', 8, 0, 'PCS', 0, 0, 0, 0, 0, 'Y', NULL, NULL),
('1301100000', 'KWT ZIG 4.0 MM', 8, 100, 'MTR', 0, 0, 0, 0, 0, 'Y', NULL, NULL),
('1301200100', 'KWT ULIR BATANG 1.4X200 CM', 8, 0, 'PCS', 0, 0, 0, 0, 0, 'Y', NULL, NULL),
('1301300000', 'KWT ZIG 3.5 MM', 8, 0, 'MTR', 0, 0, 0, 0, 0, 'Y', NULL, NULL),
('1301400000', 'KWT 3.5 MM (11)', 8, 2730, 'KG', 0, 0, 0, 0, 0, 'Y', NULL, NULL),
('1301500700', 'KWT LIST RANGKA 4.0 MM 198X156', 8, 0, 'PCS', 0, 0, 0, 0, 0, 'Y', NULL, NULL),
('1301700000(08)', 'KWT BLOWING 5.0 MM (08)', 8, 0, 'KG', 0, 0, 0, 0, 0, 'Y', NULL, NULL),
('1400100000', 'KWT PER COIL BS', 12, 201500, 'PCS', 0, 0, 0, 0, 0, 'Y', NULL, NULL),
('1400200000', 'KWT PER COIL SOFA 8.5X10 CM', 12, 64000, 'PCS', 0, 0, 0, 0, 0, 'Y', NULL, NULL),
('1400300100', 'KWT PER COIL U5 2.24 MM 7.2X15 CM (05)', 12, 0, 'PCS', 0, 0, 0, 0, 0, 'Y', NULL, NULL),
('1400300200(05)', 'KWT PER COIL U5 2.24 MM 8.5X15 CM (05)', 12, 29500, 'PCS', 0, 0, 0, 0, 0, 'Y', NULL, NULL),
('1400300200(09)', 'KWT PER COIL U5 2.24 MM 8.5X15 CM (09)', 12, 20000, 'PCS', 0, 0, 0, 0, 0, 'Y', NULL, NULL),
('1400300200(12)', 'KWT PER COIL U5 2.24 MM 8.5X15 CM (12)', 12, 0, 'PCS', 0, 0, 0, 0, 0, 'Y', NULL, NULL),
('1400300200(15)', 'KWT PER COIL U5 2.24 MM 8.5X15 CM (15)', 12, 500, 'PCS', 0, 0, 0, 0, 0, 'Y', NULL, NULL),
('1400300200(22)', 'KWT PER COIL U5 2.24 MM 8.5X15 CM (KL)', 12, 0, 'PCS', 0, 0, 0, 0, 0, 'Y', NULL, NULL),
('1400300200(23)', 'KWT PER COIL U5 2.24 MM 8.5X15 CM (PK)', 12, 0, 'PCS', 0, 0, 0, 0, 0, 'Y', NULL, NULL),
('1400300200(24)', 'KWT PER COIL U5 2.24 MM 8.5X15 CM (SS)', 12, 0, 'PCS', 0, 0, 0, 0, 0, 'Y', NULL, NULL),
('1400300300(05)', 'KWT PER COIL U5 2.24 MM 8.7X15 CM (05)', 12, 255000, 'PCS', 0, 0, 0, 0, 0, 'Y', NULL, NULL),
('1400300300(07)', 'KWT PER COIL U5 2.24 MM 8.7X15 CM (07)', 12, 0, 'PCS', 0, 0, 0, 0, 0, 'Y', NULL, NULL),
('1400300300(09)', 'KWT PER COIL U5 2.24 MM 8.7X15 CM (09)', 12, 37180, 'PCS', 0, 0, 0, 0, 0, 'Y', NULL, NULL),
('1400300300(10)', 'KWT PER COIL U5 2.24 MM 8.7X15 CM (10)', 12, 0, 'PCS', 0, 0, 0, 0, 0, 'Y', NULL, NULL),
('1400300300(12)', 'KWT PER COIL U5 2.24 MM 8.7X15 CM (12)', 12, 10000, 'PCS', 0, 0, 0, 0, 0, 'Y', NULL, NULL),
('1400300300(13)', 'KWT PER COIL U5 2.24 MM 8.7X15 CM (13)', 12, 1500, 'PCS', 0, 0, 0, 0, 0, 'Y', NULL, NULL),
('1400300300(15)', 'KWT PER COIL U5 2.24 MM 8.7X15 CM (15)', 12, 500, 'PCS', 0, 0, 0, 0, 0, 'Y', NULL, NULL),
('1400300300(22)', 'KWT PER COIL U5 2.24 MM 8.7X15 CM (KL)', 12, 0, 'PCS', 0, 0, 0, 0, 0, 'Y', NULL, NULL),
('1400300300(23)', 'KWT PER COIL U5 2.24 MM 8.7X15 CM (PK)', 12, 0, 'PCS', 0, 0, 0, 0, 0, 'Y', NULL, NULL),
('1400300300(24)', 'KWT PER COIL U5 2.24 MM 8.7X15 CM (SS)', 12, 0, 'PCS', 0, 0, 0, 0, 0, 'Y', NULL, NULL),
('1400400200(05)', 'KWT PER COIL U5 2.4 MM 8.5X15 CM (05)', 12, 37500, 'PCS', 0, 0, 0, 0, 0, 'Y', NULL, NULL),
('1400400200(12)', 'KWT PER COIL U5 2.4 MM 8.5X15 CM (12)', 12, 0, 'PCS', 0, 0, 0, 0, 0, 'Y', NULL, NULL),
('1400400200(15)', 'KWT PER COIL U5 2.4 MM 8.5X15 CM (15)', 12, 0, 'PCS', 0, 0, 0, 0, 0, 'Y', NULL, NULL),
('1400400200(22)', 'KWT PER COIL U5 2.4 MM 8.5X15 CM (KL)', 12, 0, 'PCS', 0, 0, 0, 0, 0, 'Y', NULL, NULL),
('1400400200(23)', 'KWT PER COIL U5 2.4 MM 8.5X15 CM (PK)', 12, 0, 'PCS', 0, 0, 0, 0, 0, 'Y', NULL, NULL),
('1400400200(24)', 'KWT PER COIL U5 2.4 MM 8.5X15 CM (SS)', 12, 0, 'PCS', 0, 0, 0, 0, 0, 'Y', NULL, NULL),
('1400400300(05)', 'KWT PER COIL U5 2.4 MM 8.7X15 CM (05)', 12, 12000, 'PCS', 0, 0, 0, 0, 0, 'Y', NULL, NULL),
('1400400300(09)', 'KWT PER COIL U5 2.4 MM 8.7X15 CM (09)', 12, 0, 'PCS', 0, 0, 0, 0, 0, 'Y', NULL, NULL),
('1400400300(12)', 'KWT PER COIL U5 2.4 MM 8.7X15 CM (12)', 12, 15000, 'PCS', 0, 0, 0, 0, 0, 'Y', NULL, NULL),
('1400400300(22)', 'KWT PER COIL U5 2.4 MM 8.7X15 CM (KL)', 12, 0, 'PCS', 0, 0, 0, 0, 0, 'Y', NULL, NULL),
('1400400300(23)', 'KWT PER COIL U5 2.4 MM 8.7X15 CM (PK)', 12, 0, 'PCS', 0, 0, 0, 0, 0, 'Y', NULL, NULL),
('1400400300(24)', 'KWT PER COIL U5 2.4 MM 8.7X15 CM (SS)', 12, 0, 'PCS', 0, 0, 0, 0, 0, 'Y', NULL, NULL),
('1400500100(05)', 'KWT PER COIL U6 2.24 MM 7.2X17 CM (05)', 12, 50000, 'PCS', 0, 0, 0, 0, 0, 'Y', NULL, NULL),
('1400500200(05)', 'KWT PER COIL U6 2.24 MM 8.5X17 CM (05)', 12, 0, 'PCS', 0, 0, 0, 0, 0, 'Y', NULL, NULL),
('1400500200(09)', 'KWT PER COIL U6 2.24 MM 8.5X17 CM (09)', 12, 3000, 'PCS', 0, 0, 0, 0, 0, 'Y', NULL, NULL),
('1400500200(12)', 'KWT PER COIL U6 2.24 MM 8.5X17 CM (12)', 12, 0, 'PCS', 0, 0, 0, 0, 0, 'Y', NULL, NULL),
('1400500200(22)', 'KWT PER COIL U6 2.24 MM 8.5 X 17 CM (KL)', 12, 0, 'PCS', 0, 0, 0, 0, 0, 'Y', NULL, NULL),
('1400500200(23)', 'KWT PER COIL U6 2.24 MM 8.5X17 CM (PK)', 12, 0, 'PCS', 0, 0, 0, 0, 0, 'Y', NULL, NULL),
('1400500200(24)', 'KWT PER COIL U6 2.24 MM 8.5X17 CM (SS)', 12, 0, 'PCS', 0, 0, 0, 0, 0, 'Y', NULL, NULL),
('1400500300(05)', 'KWT PER COIL U6 2.24 MM 8.7X17 CM (05)', 12, 100000, 'PCS', 0, 0, 0, 0, 0, 'Y', NULL, NULL),
('1400500300(07)', 'KWT PER COIL U6 2.24 MM 8.7X17 CM (07) ', 12, 2000, 'PCS', 0, 0, 0, 0, 0, 'Y', NULL, NULL),
('1400500300(09)', 'KWT PER COIL U6 2.24 MM 8.7X17 CM (09)', 12, 3500, 'PCS', 0, 0, 0, 0, 0, 'Y', NULL, NULL),
('1400500300(10)', 'KWT PER COIL U6 2.24 MM 8.7X17 CM (10)', 12, 0, 'PCS', 0, 0, 0, 0, 0, 'Y', NULL, NULL),
('1400500300(12)', 'KWT PER COIL U6 2.24 MM 8.7X17 CM (12)', 12, 9000, 'PCS', 0, 0, 0, 0, 0, 'Y', NULL, NULL),
('1400500300(15)', 'KWT PER COIL U6 2.24 MM 8.7X17 CM (13)', 12, 95208, 'PCS', 0, 0, 0, 0, 0, 'Y', NULL, NULL),
('1400500300(22)', 'KWT PER COIL U6 2.24 MM 8.7X17 CM (KL)', 12, 0, 'PCS', 0, 0, 0, 0, 0, 'Y', NULL, NULL),
('1400500300(23)', 'KWT PER COIL U6 2.24 MM 8.7X17 CM (PK)', 12, 0, 'PCS', 0, 0, 0, 0, 0, 'Y', NULL, NULL),
('1400500300(24)', 'KWT PER COIL U6 2.24 MM 8.7X17 CM (SS)', 12, 0, 'PCS', 0, 0, 0, 0, 0, 'Y', NULL, NULL),
('1400500400(05)', 'KWT PER COIL U6 2.24 MM 7.4X17 CM (05)', 12, 0, 'PCS', 0, 0, 0, 0, 0, 'Y', NULL, NULL),
('1400500500(05)', 'KWT PER COIL U6 2.24 MM 8.4X17 CM (05)', 12, 0, 'PCS', 0, 0, 0, 0, 0, 'Y', NULL, NULL),
('1400500500(09)', 'KWT PER COIL U6 2.24 MM 8.4X17 CM (09)', 12, 0, 'PCS', 0, 0, 0, 0, 0, 'Y', NULL, NULL),
('1400600200(05)', 'KWT PER COIL U6 2.24 MM 8.5X18 CM (05)', 12, 0, 'PCS', 0, 0, 0, 0, 0, 'Y', NULL, NULL),
('1400600200(22)', 'KWT PER COIL U6 2.24 MM 8.5X18 CM (KL)', 12, 0, 'PCS', 0, 0, 0, 0, 0, 'Y', NULL, NULL),
('1400600200(23)', 'KWT PER COIL U6 2.24 MM 8.5X18 CM (PK)', 12, 0, 'PCS', 0, 0, 0, 0, 0, 'Y', NULL, NULL),
('1400600200(24)', 'KWT PER COIL U6 2.24 MM 8.5X18 CM (SS)', 12, 0, 'PCS', 0, 0, 0, 0, 0, 'Y', NULL, NULL),
('1400600300(05)', 'KWT PER COIL U6 2.24 MM 8.7X18 CM (05)', 12, 324500, 'PCS', 0, 0, 0, 0, 0, 'Y', NULL, NULL),
('1400600300(07)', 'KWT PER COIL U6 2.24 MM 8.7X18 CM (07)', 12, 0, 'PCS', 0, 0, 0, 0, 0, 'Y', NULL, NULL),
('1400600300(09)', 'KWT PER COIL U6 2.24 MM 8.7X18 CM (09)', 12, 10000, 'PCS', 0, 0, 0, 0, 0, 'Y', NULL, NULL),
('1400600300(12)', 'KWT PER COIL U6 2.24 MM 8.7X18 CM (12)', 12, 233500, 'PCS', 0, 0, 0, 0, 0, 'Y', NULL, NULL),
('1400600300(15)', 'KWT PER COIL U6 2.24 MM 8.7X18 CM (15)', 12, 0, 'PCS', 0, 0, 0, 0, 0, 'Y', NULL, NULL),
('1400600300(22)', 'KWT PER COIL U6 2.24 MM 8.7X18 CM (KL)', 12, 0, 'PCS', 0, 0, 0, 0, 0, 'Y', NULL, NULL),
('1400600300(23)', 'KWT PER COIL U6 2.24 MM 8.7X18 CM (PK)', 12, 0, 'PCS', 0, 0, 0, 0, 0, 'Y', NULL, NULL),
('1400600300(24)', 'KWT PER COIL U6 2.24 MM 8.7X18 CM (SS)', 12, 0, 'PCS', 0, 0, 0, 0, 0, 'Y', NULL, NULL),
('1400700300(05)', 'KWT PER COIL U6 2.24 MM 8.7X20 CM (05)', 12, 0, 'PCS', 0, 0, 0, 0, 0, 'Y', NULL, NULL),
('1400800200(05)', 'KWT PER COIL U6 2.4 MM 8.5X17 CM (05)', 12, 50000, 'PCS', 0, 0, 0, 0, 0, 'Y', NULL, NULL),
('1400800200(12)', 'KWT PER COIL U6 2.4 MM 8.5X17 CM (12)', 12, 0, 'PCS', 0, 0, 0, 0, 0, 'Y', NULL, NULL),
('1400800200(22)', 'KWT PER COIL U6 2.4 MM 8.5X17 CM (KL)', 12, 0, 'PCS', 0, 0, 0, 0, 0, 'Y', NULL, NULL),
('1400800200(23)', 'KWT PER COIL U6 2.4 MM 8.5X17 CM (PK)', 12, 0, 'PCS', 0, 0, 0, 0, 0, 'Y', NULL, NULL),
('1400800200(24)', 'KWT PER COIL U6 2.4 MM 8.5X17 CM (SS)', 12, 0, 'PCS', 0, 0, 0, 0, 0, 'Y', NULL, NULL),
('1400800300(05)', 'KWT PER COIL U6 2.4 MM 8.7X17 CM (05)', 12, 30000, 'PCS', 0, 0, 0, 0, 0, 'Y', NULL, NULL),
('1400800300(09)', 'KWT PER COIL U6 2.4 MM 8.7X17 CM (09)', 12, 0, 'PCS', 0, 0, 0, 0, 0, 'Y', NULL, NULL),
('1400800300(12)', 'KWT PER COIL U6 2.4 MM 8.7X17 CM (12)', 12, 115000, 'PCS', 0, 0, 0, 0, 0, 'Y', NULL, NULL),
('1400800300(22)', 'KWT PER COIL U6 2.4 MM 8.7X17 CM (KL)', 12, 0, 'PCS', 0, 0, 0, 0, 0, 'Y', NULL, NULL),
('1400800300(23)', 'KWT PER COIL U6 2.4 MM 8.7X17 CM (PK)', 12, 0, 'PCS', 0, 0, 0, 0, 0, 'Y', NULL, NULL),
('1400800300(24)', 'KWT PER COIL U6 2.4 MM 8.7X17 CM (SS)', 12, 0, 'PCS', 0, 0, 0, 0, 0, 'Y', NULL, NULL),
('1400900200(05)', 'KWT PER COIL U6 2.4 MM 8.5X18 CM (05)', 12, 0, 'PCS', 0, 0, 0, 0, 0, 'Y', NULL, NULL),
('1400900200(12)', 'KWT PER COIL U6 2.4 MM 8.5X18 CM (12)', 12, 5000, 'PCS', 0, 0, 0, 0, 0, 'Y', NULL, NULL),
('1400900200(15)', 'KWT PER COIL U6 2.4 MM 8.5X18 CM (15)', 12, 0, 'PCS', 0, 0, 0, 0, 0, 'Y', NULL, NULL),
('1400900200(23)', 'KWT PER COIL U6 2.4 MM 8.5X18 CM (PK)', 12, 0, 'PCS', 0, 0, 0, 0, 0, 'Y', NULL, NULL),
('1400900200(24)', 'KWT PER COIL U6 2.4 MM 8.5X18 CM (SS)', 12, 0, 'PCS', 0, 0, 0, 0, 0, 'Y', NULL, NULL),
('1400900300 (22).', 'KWT PER COIL U6 2.4 MM 8.7X18 CM (KL)', 12, 0, 'PCS', 0, 0, 0, 0, 0, 'Y', NULL, NULL),
('1400900300(05)', 'KWT PER COIL U6 2.4 MM 8.7X18 CM (05)', 12, 138000, 'PCS', 0, 0, 0, 0, 0, 'Y', NULL, NULL),
('1400900300(09)', 'KWT PER COIL U6 2.4 MM 8.7X18 CM (09)', 12, 0, 'PCS', 0, 0, 0, 0, 0, 'Y', NULL, NULL),
('1400900300(12)', 'KWT PER COIL U6 2.4 MM 8.7X18 CM (12)', 12, 50000, 'PCS', 0, 0, 0, 0, 0, 'Y', NULL, NULL),
('1400900300(15)', 'KWT PER COIL U6 2.4 MM 8.7X18 CM (15)', 12, 154000, 'PCS', 0, 0, 0, 0, 0, 'Y', NULL, NULL),
('1400900300(23)', 'KWT PER COIL U6 2.4 MM 8.7X18 CM (PK)', 12, 0, 'PCS', 0, 0, 0, 0, 0, 'Y', NULL, NULL),
('1400900300(24)', 'KWT PER COIL U6 2.4 MM 8.7X18 CM (SS)', 12, 0, 'PCS', 0, 0, 0, 0, 0, 'Y', NULL, NULL),
('1401000300(05)', 'KWT PER COIL U6 2.4 MM 8.7X20 CM (05)', 12, 166000, 'PCS', 0, 0, 0, 0, 0, 'Y', NULL, NULL),
('1401100600', 'KWT PER PC 1.8 MM 178X138X18 CM', 8, 0, 'LBR', 0, 0, 0, 0, 0, 'Y', NULL, NULL),
('1401100700', 'KWT PER PC 1.8 MM 178X158X18 CM', 8, 5, 'LBR', 0, 0, 0, 0, 0, 'Y', NULL, NULL),
('1401100800', 'KWT PER PC 1.8 MM 178X178X18 CM', 8, 0, 'LBR', 0, 0, 0, 0, 0, 'Y', NULL, NULL),
('1401100900', 'KWT PER PC 1.8 MM 178X78X18 CM', 8, 0, 'LBR', 0, 0, 0, 0, 0, 'Y', NULL, NULL),
('1401101000', 'KWT PER PC 1.8 MM 178X98X18 CM', 8, 0, 'LBR', 0, 0, 0, 0, 0, 'Y', NULL, NULL),
('1401101500', 'KWT PER PC 1.8 MM 198X118X18  CM', 8, 0, 'LBR', 0, 0, 0, 0, 0, 'Y', NULL, NULL),
('1401101600', 'KWT PER PC 1.8 MM 198X158X18 CM', 8, 0, 'LBR', 0, 0, 0, 0, 0, 'Y', NULL, NULL),
('1401101700', 'KWT PER PC 1.8 MM 198X178X18 CM', 8, 0, 'LBR', 0, 0, 0, 0, 0, 'Y', NULL, NULL),
('1401101800', 'KWT PER PC 1.8 MM 198X198X18 CM', 8, 0, 'LBR', 0, 0, 0, 0, 0, 'Y', NULL, NULL),
('1401101900', 'KWT PER PC 1.8 MM 198X98X18 CM', 8, 0, 'LBR', 0, 0, 0, 0, 0, 'Y', NULL, NULL),
('1401201100', 'KWT PER PC 1.8 MM 187X147X17 CM', 8, 0, 'LBR', 0, 0, 0, 0, 0, 'Y', NULL, NULL),
('1401201200', 'KWT PER PC 1.8 MM 187X167X17 CM', 8, 0, 'LBR', 0, 0, 0, 0, 0, 'Y', NULL, NULL),
('1401201300', 'KWT PER PC 1.8 MM 187X187X17 CM', 8, 0, 'LBR', 0, 0, 0, 0, 0, 'Y', NULL, NULL),
('1401301100', 'KWT PER PC 1.8 MM 187X147X19 CM', 8, 0, 'LBR', 0, 0, 0, 0, 0, 'Y', NULL, NULL),
('1401301200', 'KWT PER PC 1.8 MM 187X167X19 CM', 8, 0, 'LBR', 0, 0, 0, 0, 0, 'Y', NULL, NULL),
('1401301400', 'KWT PER PC 1.8 MM 187X187X19 CM', 8, 0, 'LBR', 0, 0, 0, 0, 0, 'Y', NULL, NULL),
('1401402000(25)', 'KWT PER RM 2.24 MM 180X90X10 (9X23)', 8, 0, 'LBR', 0, 0, 0, 0, 0, 'Y', NULL, NULL),
('1401403300(68)', 'KWT PER RO 2.24 MM 90X60X10 (6X8)', 8, 0, 'LBR', 0, 0, 0, 0, 0, 'Y', NULL, NULL),
('1401403400(68)', 'KWT PER RO 2.24 MM 90X50X10 (6X8)', 8, 0, 'LBR', 0, 0, 0, 0, 0, 'Y', NULL, NULL),
('1401502100(26)', 'KWT PER RO 2.24 MM 175X120X15 (11X23)', 8, 0, 'LBR', 0, 0, 0, 0, 0, 'Y', NULL, NULL),
('1401502100(27)', 'KWT PER RO 2.24 MM 180X100X15 (9X25) TL', 8, 0, 'LBR', 0, 0, 0, 0, 0, 'Y', NULL, NULL),
('1401502300(26)', 'KWT PER RO 2.24 MM 180X120X15 (11X23)', 8, 0, 'LBR', 0, 0, 0, 0, 0, 'Y', NULL, NULL),
('1401502300(28)', 'KWT PER RO 2.24 MM 180X120X15 (11X25)', 8, 0, 'LBR', 0, 0, 0, 0, 0, 'Y', NULL, NULL),
('1401502300(29)', 'KWT PER RO 2.24 MM 180X120X15 (12X23) TL', 8, 0, 'LBR', 0, 0, 0, 0, 0, 'Y', NULL, NULL),
('1401502400(30)', 'KWT PER RO 2.24 MM 180X140X15 (13X25) ', 8, 0, 'LBR', 0, 0, 0, 0, 0, 'Y', NULL, NULL),
('1401502500(31)', 'KWT PER RO 2.24 MM 190X120X15 (11X24)', 8, 0, 'LBR', 0, 0, 0, 0, 0, 'Y', NULL, NULL),
('1401502600(25)', 'KWT PER RO 2.24 MM 200X100X15 (9X23)', 8, 0, 'LBR', 0, 0, 0, 0, 0, 'Y', NULL, NULL),
('1401502600(32)', 'KWT PER RO 2.24 MM 200X100X15 (9X25)', 8, 0, 'LBR', 0, 0, 0, 0, 0, 'Y', NULL, NULL),
('1401502700(26)', 'KWT PER RO 2.24 MM 200X120X15 (11X23)', 8, 0, 'LBR', 0, 0, 0, 0, 0, 'Y', NULL, NULL),
('1401502700(28)', 'KWT PER RO 2.24 MM 200X120X15 (11X25)', 8, 0, 'LBR', 0, 0, 0, 0, 0, 'Y', NULL, NULL),
('1401502700(33)', 'KWT PER RO 2.24 MM 200X120X15 (12X25)', 8, 0, 'LBR', 0, 0, 0, 0, 0, 'Y', NULL, NULL),
('1401502800(30)', 'KWT PER RO 2.24 MM 200X140X15 (13X25) ', 8, 0, 'LBR', 0, 0, 0, 0, 0, 'Y', NULL, NULL),
('1401502900(30)', 'KWT PER RO 2.24 MM 200X160X15 (13X25)', 8, 0, 'LBR', 0, 0, 0, 0, 0, 'Y', NULL, NULL),
('1401502900(34)', 'KWT PER RO 2.24 MM 200X160X15 (15X25)', 8, 0, 'LBR', 0, 0, 0, 0, 0, 'Y', NULL, NULL),
('1401503000(34)', 'KWT PER RO 2.24 MM 200X180X15 (15X25) ', 8, 0, 'LBR', 0, 0, 0, 0, 0, 'Y', NULL, NULL),
('1401503000(38)', 'KWT PER RO 2.24 MM 200X180X15 (17X25)', 8, 2, 'LBR', 0, 0, 0, 0, 0, 'Y', NULL, NULL),
('1401602100 (22).', 'KWT PER RO 2.24 MM 175X120X17 (11X23) ', 8, 0, 'LBR', 0, 0, 0, 0, 0, 'Y', NULL, NULL),
('1401602100 (67)', 'KWT PER RO 2.24 MM 175X120X17 (11X22)', 8, 0, 'LBR', 0, 0, 0, 0, 0, 'Y', NULL, NULL),
('1401602200(25)', 'KWT PER RO 2.24 MM 180X100X17 (9X23) ', 8, 0, 'LBR', 0, 0, 0, 0, 0, 'Y', NULL, NULL),
('1401602300(26)', 'KWT PER RO 2.24 MM 180X120X17 (11X23)', 8, 0, 'LBR', 0, 0, 0, 0, 0, 'Y', NULL, NULL),
('1401602600(25)', 'KWT PER RO 2.24 MM 200X100X17 (9X23)', 8, 0, 'LBR', 0, 0, 0, 0, 0, 'Y', NULL, NULL),
('1401602600(32)', 'KWT PER RO 2.24 MM 200X100X17 (9X25)', 8, 0, 'LBR', 0, 0, 0, 0, 0, 'Y', NULL, NULL),
('1401602700(26)', 'KWT PER RO 2.24 MM 200X120X17 (11X23)', 8, 0, 'LBR', 0, 0, 0, 0, 0, 'Y', NULL, NULL),
('1401602700(28)', 'KWT PER RO 2.24 MM 200X120X17 (11X25)', 8, 1, 'LBR', 0, 0, 0, 0, 0, 'Y', NULL, NULL),
('1401602700(33)', 'KWT PER RO 2.24 MM 200X120X17 (12X25)', 8, 0, 'LBR', 0, 0, 0, 0, 0, 'Y', NULL, NULL),
('1401602800(30)', 'KWT PER RO 2.24 MM 200X140X17 (13X25)', 8, 0, 'LBR', 0, 0, 0, 0, 0, 'Y', NULL, NULL),
('1401602900(30)', 'KWT PER RO 2.24 MM 200X160X17 (13X25)', 8, 0, 'LBR', 0, 0, 0, 0, 0, 'Y', NULL, NULL),
('1401602900(34)', 'KWT PER RO 2.4 MM 200X160X17 (15X25)', 8, 0, 'LBR', 0, 0, 0, 0, 0, 'Y', NULL, NULL),
('1401602900(35)', 'KWT PER RO 2.24 MM 200X160X17 (14X25)', 8, 0, 'LBR', 0, 0, 0, 0, 0, 'Y', NULL, NULL),
('1401602900(36)', 'KWT PER RO 2.24 MM 200X160X17 (15X25)', 8, 0, 'LBR', 0, 0, 0, 0, 0, 'Y', NULL, NULL),
('1401602900(37)', 'KWT PER RO 2.24 MM 200X160X17 (16X25)', 8, 0, 'LBR', 0, 0, 0, 0, 0, 'Y', NULL, NULL),
('1401603000(38)', 'KWT PER RO 2.24 MM 200X180X17 (17X25)', 8, 0, 'LBR', 0, 0, 0, 0, 0, 'Y', NULL, NULL),
('1401603000(39)', 'KWT PER RO 2.24 MM 200X180X17 (18X25)', 8, 0, 'LBR', 0, 0, 0, 0, 0, 'Y', NULL, NULL),
('1401603100(40)', 'KWT PER RO 2.24 MM 200X90X17 (8X25)', 8, 0, 'LBR', 0, 0, 0, 0, 0, 'Y', NULL, NULL),
('1401603200 (22).', 'KWT PER RO 2.24 MM 175X100X17 (9X23)', 8, 0, 'LBR', 0, 0, 0, 0, 0, 'Y', NULL, NULL),
('1401603200 (65)', 'KWT PER RO 2.24 MM 175X100X17 (9X22)', 8, 0, 'LBR', 0, 0, 0, 0, 0, 'Y', NULL, NULL),
('1401603300(30)', 'KWT PER RO 2.24 MM 198X138X17 (13X25) ', 8, 0, 'LBR', 0, 0, 0, 0, 0, 'Y', NULL, NULL),
('1500100100', 'LIST 1/2 FW BIRU 60Y', 13, 0, 'ROLL', 0, 0, 0, 0, 0, 'Y', NULL, NULL),
('1500100112', 'LIST 1/2 FW COKLAT 60Y', 13, 60, 'ROLL', 0, 0, 0, 0, 0, 'Y', NULL, NULL),
('1500100192', 'LIST 1/2 FW EMAS MERAH 60Y', 13, 0, 'ROLL', 0, 0, 0, 0, 0, 'Y', NULL, NULL),
('1500200313', 'LIST DIAGONAL BIRU MILO 90Y', 13, 0, 'ROLL', 0, 0, 0, 0, 0, 'Y', NULL, NULL),
('1500200314', 'LIST DIAGONAL COKLAT MILO 90Y', 13, 260, 'ROLL', 0, 0, 0, 0, 0, 'Y', NULL, NULL),
('1500200315', 'LIST DIAGONAL MERAH MILO 90Y', 13, 60, 'ROLL', 0, 0, 0, 0, 0, 'Y', NULL, NULL),
('1500300306', 'LIST DOT POLOS ABU 90Y', 13, 0, 'ROLL', 0, 0, 0, 0, 0, 'Y', NULL, NULL),
('1500400412', 'LIST EKSPOR COKLAT 100M', 13, 60, 'ROLL', 0, 0, 0, 0, 0, 'Y', NULL, NULL),
('1500500102', 'LIST FW MERAH 60Y', 13, 710, 'ROLL', 0, 0, 0, 0, 0, 'Y', NULL, NULL),
('1500500107', 'LIST FW CREAM 60Y', 13, 0, 'ROLL', 0, 0, 0, 0, 0, 'Y', NULL, NULL),
('1500500110', 'LIST FW HITAM 60Y', 13, 200, 'ROLL', 0, 0, 0, 0, 0, 'Y', NULL, NULL),
('1500500112', 'LIST FW COKLAT 60Y', 13, 120, 'ROLL', 0, 0, 0, 0, 0, 'Y', NULL, NULL),
('1500500116', 'LIST FW BIRU NAVY 60Y', 13, 220, 'ROLL', 0, 0, 0, 0, 0, 'Y', NULL, NULL),
('1500600302', 'LIST JEANS MERAH 90Y', 13, 100, 'ROLL', 0, 0, 0, 0, 0, 'Y', NULL, NULL),
('1500600303', 'LIST JEANS BIRU 90Y', 13, 100, 'ROLL', 0, 0, 0, 0, 0, 'Y', NULL, NULL),
('1500600312', 'LIST JEANS COKLAT 90Y', 13, 100, 'ROLL', 0, 0, 0, 0, 0, 'Y', NULL, NULL),
('1500700304', 'LIST NEO PINK 90Y', 13, 140, 'ROLL', 0, 0, 0, 0, 0, 'Y', NULL, NULL),
('1500700307', 'LIST NEO CREAM 90Y', 13, 140, 'ROLL', 0, 0, 0, 0, 0, 'Y', NULL, NULL),
('1500700311', 'LIST NEO COKLAT MUDA 90Y', 13, 140, 'ROLL', 0, 0, 0, 0, 0, 'Y', NULL, NULL),
('1500800306', 'LIST PADI ABU 90Y', 13, 170, 'ROLL', 0, 0, 0, 0, 0, 'Y', NULL, NULL),
('1500800307', 'LIST PADI CREAM 90Y', 13, 180, 'ROLL', 0, 0, 0, 0, 0, 'Y', NULL, NULL),
('1500800310', 'LIST PADI HITAM 90Y', 13, 100, 'ROLL', 0, 0, 0, 0, 0, 'Y', NULL, NULL),
('1500900103', 'LIST PANAH EMAS BIRU 60Y', 13, 1180, 'ROLL', 0, 0, 0, 0, 0, 'Y', NULL, NULL),
('1500900104', 'LIST PANAH EMAS PINK 60Y', 13, 970, 'ROLL', 0, 0, 0, 0, 0, 'Y', NULL, NULL),
('1500900105', 'LIST PANAH EMAS PUTIH 60Y', 13, 170, 'ROLL', 0, 0, 0, 0, 0, 'Y', NULL, NULL),
('1500900117', 'LIST PANAH EMAS BIRU BENHUR 60Y', 13, 470, 'ROLL', 0, 0, 0, 0, 0, 'Y', NULL, NULL),
('1500900118', 'LIST PANAH EMAS KUNING 60Y', 13, 40, 'ROLL', 0, 0, 0, 0, 0, 'Y', NULL, NULL),
('150090012C', 'LIST PANAH EMAS MERAH CABE 60Y', 13, 50, 'ROLL', 0, 0, 0, 0, 0, 'Y', NULL, NULL),
('1500900305', 'LIST PANAH EMAS PUTIH 90Y', 13, 10, 'ROLL', 0, 0, 0, 0, 0, 'Y', NULL, NULL),
('1500900402', 'LIST PANAH EMAS MERAH 100M', 13, 40, 'ROLL', 0, 0, 0, 0, 0, 'Y', NULL, NULL),
('1500900405', 'LIST PANAH EMAS PUTIH 100M', 13, 20, 'ROLL', 0, 0, 0, 0, 0, 'Y', NULL, NULL),
('1500900517', 'LIST PANAH EMAS BIRU BENHUR 40Y', 13, 0, 'ROLL', 0, 0, 0, 0, 0, 'Y', NULL, NULL),
('150090052C', 'LIST PANAH EMAS MERAH CABE 40Y', 13, 0, 'ROLL', 0, 0, 0, 0, 0, 'Y', NULL, NULL),
('1501000101', 'LIST PANAH POLOS HIJAU 60Y', 13, 0, 'ROLL', 0, 0, 0, 0, 0, 'Y', NULL, NULL),
('1501000102', 'LIST PANAH POLOS MAROON 60Y', 13, 340, 'ROLL', 0, 0, 0, 0, 0, 'Y', NULL, NULL),
('1501000103', 'LIST PANAH POLOS BIRU 60Y', 13, 980, 'ROLL', 0, 0, 0, 0, 0, 'Y', NULL, NULL),
('1501000104', 'LIST PANAH POLOS PINK 60Y', 13, 100, 'ROLL', 0, 0, 0, 0, 0, 'Y', NULL, NULL),
('1501000105', 'LIST PANAH POLOS PUTIH 60Y', 13, 540, 'ROLL', 0, 0, 0, 0, 0, 'Y', NULL, NULL),
('1501000107', 'LIST PANAH POLOS CREAM 60Y', 13, 220, 'ROLL', 0, 0, 0, 0, 0, 'Y', NULL, NULL),
('1501000112', 'LIST PANAH POLOS COKLAT 60Y', 13, 210, 'ROLL', 0, 0, 0, 0, 0, 'Y', NULL, NULL),
('1501000116', 'LIST PANAH POLOS NAVY 60Y', 13, 450, 'ROLL', 0, 0, 0, 0, 0, 'Y', NULL, NULL),
('1501000117', 'LIST PANAH POLOS BIRU BENHUR 60Y', 13, 750, 'ROLL', 0, 0, 0, 0, 0, 'Y', NULL, NULL),
('1501000118', 'LIST PANAH POLOS KUNING 60Y', 13, 0, 'ROLL', 0, 0, 0, 0, 0, 'Y', NULL, NULL),
('1501000119', 'LIST PANAH POLOS HITAM PUTIH 60Y', 13, 0, 'ROLL', 0, 0, 0, 0, 0, 'Y', NULL, NULL);
INSERT INTO `barang` (`kode`, `nama`, `id_kategori`, `qty`, `satuan`, `harga`, `min_stok`, `max_stok`, `kubikasi`, `kg`, `aktif`, `created_at`, `updated_at`) VALUES
('1501000120', 'LIST PANAH POLOS ORANGE 60Y', 13, 50, 'ROLL', 0, 0, 0, 0, 0, 'Y', NULL, NULL),
('150100012C', 'LIST PANAH POLOS MERAH CABE 60Y', 13, 520, 'ROLL', 0, 0, 0, 0, 0, 'Y', NULL, NULL),
('1501000301', 'LIST PANAH POLOS HIJAU 90Y', 13, 12, 'ROLL', 0, 0, 0, 0, 0, 'Y', NULL, NULL),
('1501000404', 'LIST PANAH POLOS PINK 100Y', 13, 90, 'ROLL', 0, 0, 0, 0, 0, 'Y', NULL, NULL),
('1501000502', 'LIST PANAH POLOS MAROON 40Y', 13, 100, 'ROLL', 0, 0, 0, 0, 0, 'Y', NULL, NULL),
('1501000503', 'LIST PANAH POLOS BIRU 40Y', 13, 100, 'ROLL', 0, 0, 0, 0, 0, 'Y', NULL, NULL),
('1501000504', 'LIST PANAH POLOS PINK 40Y', 13, 200, 'ROLL', 0, 0, 0, 0, 0, 'Y', NULL, NULL),
('1501000507', 'LIST PANAH POLOS CREAM 40Y', 13, 100, 'ROLL', 0, 0, 0, 0, 0, 'Y', NULL, NULL),
('1501000512', 'LIST PANAH POLOS COKLAT 40Y', 13, 70, 'ROLL', 0, 0, 0, 0, 0, 'Y', NULL, NULL),
('1501000516', 'LIST PANAH POLOS NAVY 40Y', 13, 300, 'ROLL', 0, 0, 0, 0, 0, 'Y', NULL, NULL),
('1501000517', 'LIST PANAH POLOS BIRU BENHUR 40Y', 13, 100, 'ROLL', 0, 0, 0, 0, 0, 'Y', NULL, NULL),
('150100052C', 'LIST PANAH POLOS MERAH CABE 40Y', 13, 100, 'ROLL', 0, 0, 0, 0, 0, 'Y', NULL, NULL),
('1501000602', 'LIST PANAH POLOS MERAH 45Y', 13, 0, 'ROLL', 0, 0, 0, 0, 0, 'Y', NULL, NULL),
('1501100104', 'LIST PANAH POLOS PINK 3CM 60Y', 13, 0, 'ROLL', 0, 0, 0, 0, 0, 'Y', NULL, NULL),
('1501200000', 'LIST SB CAMPUR', 13, 0, 'ROLL', 0, 0, 0, 0, 0, 'Y', NULL, NULL),
('1501300302', 'LIST SKAK MERAH 90Y', 13, 470, 'ROLL', 0, 0, 0, 0, 0, 'Y', NULL, NULL),
('1501300305', 'LIST SKAK PUTIH 90 Y', 13, 0, 'ROLL', 0, 0, 0, 0, 0, 'Y', NULL, NULL),
('1501300306', 'LIST SKAK ABU 90Y', 13, 590, 'ROLL', 0, 0, 0, 0, 0, 'Y', NULL, NULL),
('1501300310', 'LIST SKAK HITAM 90Y', 13, 210, 'ROLL', 0, 0, 0, 0, 0, 'Y', NULL, NULL),
('1501300312', 'LIST SKAK COKLAT TUA 90Y', 13, 430, 'ROLL', 0, 0, 0, 0, 0, 'Y', NULL, NULL),
('1501300321', 'LIST SKAK ABU PUTIH 90Y', 13, 0, 'ROLL', 0, 0, 0, 0, 0, 'Y', NULL, NULL),
('1501300322', 'LIST SKAK BIRU DONGKER 90Y', 13, 340, 'ROLL', 0, 0, 0, 0, 0, 'Y', NULL, NULL),
('1501400302', 'LIST SKAK BINTIK MERAH 90Y', 13, 0, 'ROLL', 0, 0, 0, 0, 0, 'Y', NULL, NULL),
('1501400312', 'LIST SKAK BINTIK COKLAT TUA 90Y', 13, 240, 'ROLL', 0, 0, 0, 0, 0, 'Y', NULL, NULL),
('1501400319', 'LIST SKAK BINTIK HITAM PUTIH 90Y', 13, 0, 'ROLL', 0, 0, 0, 0, 0, 'Y', NULL, NULL),
('1501400322', 'LIST SKAK BINTIK DONGKER 90Y', 13, 260, 'ROLL', 0, 0, 0, 0, 0, 'Y', NULL, NULL),
('1501500302', 'LIST SKAK PAGAR MERAH 90Y', 13, 70, 'ROLL', 0, 0, 0, 0, 0, 'Y', NULL, NULL),
('1501500312', 'LIST SKAK PAGAR COKLAT TUA 90Y', 13, 200, 'ROLL', 0, 0, 0, 0, 0, 'Y', NULL, NULL),
('1501500322', 'LIST SKAK PAGAR DONGKER 90Y', 13, 200, 'ROLL', 0, 0, 0, 0, 0, 'Y', NULL, NULL),
('1501600323', 'LIST SKT BIRU MUDA GOLD 90Y', 13, 130, 'ROLL', 0, 0, 0, 0, 0, 'Y', NULL, NULL),
('1501600324', 'LIST SKT COKLAT GOLD 90Y', 13, 0, 'ROLL', 0, 0, 0, 0, 0, 'Y', NULL, NULL),
('1501600325', 'LIST SKT CREAM GOLD 90Y', 13, 120, 'ROLL', 0, 0, 0, 0, 0, 'Y', NULL, NULL),
('1501600326', 'LIST SKT DONGKER GOLD 90Y', 13, 330, 'ROLL', 0, 0, 0, 0, 0, 'Y', NULL, NULL),
('1501600327', 'LIST SKT HIJAU GOLD 90Y', 13, 260, 'ROLL', 0, 0, 0, 0, 0, 'Y', NULL, NULL),
('1501600328', 'LIST SKT HITAM GOLD 90Y', 13, 80, 'ROLL', 0, 0, 0, 0, 0, 'Y', NULL, NULL),
('1501600329', 'LIST SKT MERAH GOLD 90Y', 13, 290, 'ROLL', 0, 0, 0, 0, 0, 'Y', NULL, NULL),
('1501600330', 'LIST SKT PINK GOLD 90Y', 13, 250, 'ROLL', 0, 0, 0, 0, 0, 'Y', NULL, NULL),
('1501600331', 'LIST SKT PUTIH GOLD 90Y', 13, 840, 'ROLL', 0, 0, 0, 0, 0, 'Y', NULL, NULL),
('1501700302', 'LIST WAJIK MERAH 90Y', 13, 50, 'ROLL', 0, 0, 0, 0, 0, 'Y', NULL, NULL),
('1501700303', 'LIST WAJIK BIRU 90Y', 13, 170, 'ROLL', 0, 0, 0, 0, 0, 'Y', NULL, NULL),
('1501700310', 'LIST WAJIK HITAM 90Y', 13, 90, 'ROLL', 0, 0, 0, 0, 0, 'Y', NULL, NULL),
('1501700311', 'LIST WAJIK COKLAT MUDA 90Y', 13, 180, 'ROLL', 0, 0, 0, 0, 0, 'Y', NULL, NULL),
('1501700312', 'LIST WAJIK COKLAT 90Y', 13, 0, 'ROLL', 0, 0, 0, 0, 0, 'Y', NULL, NULL),
('1501800100', 'LIST WEBBING 60Y', 13, 1908, 'ROLL', 0, 0, 0, 0, 0, 'Y', NULL, NULL),
('1501900302', 'LIST X MERAH 90Y', 13, 120, 'ROLL', 0, 0, 0, 0, 0, 'Y', NULL, NULL),
('1501900303', 'LIST X BIRU 90Y', 13, 150, 'ROLL', 0, 0, 0, 0, 0, 'Y', NULL, NULL),
('1501900310', 'LIST X HITAM 90Y', 13, 30, 'ROLL', 0, 0, 0, 0, 0, 'Y', NULL, NULL),
('1501900311', 'LIST X COKLAT MUDA 90Y', 13, 500, 'ROLL', 0, 0, 0, 0, 0, 'Y', NULL, NULL),
('1501900312', 'LIST X COKLAT TUA 90Y', 13, 110, 'ROLL', 0, 0, 0, 0, 0, 'Y', NULL, NULL),
('1502000302', 'LIST SALUR MAROON 90Y', 13, 100, 'ROLL', 0, 0, 0, 0, 0, 'Y', NULL, NULL),
('1502000305', 'LIST SALUR PUTIH 90Y', 13, 100, 'ROLL', 0, 0, 0, 0, 0, 'Y', NULL, NULL),
('1502000312', 'LIST SALUR COKLAT 90Y', 13, 100, 'ROLL', 0, 0, 0, 0, 0, 'Y', NULL, NULL),
('1502000316', 'LIST SALUR NAVY 90Y', 13, 100, 'ROLL', 0, 0, 0, 0, 0, 'Y', NULL, NULL),
('1600100105', 'NON WOVEN PUTIH 100 GR L-210 CM ', 10, 0, 'MTR', 0, 0, 0, 0, 0, 'Y', NULL, NULL),
('1600100110', 'NON WOVEN HITAM 100 GR L-210 CM ', 10, 0, 'MTR', 0, 0, 0, 0, 0, 'Y', NULL, NULL),
('1600200105', 'NON WOVEN PUTIH 35 GR L-210 CM ', 10, 1500, 'MTR', 0, 0, 0, 0, 0, 'Y', NULL, NULL),
('1600200210', 'NON WOVEN HITAM 35 GR L-160 CM', 10, 0, 'MTR', 0, 0, 0, 0, 0, 'Y', NULL, NULL),
('1600200405', 'NON WOVEN PUTIH 35 GR L-220 CM ', 10, 0, 'MTR', 0, 0, 0, 0, 0, 'Y', NULL, NULL),
('1600300105', 'NON WOVEN PUTIH 40 GR L-210 CM ', 10, 837, 'MTR', 0, 0, 0, 0, 0, 'Y', NULL, NULL),
('1600300110', 'NON WOVEN HITAM 40 GR L-210 CM ', 10, 0, 'MTR', 0, 0, 0, 0, 0, 'Y', NULL, NULL),
('1600300210', 'NON WOVEN HITAM 40 GR L-160 CM', 10, 10000, 'MTR', 0, 0, 0, 0, 0, 'Y', NULL, NULL),
('1600300405', 'NON WOVEN PUTIH 40 GR L-220 CM ', 10, 0, 'MTR', 0, 0, 0, 0, 0, 'Y', NULL, NULL),
('1600301410', 'NON WOVEN HITAM 40 GR L-180 CM', 10, 0, 'MTR', 0, 0, 0, 0, 0, 'Y', NULL, NULL),
('1600400210', 'NON WOVEN HITAM 45 GR L-160 CM ', 10, 0, 'MTR', 0, 0, 0, 0, 0, 'Y', NULL, NULL),
('1600500100', 'NON WOVEN HITAM 50 GR L-210 CM ', 10, 16750, 'MTR', 0, 0, 0, 0, 0, 'Y', NULL, NULL),
('1600500105', 'NON WOVEN PUTIH 50 GR L-210 CM ', 10, 0, 'MTR', 0, 0, 0, 0, 0, 'Y', NULL, NULL),
('1600500205', 'NON WOVEN PUTIH 50 GR L-160 CM', 10, 0, 'MTR', 0, 0, 0, 0, 0, 'Y', NULL, NULL),
('1600500210', 'NON WOVEN HITAM 50 GR L-160 CM ', 10, 0, 'MTR', 0, 0, 0, 0, 0, 'Y', NULL, NULL),
('1600500310', 'NON WOVEN HITAM 50 GR L-130 CM ', 10, 0, 'MTR', 0, 0, 0, 0, 0, 'Y', NULL, NULL),
('1600500705', 'NON WOVEN PUTIH 50 GR L-13 CM ', 10, 0, 'MTR', 0, 0, 0, 0, 0, 'Y', NULL, NULL),
('1600500710', 'NON WOVEN HITAM 50 GR L-13 CM', 10, 5000, 'MTR', 0, 0, 0, 0, 0, 'Y', NULL, NULL),
('1600501010', 'NON WOVEN HITAM 50 GR L-125 CM', 10, 0, 'MTR', 0, 0, 0, 0, 0, 'Y', NULL, NULL),
('1600501110', 'NON WOVEN HITAM 50 GR L-85 CM', 10, 0, 'MTR', 0, 0, 0, 0, 0, 'Y', NULL, NULL),
('1600501210', 'NON WOVEN HITAM 50 GR L-70 CM', 10, 5000, 'MTR', 0, 0, 0, 0, 0, 'Y', NULL, NULL),
('1600600100', 'NON WOVEN HITAM 70 GR L-210 CM ', 10, 4500, 'MTR', 0, 0, 0, 0, 0, 'Y', NULL, NULL),
('1600700105', 'NON WOVEN PUTIH 75 GR L-210 CM ', 10, 1000, 'MTR', 0, 0, 0, 0, 0, 'Y', NULL, NULL),
('1600700110', 'NON WOVEN HITAM 75 GR L-210 CM ', 10, 96000, 'MTR', 0, 0, 0, 0, 0, 'Y', NULL, NULL),
('1600700205.', 'NON WOVEN PUTIH 75 GR L-160 CM', 10, 2000, 'MTR', 0, 0, 0, 0, 0, 'Y', NULL, NULL),
('1600700210', 'NON WOVEN HITAM 75 GR L-160 CM ', 10, 3750, 'MTR', 0, 0, 0, 0, 0, 'Y', NULL, NULL),
('1600700241.', 'NON WOVEN BIRU MUDA 75 GR L-160 CM', 10, 0, 'MTR', 0, 0, 0, 0, 0, 'Y', NULL, NULL),
('1600700242.', 'NON WOVEN HIJAU TUA 75 GR L-160 CM', 10, 0, 'MTR', 0, 0, 0, 0, 0, 'Y', NULL, NULL),
('1600700705', 'NON WOVEN PUTIH 75 GR L-13 CM', 10, 0, 'MTR', 0, 0, 0, 0, 0, 'Y', NULL, NULL),
('1600700905', 'NON WOVEN PUTIH 75 GR L-27 CM ', 10, 0, 'MTR', 0, 0, 0, 0, 0, 'Y', NULL, NULL),
('1600701305', 'NON WOVEN PUTIH 75 GR L-17 CM', 10, 0, 'MTR', 0, 0, 0, 0, 0, 'Y', NULL, NULL),
('1600800100', 'NON WOVEN PUTIH 75A GR L-210 CM ', 10, 250, 'MTR', 0, 0, 0, 0, 0, 'Y', NULL, NULL),
('1600800110', 'NON WOVEN HITAM 75A GR L-210 CM ', 10, 8000, 'MTR', 0, 0, 0, 0, 0, 'Y', NULL, NULL),
('1600800210', 'NON WOVEN HITAM 75A GR L-160 CM ', 10, 0, 'MTR', 0, 0, 0, 0, 0, 'Y', NULL, NULL),
('1600800405', 'NON WOVEN PUTIH 75A GR L-220 CM ', 10, 0, 'MTR', 0, 0, 0, 0, 0, 'Y', NULL, NULL),
('1600800410', 'NON WOVEN HITAM 75A GR L-220 CM ', 10, 0, 'MTR', 0, 0, 0, 0, 0, 'Y', NULL, NULL),
('1600800805', 'NON WOVEN PUTIH 75A GR L-13 CM ', 10, 2500, 'MTR', 0, 0, 0, 0, 0, 'Y', NULL, NULL),
('1600900100', 'NON WOVEN PUTIH 14 GR L-210 CM', 10, 132461, 'MTR', 0, 0, 0, 0, 0, 'Y', NULL, NULL),
('1600900405', 'NON WOVEN PUTIH 14 GR L-220 CM ', 10, 16000, 'MTR', 0, 0, 0, 0, 0, 'Y', NULL, NULL),
('1600900505', 'NON WOVEN PUTIH 14 GR L-215 CM', 10, 0, 'MTR', 0, 0, 0, 0, 0, 'Y', NULL, NULL),
('1600900605', 'NON WOVEN PUTIH 14 GR L-230 CM ', 10, 0, 'MTR', 0, 0, 0, 0, 0, 'Y', NULL, NULL),
('1601000205', 'NON WOVEN PUTIH 30 GR L-160', 10, 0, 'MTR', 0, 0, 0, 0, 0, 'Y', NULL, NULL),
('1601000210', 'NON WOVEN HITAM 30 GR L-160', 10, 0, 'MTR', 0, 0, 0, 0, 0, 'Y', NULL, NULL),
('1601000605', 'NON WOVEN PUTIH 30 GR L-230 CM ', 10, 0, 'MTR', 0, 0, 0, 0, 0, 'Y', NULL, NULL),
('1601100202.', 'NON WOVEN MERAH 85 GR L-160 CM', 10, 0, 'MTR', 0, 0, 0, 0, 0, 'Y', NULL, NULL),
('1601200405', 'NON WOVEN PUTIH 15 GR L-220 CM', 10, 14000, 'MTR', 0, 0, 0, 0, 0, 'Y', NULL, NULL),
('1601300110', 'NON WOVEN HITAM 50A GR L-210 CM', 10, 47250, 'MTR', 0, 0, 0, 0, 0, 'Y', NULL, NULL),
('1601300210', 'NON WOVEN HITAM 50A GR L-160 CM', 10, 0, 'MTR', 0, 0, 0, 0, 0, 'Y', NULL, NULL),
('1700100105', 'PLS BAGOR ROLL PUTIH L-210 @90Y', 14, 363, 'ROLL', 0, 0, 0, 0, 0, 'Y', NULL, NULL),
('1700102005', 'PLS BAGOR ROLL PUTIH L-210@80Y', 14, 52, 'ROLL', 0, 0, 0, 0, 0, 'Y', NULL, NULL),
('1700200210', 'PLS BOARD PLEX S-RIB T3 HITAM 1000X1600', 14, 498, 'LBR', 0, 0, 0, 0, 0, 'Y', NULL, NULL),
('1700200310', 'PLS BOARD PLEX S-RIB T3 HITAM 1000X1800', 14, 500, 'LBR', 0, 0, 0, 0, 0, 'Y', NULL, NULL),
('1700200400', 'PLS BOARD PLEX S-RIB T3 HITAM 200X100', 14, 0, 'LBR', 0, 0, 0, 0, 0, 'Y', NULL, NULL),
('1700300500', 'PLS MIKA 0.05MM X 137CM X 100Y', 14, 236, 'ROLL', 0, 0, 0, 0, 0, 'Y', NULL, NULL),
('1700300600', 'PLS MIKA 0.05MM X 137CM X 30Y', 14, 250, 'ROLL', 0, 0, 0, 0, 0, 'Y', NULL, NULL),
('1700300700', 'PLS MIKA 0.05MM X 210CM X 100Y', 14, 1434, 'ROLL', 0, 0, 0, 0, 0, 'Y', NULL, NULL),
('1700300800', 'PLS MIKA 0.05MM X 210CM X 80M', 14, 0, 'ROLL', 0, 0, 0, 0, 0, 'Y', NULL, NULL),
('1700300900', 'PLS MIKA 0.05MM X 230CM X 100Y', 14, 492, 'ROLL', 0, 0, 0, 0, 0, 'Y', NULL, NULL),
('1700300900(41)', 'PLS MIKA 0.05MM X 230CM X 100Y (UC)', 14, 0, 'ROLL', 0, 0, 0, 0, 0, 'Y', NULL, NULL),
('1700400900', 'PLS MIKA 0.07MM X 230CM X 100Y', 14, 0, 'ROLL', 0, 0, 0, 0, 0, 'Y', NULL, NULL),
('1700401000', 'PLS MIKA 0.07MM X 210CM X 100Y', 14, 22, 'ROLL', 0, 0, 0, 0, 0, 'Y', NULL, NULL),
('1700500900', 'PLS MIKA 0.10MM X 230CM X 100Y', 14, 670, 'ROLL', 0, 0, 0, 0, 0, 'Y', NULL, NULL),
('1700501000', 'PLS MIKA 0.10MM X 210CM X 100Y', 14, 443, 'ROLL', 0, 0, 0, 0, 0, 'Y', NULL, NULL),
('1700501100', 'PLS MIKA 0.10MM X 240CM X 100Y', 14, 176, 'ROLL', 0, 0, 0, 0, 0, 'Y', NULL, NULL),
('1700601200', 'PLS MIKA 0.25 X 137CM X 50Y', 14, 0, 'ROLL', 0, 0, 0, 0, 0, 'Y', NULL, NULL),
('1700701300', 'PLS PE FOAM F-GUARD P-210 CM', 14, 0, 'PCS', 0, 0, 0, 0, 0, 'Y', NULL, NULL),
('1700800000', 'PLS PE FOAM F-GUARD T-15 CM', 14, 27060, 'PCS', 0, 0, 0, 0, 0, 'Y', NULL, NULL),
('1700900000', 'PLS PE FOAM F-GUARD T-17 CM', 14, 84150, 'PCS', 0, 0, 0, 0, 0, 'Y', NULL, NULL),
('1701000000', 'PLS PE FOAM F-GUARD T-18 CM', 14, 0, 'PCS', 0, 0, 0, 0, 0, 'Y', NULL, NULL),
('1701100400', 'PLS PE FOAM SHEET 200X100X3 CM', 14, 37, 'LBR', 0, 0, 0, 0, 0, 'Y', NULL, NULL),
('1701102300', 'PLS PE FOAM SHEET 170X18X3 CM', 14, 999, 'LBR', 0, 0, 0, 0, 0, 'Y', NULL, NULL),
('1701102400', 'PLS PE FOAM SHEET 198X18X3 CM', 14, 1000, 'LBR', 0, 0, 0, 0, 0, 'Y', NULL, NULL),
('1701200400', 'PLS PE FOAM SHEET 200X100X5 CM', 14, 34, 'LBR', 0, 0, 0, 0, 0, 'Y', NULL, NULL),
('1701301400', 'PLS PE FOAM SHEET 200X120X2.6 CM', 14, 20, 'LBR', 0, 0, 0, 0, 0, 'Y', NULL, NULL),
('1701301500', 'PLS PE FOAM SHEET 200X160X2.6 CM', 14, 20, 'LBR', 0, 0, 0, 0, 0, 'Y', NULL, NULL),
('1701301600', 'PLS PE FOAM SHEET 200X180X2.6 CM', 14, 50, 'LBR', 0, 0, 0, 0, 0, 'Y', NULL, NULL),
('1701401500', 'PLS PE FOAM SHEET 200X160X1 CM', 14, 260, 'LBR', 0, 0, 0, 0, 0, 'Y', NULL, NULL),
('1701401600', 'PLS PE FOAM SHEET 200X180X1 CM', 14, 35, 'LBR', 0, 0, 0, 0, 0, 'Y', NULL, NULL),
('1701501500', 'PLS PE FOAM SHEET 200X160X1.5 CM', 14, 115, 'LBR', 0, 0, 0, 0, 0, 'Y', NULL, NULL),
('1701501600', 'PLS PE FOAM SHEET 200X180X1.5 CM', 14, 152, 'LBR', 0, 0, 0, 0, 0, 'Y', NULL, NULL),
('1701601700', 'PLS PE ROLL 0.03 MM X 220 CM', 14, 0, 'KG', 0, 0, 0, 0, 0, 'Y', NULL, NULL),
('1701701800', 'PLS PE ROLL 0.05 MM X 200 CM', 14, 0, 'KG', 0, 0, 0, 0, 0, 'Y', NULL, NULL),
('1701701900', 'PLS PE ROLL 0.05 MM X 230 CM', 14, 3730, 'KG', 0, 0, 0, 0, 0, 'Y', NULL, NULL),
('1701702200', 'PLS PE ROLL 0.05 MMX135 CM', 14, 237, 'KG', 0, 0, 0, 0, 0, 'Y', NULL, NULL),
('1701801900', 'PLS PE ROLL 0.10 MM X 230 CM', 14, 1870, 'KG', 0, 0, 0, 0, 0, 'Y', NULL, NULL),
('1701900000', 'PLS PLAKBAN', 14, 1872, 'ROLL', 0, 0, 0, 0, 0, 'Y', NULL, NULL),
('1702001500', 'PLS PE FOAM SHEET 200X160X5 CM', 14, 30, 'LBR', 0, 0, 0, 0, 0, 'Y', NULL, NULL),
('1702001600', 'PLS PE FOAM SHEET 200X180X5 CM', 14, 30, 'LBR', 0, 0, 0, 0, 0, 'Y', NULL, NULL),
('1702101500', 'PLS PE FOAM SHEET 200X160X2.5 CM', 14, 200, 'LBR', 0, 0, 0, 0, 0, 'Y', NULL, NULL),
('1702101600', 'PLS PE FOAM SHEET 200X180X2.5 CM', 14, 200, 'LBR', 0, 0, 0, 0, 0, 'Y', NULL, NULL),
('1702202100', 'PLS PE ROLL 0.04 MMX140 CM', 14, 216, 'KG', 0, 0, 0, 0, 0, 'Y', NULL, NULL),
('1702202200', 'PLS PE ROLL 0.04 MMX130 CM', 14, 183, 'KG', 0, 0, 0, 0, 0, 'Y', NULL, NULL),
('1702302300', 'PLS PE FOAM SHEET 170X18X4 CM', 14, 1000, 'LBR', 0, 0, 0, 0, 0, 'Y', NULL, NULL),
('1702302400', 'PLS PE FOAM SHEET 198X18X4 CM', 14, 1000, 'LBR', 0, 0, 0, 0, 0, 'Y', NULL, NULL),
('180010000', 'STAPLESS 1006J', 15, 0, 'BOX', 0, 0, 0, 0, 0, 'Y', NULL, NULL),
('180010200(11)', 'STAPLESS 1006 @40 BOX (EKA)', 15, 1000, 'BOX', 0, 0, 0, 0, 0, 'Y', NULL, NULL),
('180020100(11)', 'STAPLESS 1008 @30 BOX (EKA)', 15, 750, 'BOX', 0, 0, 0, 0, 0, 'Y', NULL, NULL),
('180020100(42)', 'STAPLESS 1008 @30 BOX (AIRTEC)', 15, 0, 'BOX', 0, 0, 0, 0, 0, 'Y', NULL, NULL),
('180020100(43)', 'STAPLESS 1008 @30 BOX (CH)', 15, 0, 'BOX', 0, 0, 0, 0, 0, 'Y', NULL, NULL),
('180030200', 'STAPLESS 1008 @40 BOX', 15, 0, 'BOX', 0, 0, 0, 0, 0, 'Y', NULL, NULL),
('180040100(11)', 'STAPLESS 1010 @30 BOX (EKA)', 15, 8250, 'BOX', 0, 0, 0, 0, 0, 'Y', NULL, NULL),
('180040100(42)', 'STAPLESS 1010 @30 BOX AIRTEC', 15, 4290, 'BOX', 0, 0, 0, 0, 0, 'Y', NULL, NULL),
('180040100(43)', 'STAPLESS 1010 @30 BOX (CH)', 15, 0, 'BOX', 0, 0, 0, 0, 0, 'Y', NULL, NULL),
('180040100(44)', 'STAPLESS 1010 @30 BOX (ETONA)', 15, 0, 'BOX', 0, 0, 0, 0, 0, 'Y', NULL, NULL),
('180040100(45)', 'STAPLESS 1010 @30 BOX (HECTER)', 15, 10920, 'BOX', 0, 0, 0, 0, 0, 'Y', NULL, NULL),
('180040100(46)', 'STAPLESS 1010 @30 BOX (SUN)', 15, 0, 'BOX', 0, 0, 0, 0, 0, 'Y', NULL, NULL),
('180040100(47)', 'STAPLESS 1010 @30 BOX (YS)', 15, 0, 'BOX', 0, 0, 0, 0, 0, 'Y', NULL, NULL),
('180040300(48)', 'STAPLESS 1010 @36 BOX (MEITE)', 15, 36, 'BOX', 0, 0, 0, 0, 0, 'Y', NULL, NULL),
('180050100(11)', 'STAPLESS 1013 @30 BOX (EKA)', 15, 180, 'BOX', 0, 0, 0, 0, 0, 'Y', NULL, NULL),
('180050100(42)', 'STAPLESS 1013 @30 BOX (AIRTEC)', 15, 960, 'BOX', 0, 0, 0, 0, 0, 'Y', NULL, NULL),
('180050100(44)', 'STAPLESS 1013 @30 BOX (ETONA)', 15, 0, 'BOX', 0, 0, 0, 0, 0, 'Y', NULL, NULL),
('180050100(45)', 'STAPLESS 1013 @30 BOX (HECTER)', 15, 23159, 'BOX', 0, 0, 0, 0, 0, 'Y', NULL, NULL),
('180050100(69)', 'STAPLES 1013 @30 BOX (TIGER)', 15, 0, 'BOX', 0, 0, 0, 0, 0, 'Y', NULL, NULL),
('180060100(11)', 'STAPLESS 1016 @30 BOX (EKA)', 15, 4500, 'BOX', 0, 0, 0, 0, 0, 'Y', NULL, NULL),
('180070100(11)', 'STAPLESS 1216 @30 BOX (EKA)', 15, 59, 'BOX', 0, 0, 0, 0, 0, 'Y', NULL, NULL),
('180080100(42)', 'STAPLESS 416 @30 BOX (AIRTEC)', 15, 171, 'BOX', 0, 0, 0, 0, 0, 'Y', NULL, NULL),
('180090200', 'STAPLESS 419 @40 BOX', 15, 0, 'BOX', 0, 0, 0, 0, 0, 'Y', NULL, NULL),
('180091400(11)', 'STAPLESS 419 @24 BOX (EKA)', 15, 600, 'BOX', 0, 0, 0, 0, 0, 'Y', NULL, NULL),
('180100100', 'STAPLESS 422 @30 BOX', 15, 89, 'BOX', 0, 0, 0, 0, 0, 'Y', NULL, NULL),
('180110000', 'STAPLESS 619', 15, 150, 'DUS', 0, 0, 0, 0, 0, 'Y', NULL, NULL),
('180120000', 'STAPLESS 625', 15, 25, 'DUS', 0, 0, 0, 0, 0, 'Y', NULL, NULL),
('180130400(11)', 'STAPLESS CL 73 @9000 PCS (EKA)', 15, 0, 'DUS', 0, 0, 0, 0, 0, 'Y', NULL, NULL),
('180130400(42)', 'STAPLESS CL 73 @9000 PCS (AIRTEC)', 15, 140, 'DUS', 0, 0, 0, 0, 0, 'Y', NULL, NULL),
('180140400(11)', 'STAPLESS CL 74 @9000 PCS (EKA)', 15, 86, 'DUS', 0, 0, 0, 0, 0, 'Y', NULL, NULL),
('180140400(42)', 'STAPLESS CL 74 @9000 PCS (AIRTEC)', 15, 70, 'DUS', 0, 0, 0, 0, 0, 'Y', NULL, NULL),
('180140400(49)', 'STAPLESS CL 74 @9000 PCS (SJA)', 15, 13, 'DUS', 0, 0, 0, 0, 0, 'Y', NULL, NULL),
('180150500(11)', 'STAPLESS CL 75 @8000 PCS (EKA)', 15, 214, 'DUS', 0, 0, 0, 0, 0, 'Y', NULL, NULL),
('180150500(42)', 'STAPLESS CL 75 @8000 PCS (AIRTEC)', 15, 7, 'DUS', 0, 0, 0, 0, 0, 'Y', NULL, NULL),
('180160500(42)', 'STAPLESS CL 76 @8000 PCS (AIRTEC)', 15, 0, 'DUS', 0, 0, 0, 0, 0, 'Y', NULL, NULL),
('180160600(11)', 'STAPLESS CL 76 @6000 PCS (EKA)', 15, 0, 'DUS', 0, 0, 0, 0, 0, 'Y', NULL, NULL),
('180170700(11)', 'STAPLESS C-RING @10000 PCS (EKA)', 15, 394, 'DUS', 0, 0, 0, 0, 0, 'Y', NULL, NULL),
('180170800(42)', 'STAPLESS C-RING @20.000 PCS (AIRTEC)', 15, 1, 'DUS', 0, 0, 0, 0, 0, 'Y', NULL, NULL),
('180170900(50)', 'STAPLESS C-RING @40000 PCS (1081)', 15, 0, 'DUS', 0, 0, 0, 0, 0, 'Y', NULL, NULL),
('180180700(11)', 'STAPLESS HR 22 @10000 PCS (EKA)', 15, 0, 'DUS', 0, 0, 0, 0, 0, 'Y', NULL, NULL),
('180181000', 'STAPLESS HR 22 @10000 PCS', 15, 0, 'BOX', 0, 0, 0, 0, 0, 'Y', NULL, NULL),
('180181000(11)', 'STAPLESS HR 22 @1000 PCS (EKA)', 15, 1220, 'BOX', 0, 0, 0, 0, 0, 'Y', NULL, NULL),
('180181100 (11)', 'STAPLESS HR 22 EKA @2000 PCS ', 15, 0, 'BOX', 0, 0, 0, 0, 0, 'Y', NULL, NULL),
('180181100(42)', 'STAPLESS HR 22 AIRTEC @2000 PCS', 15, 0, 'BOX', 0, 0, 0, 0, 0, 'Y', NULL, NULL),
('180191200(51)', 'STAPLESS SCJ 13/8 LOTUS @5000 PCS', 15, 300, 'BOX', 0, 0, 0, 0, 0, 'Y', NULL, NULL),
('180201300(45)', 'STAPLESS 13/8 @50 BOX (HECTER)', 15, 0, 'BOX', 0, 0, 0, 0, 0, 'Y', NULL, NULL),
('180211300(45)', 'STAPLESS 13/6 @50 BOX (HECTER)', 15, 4750, 'BOX', 0, 0, 0, 0, 0, 'Y', NULL, NULL),
('1900000-1301-6-99', 'KP CN KATUN DIOR 1301-6', 6, 0, 'MTR', 0, 0, 0, 0, 0, 'Y', NULL, NULL),
('1900000-2453-6', 'KP CN KATUN LV 2453-6', 6, 0, 'MTR', 0, 0, 0, 0, 0, 'Y', NULL, NULL),
('1900003-130332', 'KP JKT LILY RB (03) 510091', 6, 91, 'MTR', 0, 0, 0, 0, 0, 'Y', NULL, NULL),
('1900012-130331', 'KP JKT LILY RB (12) 510091', 6, 0, 'MTR', 0, 0, 0, 0, 0, 'Y', NULL, NULL),
('190002-130333', 'KP JKT LILY RB (02) 510091', 6, 0, 'MTR', 0, 0, 0, 0, 0, 'Y', NULL, NULL),
('1900102', 'KP CN CN PONGE MERAH', 6, 0, 'MTR', 0, 0, 0, 0, 0, 'Y', NULL, NULL),
('1900200', 'KP CN GORDRN', 6, 0, 'MTR', 0, 0, 0, 0, 0, 'Y', NULL, NULL),
('1900300-2354-11-101', 'KP CN KATUN KAPTEN AMERIKA 2354-11', 6, 0, 'MTR', 0, 0, 0, 0, 0, 'Y', NULL, NULL),
('1900300-2623-4', 'KP CN KATUN 2623 THE POOH', 6, 0, 'MTR', 0, 0, 0, 0, 0, 'Y', NULL, NULL),
('1900300-BT.701.A-14', 'KP CN KATUN BT701-A DORAEMON', 6, 0, 'MTR', 0, 0, 0, 0, 0, 'Y', NULL, NULL),
('1900300-BT201.I-14', 'KP CN KATUN BT701-I DORAEMON', 6, 0, 'MTR', 0, 0, 0, 0, 0, 'Y', NULL, NULL),
('1900300-BT701.F-85', 'KP CN KATUN BT701-F PORORO', 6, 0, 'MTR', 0, 0, 0, 0, 0, 'Y', NULL, NULL),
('1900300-BT701.L-90', 'KP CN KATUN BT701-L KEROPI HIJAU', 6, 0, 'MTR', 0, 0, 0, 0, 0, 'Y', NULL, NULL),
('1900301-2605-E-103', 'KP CN KATUN HIJAU LOL SURPRISE 2605-E', 6, 0, 'MTR', 0, 0, 0, 0, 0, 'Y', NULL, NULL),
('1900302-BT701.J-11', 'KP CN KATUN MERAH BT701-J HELLO KITTY', 6, 0, 'MTR', 0, 0, 0, 0, 0, 'Y', NULL, NULL),
('1900303-130352-97', 'KP CN KATUN BIRU DISNEY TSUM TSUM 230320', 6, 0, 'MTR', 0, 0, 0, 0, 0, 'Y', NULL, NULL),
('1900303-1821-E-26', 'KP CN KATUN BIRU TSUM TSUM 1821-E', 6, 480, 'MTR', 0, 0, 0, 0, 0, 'Y', NULL, NULL),
('1900303-2605-E-103', 'KP CN KATUN BIRU LOL SURPRISE 2605-E', 6, 0, 'MTR', 0, 0, 0, 0, 0, 'Y', NULL, NULL),
('1900303-3794-A', 'KP CN KATUN ABSTRAK BIRU 3794-A', 6, 600, 'MTR', 0, 0, 0, 0, 0, 'Y', NULL, NULL),
('1900303-3803', 'KP CN KATUN BUNGA BIRU 3803', 6, 300, 'MTR', 0, 0, 0, 0, 0, 'Y', NULL, NULL),
('1900303-BT701.H-21', 'KP CN KATUN BIRU BT701-H LITTLE PONY', 6, 0, 'MTR', 0, 0, 0, 0, 0, 'Y', NULL, NULL),
('1900304-130353-97', 'KP CN KATUN PINK DISNEY TSUM TSUM 220320', 6, 0, 'MTR', 0, 0, 0, 0, 0, 'Y', NULL, NULL),
('1900304-1821-E-26', 'KP CN KATUN PINK TSUM TSUM 1821-E', 6, 120, 'MTR', 0, 0, 0, 0, 0, 'Y', NULL, NULL),
('1900304-2605-E-103', 'KP CN KATUN PINK LOL SURPRISE 2605-E', 6, 0, 'MTR', 0, 0, 0, 0, 0, 'Y', NULL, NULL),
('1900304-BT701.E-21', 'KP CN KATUN PINK BT701-E LITTLE PONY', 6, 0, 'MTR', 0, 0, 0, 0, 0, 'Y', NULL, NULL),
('1900400-2760-7', 'KP CN KATUN ABSTRAK 2760-7', 6, 0, 'MTR', 0, 0, 0, 0, 0, 'Y', NULL, NULL),
('1900400-2762-5', 'KP CN KATUN ABSTRAK 2762-5', 6, 0, 'MTR', 0, 0, 0, 0, 0, 'Y', NULL, NULL),
('1900400-2769-6', 'KP CN KATUN ABSTRAK 2769-6', 6, 0, 'MTR', 0, 0, 0, 0, 0, 'Y', NULL, NULL),
('1900400-2825-6', 'KP CN KATUN ABSTRAK 2825-6', 6, 0, 'MTR', 0, 0, 0, 0, 0, 'Y', NULL, NULL),
('1900400-552-7', 'KP CN KATUN ABSTRAK 552-7', 6, 0, 'MTR', 0, 0, 0, 0, 0, 'Y', NULL, NULL),
('1900400-671-8', 'KP CN KATUN ABSTRAK 671-8', 6, 0, 'MTR', 0, 0, 0, 0, 0, 'Y', NULL, NULL),
('1900401-1697', 'KP CN KATUN ABSTRAK HIJAU 1697', 6, 0, 'MTR', 0, 0, 0, 0, 0, 'Y', NULL, NULL),
('1900401-4068', 'KP CN KATUN ABSTRAK HIJAU 4068', 6, 200, 'MTR', 0, 0, 0, 0, 0, 'Y', NULL, NULL),
('1900401-541-6', 'KP CN KATUN ABSTRAK HIJAU 541-6', 6, 0, 'MTR', 0, 0, 0, 0, 0, 'Y', NULL, NULL),
('1900402-1231', 'KP CN KATUN ABSTRAK MERAH 1231', 6, 400, 'MTR', 0, 0, 0, 0, 0, 'Y', NULL, NULL),
('1900402-1697', 'KP CN KATUN ABSTRAK MERAH 1697', 6, 0, 'MTR', 0, 0, 0, 0, 0, 'Y', NULL, NULL),
('1900402-3780', 'KP CN KATUN ABSTRAK MERAH 3780', 6, 500, 'MTR', 0, 0, 0, 0, 0, 'Y', NULL, NULL),
('1900402-3972', 'KP CN KATUN ABSTRAK MERAH 3972 ', 6, 2000, 'MTR', 0, 0, 0, 0, 0, 'Y', NULL, NULL),
('1900402-4068', 'KP CN KATUN ABSTRAK MERAH 4068', 6, 2000, 'MTR', 0, 0, 0, 0, 0, 'Y', NULL, NULL),
('1900402-4475', 'KP CN KATUN ABSTRAK MERAH 4475', 6, 400, 'MTR', 0, 0, 0, 0, 0, 'Y', NULL, NULL),
('1900402-RAM-035', 'KP CN KATUN ABSTRAK MERAH RAM-035', 6, 2760, 'MTR', 0, 0, 0, 0, 0, 'Y', NULL, NULL),
('1900403', 'KP CN KATUN ABSTRAK BIRU', 6, 150, 'MTR', 0, 0, 0, 0, 0, 'Y', NULL, NULL),
('1900403-1231', 'KP CN KATUN ABSTRAK BIRU 1231', 6, 1400, 'MTR', 0, 0, 0, 0, 0, 'Y', NULL, NULL),
('1900403-1510', 'KP CN KATUN ABSTRAK BIRU 1510', 6, 0, 'MTR', 0, 0, 0, 0, 0, 'Y', NULL, NULL),
('1900403-1697', 'KP CN KATUN ABSTRAK BIRU 1697', 6, 1680, 'MTR', 0, 0, 0, 0, 0, 'Y', NULL, NULL),
('1900403-2409.7', 'KP CN KATUN ABSTRAK BIRU 2409-7', 6, 0, 'MTR', 0, 0, 0, 0, 0, 'Y', NULL, NULL),
('1900403-2452-6', 'KP CN KATUN ABSTRAK BIRU 2452-6', 6, 0, 'MTR', 0, 0, 0, 0, 0, 'Y', NULL, NULL),
('1900403-2454.6', 'KP CN KATUN ABSTRAK BIRU 2454-6', 6, 0, 'MTR', 0, 0, 0, 0, 0, 'Y', NULL, NULL),
('1900403-3780', 'KP CN KATUN ABSTRAK BIRU 3780', 6, 700, 'MTR', 0, 0, 0, 0, 0, 'Y', NULL, NULL),
('1900403-4068', 'KP CN KATUN ABSTRAK BIRU 4068', 6, 2000, 'MTR', 0, 0, 0, 0, 0, 'Y', NULL, NULL),
('1900403-4475', 'KP CN KATUN ABSTRAK BIRU 4475', 6, 400, 'MTR', 0, 0, 0, 0, 0, 'Y', NULL, NULL),
('1900403-541-6', 'KP CN KATUN ABSTRAK BIRU 541-6', 6, 0, 'MTR', 0, 0, 0, 0, 0, 'Y', NULL, NULL),
('1900403-RAM-035', 'KP CN KATUN ABSTRAK BIRU RAM-035', 6, 1440, 'MTR', 0, 0, 0, 0, 0, 'Y', NULL, NULL),
('1900404-1214B', 'KP CN KATUN ABSTRAK PINK 1214B', 6, 900, 'MTR', 0, 0, 0, 0, 0, 'Y', NULL, NULL),
('1900404-15-2329', 'KP CN KATUN ABSTRAK PINK 15-2329', 6, 2000, 'MTR', 0, 0, 0, 0, 0, 'Y', NULL, NULL),
('1900404-1697', 'KP CN KATUN ABSTRAK PINK 1697', 6, 600, 'MTR', 0, 0, 0, 0, 0, 'Y', NULL, NULL),
('1900404-3794-B', 'KP CN KATUN ABSTRAK PINK 3794-B', 6, 1200, 'MTR', 0, 0, 0, 0, 0, 'Y', NULL, NULL),
('190040559-8', 'KP CN KATUN ABSTRAK 559-8', 6, 0, 'MTR', 0, 0, 0, 0, 0, 'Y', NULL, NULL),
('1900412-2520', 'KP CN KATUN ABSTRAK COKLAT 2520', 6, 0, 'MTR', 0, 0, 0, 0, 0, 'Y', NULL, NULL),
('1900412-3780', 'KP CN KATUN ABSTRAK COKLAT 3780', 6, 200, 'MTR', 0, 0, 0, 0, 0, 'Y', NULL, NULL),
('1900412-4475', 'KP CN KATUN ABSTRAK COKLAT 4475', 6, 400, 'MTR', 0, 0, 0, 0, 0, 'Y', NULL, NULL),
('1900412-4491', 'KP CN KATUN ABSTRAK COKLAT 4491', 6, 1000, 'MTR', 0, 0, 0, 0, 0, 'Y', NULL, NULL),
('1900418-1231', 'KP CN KATUN ABSTRAK KUNING 1231', 6, 400, 'MTR', 0, 0, 0, 0, 0, 'Y', NULL, NULL),
('1900420-15-2329', 'KP CN KATUN ABSTRAK ORANGE 15-2329', 6, 2000, 'MTR', 0, 0, 0, 0, 0, 'Y', NULL, NULL),
('1900438-1214B', 'KP CN KATUN ABSTRAK UNGU 1214B', 6, 0, 'MTR', 0, 0, 0, 0, 0, 'Y', NULL, NULL),
('1900438-15-2329', 'KP CN KATUN ABSTRAK UNGU 15-2329', 6, 2000, 'MTR', 0, 0, 0, 0, 0, 'Y', NULL, NULL),
('1900438-2520', 'KP CN KATUN ABSTRAK UNGU 2520', 6, 700, 'MTR', 0, 0, 0, 0, 0, 'Y', NULL, NULL),
('1900438-3780', 'KP CN KATUN ABSTRAK UNGU 3780', 6, 600, 'MTR', 0, 0, 0, 0, 0, 'Y', NULL, NULL),
('1900438-3794-E', 'KP CN KATUN ABSTRAK UNGU 3794-E', 6, 1100, 'MTR', 0, 0, 0, 0, 0, 'Y', NULL, NULL),
('1900438-RAM-035', 'KP CN KATUN ABSTRAK UNGU RAM-035', 6, 840, 'MTR', 0, 0, 0, 0, 0, 'Y', NULL, NULL),
('1900443-1231', 'KP CN KATUN ABSTRAK TOSCA 1231', 6, 1500, 'MTR', 0, 0, 0, 0, 0, 'Y', NULL, NULL),
('1900443-3972', 'KP CN KATUN ABSTRAK TOSCA 3972', 6, 2000, 'MTR', 0, 0, 0, 0, 0, 'Y', NULL, NULL),
('1900443-4068', 'KP CN KATUN ABSTRAK TOSCA 4068', 6, 2000, 'MTR', 0, 0, 0, 0, 0, 'Y', NULL, NULL),
('1900443-RAM-035', 'KP CN KATUN ABSTRAK TOSCA RAM-035', 6, 720, 'MTR', 0, 0, 0, 0, 0, 'Y', NULL, NULL),
('1900500-1497-2', 'KP CN KATUN BOLA 1497 MU', 6, 58, 'MTR', 0, 0, 0, 0, 0, 'Y', NULL, NULL),
('1900500-1499-1', 'KP CN KATUN BOLA 1499 BARCA', 6, 0, 'MTR', 0, 0, 0, 0, 0, 'Y', NULL, NULL),
('1900500-2204-3', 'KP CN KATUN BOLA 2204 RM', 6, 0, 'MTR', 0, 0, 0, 0, 0, 'Y', NULL, NULL),
('1900500-2218E-2', 'KP CN KATUN BOLA MU 2218 E', 6, 0, 'MTR', 0, 0, 0, 0, 0, 'Y', NULL, NULL),
('1900500-2484-91', 'KP CN KATUN BOLA 2484 JUVENTUS', 6, 100, 'MTR', 0, 0, 0, 0, 0, 'Y', NULL, NULL),
('1900500-2625-2', 'KP CN KATUN BOLA 2625 MU', 6, 0, 'MTR', 0, 0, 0, 0, 0, 'Y', NULL, NULL),
('1900500-6003-E-73', 'KP CN KATUN BOLA REAL MADRID 6003-E', 6, 0, 'MTR', 0, 0, 0, 0, 0, 'Y', NULL, NULL),
('1900500-8236-E-50', 'KP CN KATUN BOLA CHELSEA 8236-E', 6, 0, 'MTR', 0, 0, 0, 0, 0, 'Y', NULL, NULL),
('1900500-BT701.M-2', 'KP CN KATUN BOLA BT701-M MU', 6, 0, 'MTR', 0, 0, 0, 0, 0, 'Y', NULL, NULL),
('1900602-1459', 'KP CN KATUN BONEKA MERAH 1459', 6, 35, 'MTR', 0, 0, 0, 0, 0, 'Y', NULL, NULL),
('1900602-2253', 'KP CN KATUN BONEKA MERAH 2253', 6, 0, 'MTR', 0, 0, 0, 0, 0, 'Y', NULL, NULL),
('1900602-2376', 'KP CN KATUN BONEKA MERAH 2376', 6, 0, 'MTR', 0, 0, 0, 0, 0, 'Y', NULL, NULL),
('1900603-11446', 'KP CN KATUN BONEKA BIRU 11446', 6, 0, 'MTR', 0, 0, 0, 0, 0, 'Y', NULL, NULL),
('1900603-1249', 'KP CN KATUN BONEKA BIRU 1249', 6, 0, 'MTR', 0, 0, 0, 0, 0, 'Y', NULL, NULL),
('1900603-1440', 'KP CN KATUN BONEKA BIRU 1440', 6, 0, 'MTR', 0, 0, 0, 0, 0, 'Y', NULL, NULL),
('1900603-1446-9', 'KP CN KATUN BONEKA BIRU 1446-9', 6, 0, 'MTR', 0, 0, 0, 0, 0, 'Y', NULL, NULL),
('1900603-1459', 'KP CN KATUN BONEKA BIRU 1459', 6, 0, 'MTR', 0, 0, 0, 0, 0, 'Y', NULL, NULL),
('1900603-2189-10', 'KP CN KATUN BONEKA BIRU 2189-10', 6, 0, 'MTR', 0, 0, 0, 0, 0, 'Y', NULL, NULL),
('1900603-2364', 'KP CN KATUN BONEKA BIRU 2364', 6, 0, 'MTR', 0, 0, 0, 0, 0, 'Y', NULL, NULL),
('1900603-2373.1', 'KP CN KATUN BONEKA BIRU 2373-10', 6, 0, 'MTR', 0, 0, 0, 0, 0, 'Y', NULL, NULL),
('1900603-6985', 'KP CN KATUN BONEKA BIRU 6985', 6, 47, 'MTR', 0, 0, 0, 0, 0, 'Y', NULL, NULL),
('1900604-1439', 'KP CN KATUN BONEKA PINK 1439', 6, 0, 'MTR', 0, 0, 0, 0, 0, 'Y', NULL, NULL),
('1900604-1870-7', 'KP CN KATUN BONEKA PINK 1870-7', 6, 0, 'MTR', 0, 0, 0, 0, 0, 'Y', NULL, NULL),
('1900612-2258-7', 'KP CN KATUN BONEKA COKLAT 2258-7', 6, 0, 'MTR', 0, 0, 0, 0, 0, 'Y', NULL, NULL),
('1900702-1275', 'KP CN KATUN BUNGA MERAH 1275', 6, 0, 'MTR', 0, 0, 0, 0, 0, 'Y', NULL, NULL),
('1900702-1283', 'KP CN KATUN BUNGA MERAH 1283', 6, 0, 'MTR', 0, 0, 0, 0, 0, 'Y', NULL, NULL),
('1900702-1467', 'KP CN KATUN BUNGA MERAH 1467', 6, 0, 'MTR', 0, 0, 0, 0, 0, 'Y', NULL, NULL),
('1900702-1641', 'KP CN KATUN BUNGA MERAH 1641', 6, 600, 'MTR', 0, 0, 0, 0, 0, 'Y', NULL, NULL),
('1900702-178-8', 'KP CN KATUN BUNGA MERAH 178-8', 6, 0, 'MTR', 0, 0, 0, 0, 0, 'Y', NULL, NULL),
('1900702-1942-8', 'KP CN KATUN BUNGA MERAH 1942-8', 6, 0, 'MTR', 0, 0, 0, 0, 0, 'Y', NULL, NULL),
('1900702-3158', 'KP CN KATUN BUNGA MERAH 3158', 6, 0, 'MTR', 0, 0, 0, 0, 0, 'Y', NULL, NULL),
('1900702-3493', 'KP CN KATUN BUNGA MERAH 3493', 6, 600, 'MTR', 0, 0, 0, 0, 0, 'Y', NULL, NULL),
('1900702-693', 'KP CN KATUN BUNGA MERAH 693', 6, 0, 'MTR', 0, 0, 0, 0, 0, 'Y', NULL, NULL),
('1900702-923', 'KP CN KATUN BUNGA MERAH 923', 6, 0, 'MTR', 0, 0, 0, 0, 0, 'Y', NULL, NULL),
('1900703-1255', 'KP CN KATUN BUNGA BIRU 1255', 6, 0, 'MTR', 0, 0, 0, 0, 0, 'Y', NULL, NULL),
('1900703-1351.11', 'KP CN KATUN BUNGA BIRU 1351-11', 6, 0, 'MTR', 0, 0, 0, 0, 0, 'Y', NULL, NULL),
('1900703-1641', 'KP CN KATUN BUNGA BIRU 1641', 6, 600, 'MTR', 0, 0, 0, 0, 0, 'Y', NULL, NULL),
('1900703-2185', 'KP CN KATUN BUNGA BIRU 2185', 6, 0, 'MTR', 0, 0, 0, 0, 0, 'Y', NULL, NULL),
('1900703-3158', 'KP CN KATUN BUNGA BIRU 3158', 6, 0, 'MTR', 0, 0, 0, 0, 0, 'Y', NULL, NULL),
('1900703-3493', 'KP CN KATUN BUNGA BIRU 3493', 6, 840, 'MTR', 0, 0, 0, 0, 0, 'Y', NULL, NULL),
('1900703-3778', 'KP CN KATUN BUNGA BIRU 3778', 6, 300, 'MTR', 0, 0, 0, 0, 0, 'Y', NULL, NULL),
('1900703-686', 'KP CN KATUN BUNGA BIRU 686', 6, 0, 'MTR', 0, 0, 0, 0, 0, 'Y', NULL, NULL),
('1900703-RAM-037', 'KP CN KATUN BUNGA BIRU RAM-037', 6, 840, 'MTR', 0, 0, 0, 0, 0, 'Y', NULL, NULL),
('1900704-1351', 'KP CN KATUN BUNGA PINK 1351', 6, 0, 'MTR', 0, 0, 0, 0, 0, 'Y', NULL, NULL),
('1900704-167-9', 'KP CN KATUN BUNGA PINK 167-9', 6, 0, 'MTR', 0, 0, 0, 0, 0, 'Y', NULL, NULL),
('1900704-3778', 'KP CN KATUN BUNGA PINK 3778', 6, 400, 'MTR', 0, 0, 0, 0, 0, 'Y', NULL, NULL),
('1900738-1309', 'KP CN KATUN BUNGA UNGU 1309', 6, 0, 'MTR', 0, 0, 0, 0, 0, 'Y', NULL, NULL),
('1900738-3493', 'KP CN KATUN BUNGA UNGU 3493', 6, 960, 'MTR', 0, 0, 0, 0, 0, 'Y', NULL, NULL),
('1900738-3778', 'KP CN KATUN BUNGA UNGU 3778', 6, 400, 'MTR', 0, 0, 0, 0, 0, 'Y', NULL, NULL),
('1900738-RAM-037', 'KP CN KATUN BUNGA UNGU RAM-037', 6, 840, 'MTR', 0, 0, 0, 0, 0, 'Y', NULL, NULL),
('1900800-9710', 'KP CN PONGE ABSTRAK 9710', 6, 0, 'MTR', 0, 0, 0, 0, 0, 'Y', NULL, NULL),
('1900804-541-6', 'KP CN PONGE ABSTARK PINK 541-6', 6, 0, 'MTR', 0, 0, 0, 0, 0, 'Y', NULL, NULL),
('1900900-1417', 'KP CN PONGE BENDERA 1417', 6, 0, 'MTR', 0, 0, 0, 0, 0, 'Y', NULL, NULL),
('1900900-2451', 'KP CN PONGE BENDERA 2451', 6, 0, 'MTR', 0, 0, 0, 0, 0, 'Y', NULL, NULL),
('1900900-9506.1-5', 'KP CN PONGE BENDERA 9506-1 (1605) AS', 6, 0, 'MTR', 0, 0, 0, 0, 0, 'Y', NULL, NULL),
('1901000-1499-1', 'KP CN PONGE BOLA 1499 BARCA', 6, 0, 'MTR', 0, 0, 0, 0, 0, 'Y', NULL, NULL),
('1901000-1800-8', 'KP CN PONGE BOLA 1800 IM', 6, 0, 'MTR', 0, 0, 0, 0, 0, 'Y', NULL, NULL),
('1901000-1802-6', 'KP CN PONGE BOLA 1802 AM', 6, 0, 'MTR', 0, 0, 0, 0, 0, 'Y', NULL, NULL),
('1901000-1803-7', 'KP CN PONGE BOLA 1803 CH', 6, 0, 'MTR', 0, 0, 0, 0, 0, 'Y', NULL, NULL),
('1901000-1807-3', 'KP CN PONGE BOLA 1807 RM', 6, 0, 'MTR', 0, 0, 0, 0, 0, 'Y', NULL, NULL),
('1901000-9259.1-3', 'KP CN PONGE BOLA 9259-1 RM', 6, 0, 'MTR', 0, 0, 0, 0, 0, 'Y', NULL, NULL),
('1901000-95071-6', 'KP CN PONGE BOLA 9507-1 AM', 6, 0, 'MTR', 0, 0, 0, 0, 0, 'Y', NULL, NULL),
('1901000-Y.0612-1', 'KP CN PONGE BOLA Y-0612 BARCA', 6, 0, 'MTR', 0, 0, 0, 0, 0, 'Y', NULL, NULL),
('1901000-Y0232.1-2', 'KP CN PONGE BOLA Y0232-1 (2625) MU', 6, 0, 'MTR', 0, 0, 0, 0, 0, 'Y', NULL, NULL),
('1901101', 'KP CN PONGE BONEKA HIJAU', 6, 300, 'MTR', 0, 0, 0, 0, 0, 'Y', NULL, NULL),
('1901102-084', 'KP CN PONGE BONEKA MERAH 084', 6, 0, 'MTR', 0, 0, 0, 0, 0, 'Y', NULL, NULL),
('1901102-10000.1', 'KP CN PONGE BONEKA MERAH 10000-1', 6, 0, 'MTR', 0, 0, 0, 0, 0, 'Y', NULL, NULL),
('1901102-1458', 'KP CN PONGE BONEKA MERAH 1458', 6, 96, 'MTR', 0, 0, 0, 0, 0, 'Y', NULL, NULL),
('1901102-1459', 'KP CN PONGE BONEKA MERAH 1459', 6, 0, 'MTR', 0, 0, 0, 0, 0, 'Y', NULL, NULL),
('1901102-2336', 'KP CN PONGE BONEKA MERAH 2336', 6, 0, 'MTR', 0, 0, 0, 0, 0, 'Y', NULL, NULL),
('1901102-6673.6', 'KP CN PONGE BONEKA MERAH 6673-6 (2623)', 6, 0, 'MTR', 0, 0, 0, 0, 0, 'Y', NULL, NULL),
('1901102-7840.4', 'KP CN PONGE BONEKA MERAH 7840-4', 6, 0, 'MTR', 0, 0, 0, 0, 0, 'Y', NULL, NULL),
('1901102-9457.2', 'KP CN PONGE BONEKA MERAH 9457-2', 6, 0, 'MTR', 0, 0, 0, 0, 0, 'Y', NULL, NULL),
('1901102-9506.1', 'KP CN PONGE BONEKA MERAH 9506-1', 6, 0, 'MTR', 0, 0, 0, 0, 0, 'Y', NULL, NULL),
('1901102-Y0624.1', 'KP CN PONGE BONEKA MERAH Y0624-1', 6, 0, 'MTR', 0, 0, 0, 0, 0, 'Y', NULL, NULL),
('1901102-Y0657.4', 'KP CN PONGE BONEKA MERAH Y0657-4 (2624)', 6, 700, 'MTR', 0, 0, 0, 0, 0, 'Y', NULL, NULL),
('1901103-084', 'KP CN PONGE BONEKA BIRU 084', 6, 0, 'MTR', 0, 0, 0, 0, 0, 'Y', NULL, NULL),
('1901103-10000.2', 'KP CN PONGE BONEKA BIRU 10000-2', 6, 0, 'MTR', 0, 0, 0, 0, 0, 'Y', NULL, NULL),
('1901103-1458', 'KP CN PONGE BONEKA BIRU 1458', 6, 0, 'MTR', 0, 0, 0, 0, 0, 'Y', NULL, NULL),
('1901103-2018.1', 'KP CN PONGE BONEKA BIRU 2018-1', 6, 400, 'MTR', 0, 0, 0, 0, 0, 'Y', NULL, NULL),
('1901103-2308.11', 'KP CN PONGE BONEKA BIRU 2308-11', 6, 700, 'MTR', 0, 0, 0, 0, 0, 'Y', NULL, NULL),
('1901103-2336', 'KP CN PONGE BONEKA BIRU 2336', 6, 725, 'MTR', 0, 0, 0, 0, 0, 'Y', NULL, NULL),
('1901103-2587', 'KP CN PONGE BONEKA BIRU 2587', 6, 1393, 'MTR', 0, 0, 0, 0, 0, 'Y', NULL, NULL),
('1901103-2631.1', 'KP CN PONGE BONEKA BIRU 2631-1 (2631)', 6, 260, 'MTR', 0, 0, 0, 0, 0, 'Y', NULL, NULL),
('1901103-5018.4', 'KP CN PONGE BONEKA BIRU 5018-4', 6, 0, 'MTR', 0, 0, 0, 0, 0, 'Y', NULL, NULL),
('1901103-6673.4', 'KP CN PONGE BONEKA BIRU 6673-4 (2623)', 6, 350, 'MTR', 0, 0, 0, 0, 0, 'Y', NULL, NULL),
('1901103-8188.2', 'KP CN PONGE BONEKA BIRU 8188-2', 6, 0, 'MTR', 0, 0, 0, 0, 0, 'Y', NULL, NULL),
('1901103-9914.1', 'KP CN PONGE BONEKA BIRU 9914-1', 6, 0, 'MTR', 0, 0, 0, 0, 0, 'Y', NULL, NULL),
('1901103-Y0002.1', 'KP CN PONGE BONEKA BIRU Y0002-1', 6, 0, 'MTR', 0, 0, 0, 0, 0, 'Y', NULL, NULL),
('1901103-Y06573', 'KP CN PONGE BONEKA BIRU Y06573 (2624)', 6, 0, 'MTR', 0, 0, 0, 0, 0, 'Y', NULL, NULL),
('1901104-015', 'KP CN PONGE BONEKA PINK 015', 6, 400, 'MTR', 0, 0, 0, 0, 0, 'Y', NULL, NULL),
('1901104-1502', 'KP CN PONGE BONEKA PINK 1502', 6, 0, 'MTR', 0, 0, 0, 0, 0, 'Y', NULL, NULL),
('1901104-2587', 'KP CN PONGE BONEKA PINK 2587', 6, 0, 'MTR', 0, 0, 0, 0, 0, 'Y', NULL, NULL),
('1901138-1446-9', 'KP CN PONGE BONEKA UNGU 1446-9', 6, 1565, 'MTR', 0, 0, 0, 0, 0, 'Y', NULL, NULL),
('1901202', 'KP CN PONGE BUNGA MERAH', 6, 0, 'MTR', 0, 0, 0, 0, 0, 'Y', NULL, NULL),
('1901202-1125', 'KP CN PONGE BUNGA MERAH 1125', 6, 0, 'MTR', 0, 0, 0, 0, 0, 'Y', NULL, NULL),
('1901202-1282', 'KP CN PONGE BUNGA MERAH 1282', 6, 0, 'MTR', 0, 0, 0, 0, 0, 'Y', NULL, NULL),
('1901202-1725.8', 'KP CN PONGE BUNGA MERAH 1725-8', 6, 0, 'MTR', 0, 0, 0, 0, 0, 'Y', NULL, NULL),
('1901202-440-10', 'KP CN PONGE BUNGA MERAH 440-10', 6, 0, 'MTR', 0, 0, 0, 0, 0, 'Y', NULL, NULL),
('1901202-4830.1', 'KP CN PONGE BUNGA MERAH 4830-1 (2626)', 6, 0, 'MTR', 0, 0, 0, 0, 0, 'Y', NULL, NULL),
('1901202-5641.1', 'KP CN PONGE BUNGA MERAH 5641-1', 6, 0, 'MTR', 0, 0, 0, 0, 0, 'Y', NULL, NULL),
('1901202-8077.3', 'KP CN PONGE BUNGA MERAH 8077-3 (2621)', 6, 0, 'MTR', 0, 0, 0, 0, 0, 'Y', NULL, NULL),
('1901202-897.7', 'KP CN PONGE BUNGA MERAH 897-7', 6, 0, 'MTR', 0, 0, 0, 0, 0, 'Y', NULL, NULL),
('1901202-924.6', 'KP CN PONGE BUNGA MERAH 924-6', 6, 0, 'MTR', 0, 0, 0, 0, 0, 'Y', NULL, NULL),
('1901202-9715.2', 'KP CN PONGE BUNGA MERAH 9715-2 (2627)', 6, 0, 'MTR', 0, 0, 0, 0, 0, 'Y', NULL, NULL),
('1901202-Y022.1', 'KP CN PONGE BUNGA MERAH Y022-1 (2622)', 6, 0, 'MTR', 0, 0, 0, 0, 0, 'Y', NULL, NULL),
('1901203-044-6', 'KP CN PONGE BUNGA BIRU 044-6', 6, 172, 'MTR', 0, 0, 0, 0, 0, 'Y', NULL, NULL),
('1901203-1125-6', 'KP CN PONGE BUNGA BIRU 1125-6', 6, 0, 'MTR', 0, 0, 0, 0, 0, 'Y', NULL, NULL),
('1901203-1355', 'KP CN PONGE BUNGA BIRU 1355', 6, 0, 'MTR', 0, 0, 0, 0, 0, 'Y', NULL, NULL),
('1901203-2185-10', 'KP CN PONGE BUNGA BIRU 2185-10', 6, 0, 'MTR', 0, 0, 0, 0, 0, 'Y', NULL, NULL),
('1901203-4820.2', 'KP CN PONGE BUNGA BIRU 4820-2', 6, 0, 'MTR', 0, 0, 0, 0, 0, 'Y', NULL, NULL),
('1901203-4830.2', 'KP CN PONGE BUNGA BIRU 4830-2 (2626)', 6, 0, 'MTR', 0, 0, 0, 0, 0, 'Y', NULL, NULL),
('1901203-8077.2', 'KP CN PONGE BUNGA BIRU 8077-2 (2621)', 6, 0, 'MTR', 0, 0, 0, 0, 0, 'Y', NULL, NULL),
('1901203-897', 'KP CN PONGE BUNGA BIRU 897', 6, 0, 'MTR', 0, 0, 0, 0, 0, 'Y', NULL, NULL),
('1901203-924.6', 'KP CN PONGE BUNGA BIRU 924-6', 6, 0, 'MTR', 0, 0, 0, 0, 0, 'Y', NULL, NULL),
('1901203-9715.1', 'KP CN PONGE BUNGA BIRU 9715-1 (2627)', 6, 0, 'MTR', 0, 0, 0, 0, 0, 'Y', NULL, NULL),
('1901203-Y022.2', 'KP CN PONGE BUNGA BIRU Y022-2 (2622)', 6, 0, 'MTR', 0, 0, 0, 0, 0, 'Y', NULL, NULL),
('1901204-180-5', 'KP CN PONGE BONEKA PINK 180-5', 6, 0, 'MTR', 0, 0, 0, 0, 0, 'Y', NULL, NULL),
('1901204-698.8', 'KP CN PONGE BUNGA PINK 698-8', 6, 0, 'MTR', 0, 0, 0, 0, 0, 'Y', NULL, NULL),
('1901212-9714.1', 'KP CN PONGE BUNGA COKLAT 9714-1', 6, 0, 'MTR', 0, 0, 0, 0, 0, 'Y', NULL, NULL),
('1901218-1125-6', 'KP CN PONGE BUNGA KUNING 1125-6', 6, 0, 'MTR', 0, 0, 0, 0, 0, 'Y', NULL, NULL),
('1901238-2185-10', 'KP CN PONGE BUNGA UNGU 2185-10', 6, 0, 'MTR', 0, 0, 0, 0, 0, 'Y', NULL, NULL),
('1901300-5476.14', 'KP CN SATEN 5476-14', 6, 500, 'MTR', 0, 0, 0, 0, 0, 'Y', NULL, NULL),
('1901302-19967', 'KP CN SATEN MERAH 19967', 6, 0, 'MTR', 0, 0, 0, 0, 0, 'Y', NULL, NULL),
('1901303-7202', 'KP CN SATEN BIRU 7202', 6, 0, 'MTR', 0, 0, 0, 0, 0, 'Y', NULL, NULL),
('1901320-4759', 'KP CN SATEN ORANGE 4759', 6, 0, 'MTR', 0, 0, 0, 0, 0, 'Y', NULL, NULL),
('1901320-5645.4', 'KP CN SATEN ORANGE 5645-4', 6, 100, 'MTR', 0, 0, 0, 0, 0, 'Y', NULL, NULL),
('1901402-4494.1', 'KP CN SATEN BUNGA MERAH 4494-1', 6, 0, 'MTR', 0, 0, 0, 0, 0, 'Y', NULL, NULL),
('1901402-4830.1', 'KP CN SATEN BUNGA MERAH 4830-1', 6, 0, 'MTR', 0, 0, 0, 0, 0, 'Y', NULL, NULL),
('1901403-263.2', 'KP CN SATEN BUNGA BIRU 263-2', 6, 66, 'MTR', 0, 0, 0, 0, 0, 'Y', NULL, NULL),
('1901403-4494.2', 'KP CN SATEN BUNGA BIRU 4494-2', 6, 0, 'MTR', 0, 0, 0, 0, 0, 'Y', NULL, NULL),
('1901403-4758.1', 'KP CN SATEN BUNGA BIRU 4758-1', 6, 0, 'MTR', 0, 0, 0, 0, 0, 'Y', NULL, NULL),
('1901403-4759.1', 'KP CN SATEN BUNGA BIRU 4759-1', 6, 0, 'MTR', 0, 0, 0, 0, 0, 'Y', NULL, NULL),
('1901403-4830.2', 'KP CN SATEN BUNGA BIRU 4830-2', 6, 0, 'MTR', 0, 0, 0, 0, 0, 'Y', NULL, NULL),
('1901403-7202.4', 'KP CN SATEN BUNGA BIRU 7202-4', 6, 0, 'MTR', 0, 0, 0, 0, 0, 'Y', NULL, NULL),
('1901403-7235', 'KP CN SATEN BUNGA BIRU 7235', 6, 0, 'MTR', 0, 0, 0, 0, 0, 'Y', NULL, NULL),
('1901403-7285.4', 'KP CN SATEN BUNGA BIRU 7285-4', 6, 0, 'MTR', 0, 0, 0, 0, 0, 'Y', NULL, NULL),
('1901403-7485', 'KP CN SATEN BUNGA BIRU 7485', 6, 1730, 'MTR', 0, 0, 0, 0, 0, 'Y', NULL, NULL),
('1901404', 'KP CN SATEN BUNGA PINK', 6, 630, 'MTR', 0, 0, 0, 0, 0, 'Y', NULL, NULL),
('1901412-4297.2', 'KP CN SATEN BUNGA COKLAT 4297-20', 6, 0, 'MTR', 0, 0, 0, 0, 0, 'Y', NULL, NULL),
('1901502-4296.8', 'KP CN TRICOT MERAH 4296-8', 6, 2000, 'MTR', 0, 0, 0, 0, 0, 'Y', NULL, NULL),
('1901502-5579.12', 'KP CN TRICOT MERAH 5579-12', 6, 0, 'MTR', 0, 0, 0, 0, 0, 'Y', NULL, NULL),
('1901502-9210.3', 'KP CN TRICOT MERAH 9210-3', 6, 700, 'MTR', 0, 0, 0, 0, 0, 'Y', NULL, NULL),
('1901503-8109.14', 'KP CN TRICOT BIRU 8109-14', 6, 0, 'MTR', 0, 0, 0, 0, 0, 'Y', NULL, NULL),
('1901503-9210.1', 'KP CN TRICOT BIRU 9210-1', 6, 0, 'MTR', 0, 0, 0, 0, 0, 'Y', NULL, NULL),
('1901512-8902.7', 'KP CN TRICOT COKLAT 8902-7', 6, 0, 'MTR', 0, 0, 0, 0, 0, 'Y', NULL, NULL),
('1901512-9210.2', 'KP CN TRICOT COKLAT 9210-2', 6, 0, 'MTR', 0, 0, 0, 0, 0, 'Y', NULL, NULL),
('1901700-041203-22', 'KP DISPERSE 2D 041203 PANOMARA', 6, 0, 'MTR', 0, 0, 0, 0, 0, 'Y', NULL, NULL),
('1901700-092026-16', 'KP DISPERSE 2D 092026 HELLO KITTY LOVE', 6, 0, 'MTR', 0, 0, 0, 0, 0, 'Y', NULL, NULL),
('1901700-092028-13', 'KP DISPERSE 2D 092028 CHANEL', 6, 0, 'MTR', 0, 0, 0, 0, 0, 'Y', NULL, NULL),
('1901700-210202-86', 'KP DISPERSE 2D 210202 NEW SPIDERMAN', 6, 0, 'MTR', 0, 0, 0, 0, 0, 'Y', NULL, NULL),
('1901700-210203-87', 'KP DISPERSE 2D 210203 GALAXY AVENGER', 6, 120, 'MTR', 0, 0, 0, 0, 0, 'Y', NULL, NULL),
('1901700-210205-88', 'KP DISPERSE 2D 210205 HELLO KITTY STRAWBERRY', 6, 3400, 'MTR', 0, 0, 0, 0, 0, 'Y', NULL, NULL),
('1901700-210206-89', 'KP DISPERSE 2D 210206 CAR', 6, 0, 'MTR', 0, 0, 0, 0, 0, 'Y', NULL, NULL),
('1901700-3699-25', 'KP DISPERSE 2D 3699 THOMAS', 6, 0, 'MTR', 0, 0, 0, 0, 0, 'Y', NULL, NULL),
('1901700-A-044-15', 'KP DISPERSE GUCCI A-044', 6, 700, 'MTR', 0, 0, 0, 0, 0, 'Y', NULL, NULL),
('1901700-BT956.C-14', 'KP DISPERSE 2D BT956-C DORAEMON', 6, 0, 'MTR', 0, 0, 0, 0, 0, 'Y', NULL, NULL),
('1901700-JH1823.8-13', 'KP DISPERSE 2D JH1823-8 CHANEL', 6, 0, 'MTR', 0, 0, 0, 0, 0, 'Y', NULL, NULL),
('1901700-Y7857-84', 'KP DISPERSE 2D Y7857 LEBAH KUNING', 6, 0, 'MTR', 0, 0, 0, 0, 0, 'Y', NULL, NULL),
('1901700-Y8093-26', 'KP DISPERSE 2D Y8093 TSUM TSUM', 6, 0, 'MTR', 0, 0, 0, 0, 0, 'Y', NULL, NULL),
('1901700-Y8209-2A-105', 'KP DISPERSE BULAN BINTANG Y8209-2A ', 6, 1000, 'MTR', 0, 0, 0, 0, 0, 'Y', NULL, NULL),
('1901701-092029-20', 'KP DISPERSE 2D HIJAU 092029 LITTLE PONY FRIEND', 6, 0, 'MTR', 0, 0, 0, 0, 0, 'Y', NULL, NULL),
('1901701-130320-92', 'KP DISPERSE 2D HIJAU 130320 AVENGER', 6, 0, 'MTR', 0, 0, 0, 0, 0, 'Y', NULL, NULL),
('1901701-210207-90', 'KP DISPERSE 2D HIJAU 210207 KEROPI', 6, 0, 'MTR', 0, 0, 0, 0, 0, 'Y', NULL, NULL),
('1901702-018K-24', 'KP DISPERSE TAYO MERAH 018K', 6, 100, 'MTR', 0, 0, 0, 0, 0, 'Y', NULL, NULL),
('1901702-092011-24', 'KP DISPERSE 2D MERAH 092011 TAYO', 6, 0, 'MTR', 0, 0, 0, 0, 0, 'Y', NULL, NULL),
('1901702-80821-4', 'KP DISPERSE THE POOH MERAH 80821', 6, 600, 'MTR', 0, 0, 0, 0, 0, 'Y', NULL, NULL),
('1901703-092011-24', 'KP DISPERSE 2D BIRU 092011 TAYO', 6, 0, 'MTR', 0, 0, 0, 0, 0, 'Y', NULL, NULL),
('1901703-092024-14', 'KP DISPERSE 2D BIRU 092024 DORAEMON', 6, 0, 'MTR', 0, 0, 0, 0, 0, 'Y', NULL, NULL),
('1901703-80820-103', 'KP DISPERSE PIYO BIRU 80820', 6, 1200, 'MTR', 0, 0, 0, 0, 0, 'Y', NULL, NULL),
('1901703-80822-104', 'KP DISPERSE DORAEMON KECIL BIRU 80822', 6, 500, 'MTR', 0, 0, 0, 0, 0, 'Y', NULL, NULL),
('1901704-092007-18', 'KP DISPERSE 2D PINK 092007 HELLO KITTY PANDA', 6, 0, 'MTR', 0, 0, 0, 0, 0, 'Y', NULL, NULL),
('1901704-092012-17', 'KP DISPERSE 2D PINK 092012 HELLO KITTY MISS HUG', 6, 0, 'MTR', 0, 0, 0, 0, 0, 'Y', NULL, NULL),
('1901704-092022-21', 'KP DISPERSE 2D PINK 092022 LITTLE PONY', 6, 0, 'MTR', 0, 0, 0, 0, 0, 'Y', NULL, NULL),
('1901704-092027-23', 'KP DISPERSE 2D PINK 092027 SNOW WHITE', 6, 0, 'MTR', 0, 0, 0, 0, 0, 'Y', NULL, NULL),
('1901704-210201-21', 'KP DISPERSE 2D PINK 210201 LITTLE PONY', 6, 0, 'MTR', 0, 0, 0, 0, 0, 'Y', NULL, NULL),
('1901705-092023-26', 'KP DISPERSE 2D PUTIH 092023 TSUM TSUM', 6, 0, 'MTR', 0, 0, 0, 0, 0, 'Y', NULL, NULL),
('1901712-092015-15', 'KP DISPERSE 2D COKLAT 092015 GUCCI', 6, 0, 'MTR', 0, 0, 0, 0, 0, 'Y', NULL, NULL),
('1901800-013A', 'KP DISPERSE ABSTRAK 013A', 6, 0, 'MTR', 0, 0, 0, 0, 0, 'Y', NULL, NULL),
('1901803-081105', 'KP DISPERSE 2D ABSTRAK BIRU 081105', 6, 0, 'MTR', 0, 0, 0, 0, 0, 'Y', NULL, NULL),
('1901810-50923', 'KP DISPERSE ABSTRAK HITAM 50923 ', 6, 900, 'MTR', 0, 0, 0, 0, 0, 'Y', NULL, NULL),
('1901812-081106', 'KP DISPERSE 2D ABSTRAK COKLAT 081106', 6, 0, 'MTR', 0, 0, 0, 0, 0, 'Y', NULL, NULL),
('1901818-081108', 'KP DISPERSE 2D ABSTRAK KUNING 081108', 6, 0, 'MTR', 0, 0, 0, 0, 0, 'Y', NULL, NULL),
('1901822-081107', 'KP DISPERSE 2D ABSTRAK DONGKER 081107', 6, 0, 'MTR', 0, 0, 0, 0, 0, 'Y', NULL, NULL),
('1901900-031A-100', 'KP DISPERSE BONEKA AMERIKA 031A', 6, 0, 'MTR', 0, 0, 0, 0, 0, 'Y', NULL, NULL),
('1901900-092008-19', 'KP DISPERSE 2D BONEKA 092008 KEROPPI', 6, 0, 'MTR', 0, 0, 0, 0, 0, 'Y', NULL, NULL),
('1901900-50920-14', 'KP DISPERSE IM DORAEMON 50920 ', 6, 1000, 'MTR', 0, 0, 0, 0, 0, 'Y', NULL, NULL),
('1901900-50922-64', 'KP DISPERSE MINION 50922 ', 6, 1300, 'MTR', 0, 0, 0, 0, 0, 'Y', NULL, NULL),
('1901901-092010-19', 'KP DISPERSE 2D BONEKA HIJAU 092010 KEROPPI', 6, 0, 'MTR', 0, 0, 0, 0, 0, 'Y', NULL, NULL),
('1901901-50925-90', 'KP DISPERSE KEROPI HIJAU 50925 ', 6, 200, 'MTR', 0, 0, 0, 0, 0, 'Y', NULL, NULL),
('1901902-092003-12', 'KP DISPERSE 2D BONEKA MERAH 092003 CARS', 6, 0, 'MTR', 0, 0, 0, 0, 0, 'Y', NULL, NULL),
('1901902-157.11', 'KP DISPERSE 2D BONEKA MERAH 157-11', 6, 0, 'MTR', 0, 0, 0, 0, 0, 'Y', NULL, NULL),
('1901903-092010-19', 'KP DISPERSE 2D BONEKA BIRU 092010 KEROPPI', 6, 0, 'MTR', 0, 0, 0, 0, 0, 'Y', NULL, NULL),
('1901903-155.10', 'KP DISPERSE 2D BONEKA BIRU 155-10', 6, 0, 'MTR', 0, 0, 0, 0, 0, 'Y', NULL, NULL),
('1901903-159.11', 'KP DISPERSE 2D BONEKA BIRU 159-11', 6, 0, 'MTR', 0, 0, 0, 0, 0, 'Y', NULL, NULL),
('1901903-50921-26', 'KP DISPERSE TSUM TSUM BIRU 50921 ', 6, 500, 'MTR', 0, 0, 0, 0, 0, 'Y', NULL, NULL),
('1901903-R598', 'KP DISPERSE 2D BONEKA BIRU R598', 6, 0, 'MTR', 0, 0, 0, 0, 0, 'Y', NULL, NULL),
('1901904-23670', 'KP DISPERSE 2D BONEKA PINK 23670', 6, 0, 'MTR', 0, 0, 0, 0, 0, 'Y', NULL, NULL),
('1901904-50926-106', 'KP DISPERSE LOL SURPRISE PINK 50926', 6, 300, 'MTR', 0, 0, 0, 0, 0, 'Y', NULL, NULL),
('1901918-50924-59', 'KP DISPERSE LEBAH KUNING 50924', 6, 200, 'MTR', 0, 0, 0, 0, 0, 'Y', NULL, NULL),
('1902000-021F-96', 'KP DISPERSE BUNGA MAWAR 021F', 6, 1700, 'MTR', 0, 0, 0, 0, 0, 'Y', NULL, NULL),
('1902000-035F-96', 'KP DISPERSE BUNGA MAWAR 035F', 6, 0, 'MTR', 0, 0, 0, 0, 0, 'Y', NULL, NULL),
('1902000-038F-96', 'KP DISPERSE BUNGA MAWAR 038F', 6, 0, 'MTR', 0, 0, 0, 0, 0, 'Y', NULL, NULL),
('1902000-041202', 'KP DISPERSE 2D BUNGA 041202', 6, 0, 'MTR', 0, 0, 0, 0, 0, 'Y', NULL, NULL),
('1902000-044F-102', 'KP DISPERSE BUNGA TULIP MERAH 044F', 6, 0, 'MTR', 0, 0, 0, 0, 0, 'Y', NULL, NULL),
('1902000-BT953.A', 'KP DISPERSE 2D BUNGA BT953-A', 6, 0, 'MTR', 0, 0, 0, 0, 0, 'Y', NULL, NULL),
('1902002-092018', 'KP DISPERSE 2D BUNGA MERAH 092018', 6, 0, 'MTR', 0, 0, 0, 0, 0, 'Y', NULL, NULL),
('1902004-024F', 'KP DISPERSE BUNGA PINK 024F', 6, 1500, 'MTR', 0, 0, 0, 0, 0, 'Y', NULL, NULL),
('1902100-10', 'KP DISPERSE 3D ANGRY BIRD', 6, 0, 'MTR', 0, 0, 0, 0, 0, 'Y', NULL, NULL),
('1902100-18.3694-9', 'KP DISPERSE 3D 18-3694 AR', 6, 0, 'MTR', 0, 0, 0, 0, 0, 'Y', NULL, NULL),
('1902100-D#5-11', 'KP DISPERSE 3D D#5 HELLO KITTY', 6, 0, 'MTR', 0, 0, 0, 0, 0, 'Y', NULL, NULL),
('1902200-008A', 'KP DISPERSE LV 008A', 6, 0, 'MTR', 0, 0, 0, 0, 0, 'Y', NULL, NULL),
('1902203-081104', 'KP DISPERSE LV BIRU 081104', 6, 0, 'MTR', 0, 0, 0, 0, 0, 'Y', NULL, NULL),
('1902203-092014', 'KP DISPERSE LV BIRU 092014', 6, 0, 'MTR', 0, 0, 0, 0, 0, 'Y', NULL, NULL),
('1902211-081103', 'KP DISPERSE LV COKLAT MUDA 081103', 6, 1000, 'MTR', 0, 0, 0, 0, 0, 'Y', NULL, NULL),
('1902212-081102', 'KP DISPERSE LV COKLAT TUA 081102', 6, 900, 'MTR', 0, 0, 0, 0, 0, 'Y', NULL, NULL),
('1902300-041201', 'KP DISPERSE LV MBC 041201', 6, 0, 'MTR', 0, 0, 0, 0, 0, 'Y', NULL, NULL),
('1902402-1584', 'KP JKT CARLA (02) 1584', 6, 0, 'MTR', 0, 0, 0, 0, 0, 'Y', NULL, NULL),
('1902402-1586', 'KP JKT CARLA (02) 1586', 6, 0, 'MTR', 0, 0, 0, 0, 0, 'Y', NULL, NULL),
('1902402-1587', 'KP JKT CARLA (02) 1587', 6, 0, 'MTR', 0, 0, 0, 0, 0, 'Y', NULL, NULL),
('1902402-1602', 'KP JKT CARLA (02) 1602', 6, 0, 'MTR', 0, 0, 0, 0, 0, 'Y', NULL, NULL),
('1902403-1587', 'KP JKT CARLA (03) 1587', 6, 0, 'MTR', 0, 0, 0, 0, 0, 'Y', NULL, NULL),
('1902403-1601', 'KP JKT CARLA (03) 1601', 6, 0, 'MTR', 0, 0, 0, 0, 0, 'Y', NULL, NULL),
('1902412-1584', 'KP JKT CARLA (12) 1584', 6, 0, 'MTR', 0, 0, 0, 0, 0, 'Y', NULL, NULL),
('1902412-1585', 'KP JKT CARLA (12) 1585', 6, 0, 'MTR', 0, 0, 0, 0, 0, 'Y', NULL, NULL),
('1902412-1587', 'KP JKT CARLA (12) 1587', 6, 0, 'MTR', 0, 0, 0, 0, 0, 'Y', NULL, NULL),
('1902412-1601', 'KP JKT CARLA (12) 1601', 6, 0, 'MTR', 0, 0, 0, 0, 0, 'Y', NULL, NULL),
('190250503', 'KP JKT DM/NC PUTIH (03)', 6, 0, 'MTR', 0, 0, 0, 0, 0, 'Y', NULL, NULL),
('1902612-01315', 'KP KNT FORD 3D COKLAT 01315', 6, 0, 'MTR', 0, 0, 0, 0, 0, 'Y', NULL, NULL),
('1902702-2182', 'KP JKT LAUDRY 2D (02) 2182', 6, 1045, 'MTR', 0, 0, 0, 0, 0, 'Y', NULL, NULL),
('1902703-2182', 'KP JKT LAUDRY 2D (03) 2182', 6, 1027, 'MTR', 0, 0, 0, 0, 0, 'Y', NULL, NULL),
('1902712-2182', 'KP JKT LAUDRY 2D (12) 2182', 6, 1110, 'MTR', 0, 0, 0, 0, 0, 'Y', NULL, NULL),
('1902802', 'KP JKT LAUDRY 3D MERAH', 6, 0, 'MTR', 0, 0, 0, 0, 0, 'Y', NULL, NULL),
('1902803-0410', 'KP JKT LAUDRY 3D (03) 0410', 6, 0, 'MTR', 0, 0, 0, 0, 0, 'Y', NULL, NULL),
('1902812-01139', 'KP JKT LAUDRY 3D (12) 01139', 6, 0, 'MTR', 0, 0, 0, 0, 0, 'Y', NULL, NULL),
('1902812-02096', 'KP JKT LAUDRY 3D (12) 02096', 6, 0, 'MTR', 0, 0, 0, 0, 0, 'Y', NULL, NULL),
('1902812-2160', 'KP JKT LAUDRY 3D (12) 2160', 6, 0, 'MTR', 0, 0, 0, 0, 0, 'Y', NULL, NULL),
('1902900', 'KP JKT LAUDRY BG', 6, 198, 'MTR', 0, 0, 0, 0, 0, 'Y', NULL, NULL),
('1903002E-04076', 'KP JKT LILY 2D (02E) 04076', 6, 0, 'MTR', 0, 0, 0, 0, 0, 'Y', NULL, NULL),
('1903002E-04077', 'KP JKT LILY 2D (02E) 04077', 6, 729, 'MTR', 0, 0, 0, 0, 0, 'Y', NULL, NULL),
('1903002E-04171', 'KP JKT LILY 2D (02E) 04171', 6, 0, 'MTR', 0, 0, 0, 0, 0, 'Y', NULL, NULL),
('1903002E-05108', 'KP JKT LILY 2D (02E) 05108', 6, 0, 'MTR', 0, 0, 0, 0, 0, 'Y', NULL, NULL),
('1903002E-1212', 'KP JKT LILY 2D (02E) 1212', 6, 0, 'MTR', 0, 0, 0, 0, 0, 'Y', NULL, NULL),
('1903002E-130323', 'KP JKT LILY 2D (02E) 3164', 6, 0, 'MTR', 0, 0, 0, 0, 0, 'Y', NULL, NULL),
('1903002E-210036', 'KP JKT LILY 2D (02E) 210036', 6, 0, 'MTR', 0, 0, 0, 0, 0, 'Y', NULL, NULL),
('1903002E-210074', 'KP JKT LILY 2D (02E) 210074', 6, 0, 'MTR', 0, 0, 0, 0, 0, 'Y', NULL, NULL),
('1903002E-210103', 'KP JKT LILY 2D (02E) 210103', 6, 497, 'MTR', 0, 0, 0, 0, 0, 'Y', NULL, NULL),
('1903002E-220060', 'KP JKT LILY 2D (02E) 220060', 6, 100, 'MTR', 0, 0, 0, 0, 0, 'Y', NULL, NULL),
('1903002E-310067', 'KP JKT LILY 2D (02E) 310067', 6, 0, 'MTR', 0, 0, 0, 0, 0, 'Y', NULL, NULL),
('1903002E-310097', 'KP JKT LILY 2D (02E) 310097', 6, 0, 'MTR', 0, 0, 0, 0, 0, 'Y', NULL, NULL),
('1903002E-310113', 'KP JKT LILY 2D (02E) 310113', 6, 0, 'MTR', 0, 0, 0, 0, 0, 'Y', NULL, NULL),
('1903002E-310114', 'KP JKT LILY 2D (02E) 310114', 6, 110, 'MTR', 0, 0, 0, 0, 0, 'Y', NULL, NULL);
INSERT INTO `barang` (`kode`, `nama`, `id_kategori`, `qty`, `satuan`, `harga`, `min_stok`, `max_stok`, `kubikasi`, `kg`, `aktif`, `created_at`, `updated_at`) VALUES
('1903002E-3197', 'KP JKT LILY 2D (02E) 3197', 6, 0, 'MTR', 0, 0, 0, 0, 0, 'Y', NULL, NULL),
('1903002E-3226', 'KP JKT LILY 2D (02E) 3226', 6, 0, 'MTR', 0, 0, 0, 0, 0, 'Y', NULL, NULL),
('1903002E-3240', 'KP JKT LILY 2D (02E) 3240', 6, 0, 'MTR', 0, 0, 0, 0, 0, 'Y', NULL, NULL),
('1903002E-3242', 'KP JKT LILY 2D (02E) 3242', 6, 0, 'MTR', 0, 0, 0, 0, 0, 'Y', NULL, NULL),
('1903002E-3243', 'KP JKT LILY 2D (02E) 3243', 6, 0, 'MTR', 0, 0, 0, 0, 0, 'Y', NULL, NULL),
('1903002E-3272', 'KP JKT LILY 2D (02E) 3272', 6, 0, 'MTR', 0, 0, 0, 0, 0, 'Y', NULL, NULL),
('1903002E-3273', 'KP JKT LILY 2D (02E) 3273', 6, 0, 'MTR', 0, 0, 0, 0, 0, 'Y', NULL, NULL),
('1903002E-420096', 'KP JKT LILY 2D (02E) 420096', 6, 0, 'MTR', 0, 0, 0, 0, 0, 'Y', NULL, NULL),
('1903002E-420096-28', 'KP JKT LILY 2D (02E) 420096 BERBERY', 6, 78, 'MTR', 0, 0, 0, 0, 0, 'Y', NULL, NULL),
('1903002E-510048', 'KP JKT LILY 2D (02E) 510048', 6, 0, 'MTR', 0, 0, 0, 0, 0, 'Y', NULL, NULL),
('1903002E-510084', 'KP JKT LILY 2D (02E) 510084', 6, 0, 'MTR', 0, 0, 0, 0, 0, 'Y', NULL, NULL),
('1903002E-520066', 'KP JKT LILY 2D (02E) 520066', 6, 0, 'MTR', 0, 0, 0, 0, 0, 'Y', NULL, NULL),
('1903002E-610068', 'KP JKT LILY 2D (02E) 610068', 6, 0, 'MTR', 0, 0, 0, 0, 0, 'Y', NULL, NULL),
('1903002E-710054', 'KP JKT LILY 2D (02E) 710054', 6, 0, 'MTR', 0, 0, 0, 0, 0, 'Y', NULL, NULL),
('1903002E-810111', 'KP JKT LILY 2D (02E) 810111', 6, 0, 'MTR', 0, 0, 0, 0, 0, 'Y', NULL, NULL),
('1903003E-04077', 'KP JKT LILY 2D (03E) 04077', 6, 3170, 'MTR', 0, 0, 0, 0, 0, 'Y', NULL, NULL),
('1903003E-04171', 'KP JKT LILY 2D (03E) 04171', 6, 0, 'MTR', 0, 0, 0, 0, 0, 'Y', NULL, NULL),
('1903003E-05108', 'KP JKT LILY 2D (03E) 05108', 6, 0, 'MTR', 0, 0, 0, 0, 0, 'Y', NULL, NULL),
('1903003E-130324', 'KP JKT LILY 2D (03E) 3164', 6, 0, 'MTR', 0, 0, 0, 0, 0, 'Y', NULL, NULL),
('1903003E-210074', 'KP JKT LILY 2D (03E) 210074', 6, 0, 'MTR', 0, 0, 0, 0, 0, 'Y', NULL, NULL),
('1903003E-210103', 'KP JKT LILY 2D (03E) 210103', 6, 537, 'MTR', 0, 0, 0, 0, 0, 'Y', NULL, NULL),
('1903003E-220060', 'KP JKT LILY 2D (03E) 220060', 6, 0, 'MTR', 0, 0, 0, 0, 0, 'Y', NULL, NULL),
('1903003E-310097', 'KP JKT LILY 2D (03E) 310097', 6, 382, 'MTR', 0, 0, 0, 0, 0, 'Y', NULL, NULL),
('1903003E-310113', 'KP JKT LILY 2D (03E) 310113', 6, 0, 'MTR', 0, 0, 0, 0, 0, 'Y', NULL, NULL),
('1903003E-3197', 'KP JKT LILY 2D (03E) 3197', 6, 298, 'MTR', 0, 0, 0, 0, 0, 'Y', NULL, NULL),
('1903003E-3240', 'KP JKT LILY 2D (03E) 3240', 6, 0, 'MTR', 0, 0, 0, 0, 0, 'Y', NULL, NULL),
('1903003E-3243', 'KP JKT LILY 2D (03E) 3243', 6, 0, 'MTR', 0, 0, 0, 0, 0, 'Y', NULL, NULL),
('1903003E-420096-28', 'KP JKT LILY 2D (03E) 420096 BERBERY', 6, 0, 'MTR', 0, 0, 0, 0, 0, 'Y', NULL, NULL),
('1903003E-510084', 'KP JKT LILY 2D (03E) 510084', 6, 0, 'MTR', 0, 0, 0, 0, 0, 'Y', NULL, NULL),
('1903003E-610025', 'KP JKT LILY 2D (03E) 610025', 6, 0, 'MTR', 0, 0, 0, 0, 0, 'Y', NULL, NULL),
('1903003E-610068', 'KP JKT LILY 2D (03E) 610068', 6, 200, 'MTR', 0, 0, 0, 0, 0, 'Y', NULL, NULL),
('1903003E-610070', 'KP JKT LILY 2D (03E) 610070', 6, 105, 'MTR', 0, 0, 0, 0, 0, 'Y', NULL, NULL),
('1903003E-810111', 'KP JKT LILY 2D (03E) 810111', 6, 0, 'MTR', 0, 0, 0, 0, 0, 'Y', NULL, NULL),
('1903003E-S01', 'KP JKT LILY 2D (03E) S01', 6, 40, 'MTR', 0, 0, 0, 0, 0, 'Y', NULL, NULL),
('1903005-04223', 'KP JKT LILY 2D (P) 04223', 6, 0, 'MTR', 0, 0, 0, 0, 0, 'Y', NULL, NULL),
('1903005-05108', 'KP JKT LILY 2D (P) 05108', 6, 0, 'MTR', 0, 0, 0, 0, 0, 'Y', NULL, NULL),
('1903005-130335', 'KP JKT LILY 2D (P) 05245', 6, 0, 'MTR', 0, 0, 0, 0, 0, 'Y', NULL, NULL),
('1903005-2206', 'KP JKT LILY 2D (P) 2206', 6, 0, 'MTR', 0, 0, 0, 0, 0, 'Y', NULL, NULL),
('1903005-3240', 'KP JKT LILY 2D (P) 3240', 6, 0, 'MTR', 0, 0, 0, 0, 0, 'Y', NULL, NULL),
('1903005-6210-30', 'KP JKT LILY 2D (P) 6210 CALISTLE', 6, 0, 'MTR', 0, 0, 0, 0, 0, 'Y', NULL, NULL),
('1903007', 'KP JKT LILY 2D CREAM', 6, 0, 'MTR', 0, 0, 0, 0, 0, 'Y', NULL, NULL),
('1903007E-3197', 'KP JKT LILY 2D (07E) 3197', 6, 0, 'MTR', 0, 0, 0, 0, 0, 'Y', NULL, NULL),
('1903008B-420096-29', 'KP JKT LILY 2D (08B) 420096 BERBERY', 6, 0, 'MTR', 0, 0, 0, 0, 0, 'Y', NULL, NULL),
('1903010-02162', 'KP JKT LILY 2D (10) 02162', 6, 519, 'MTR', 0, 0, 0, 0, 0, 'Y', NULL, NULL),
('1903010-04077', 'KP JKT LILY 2D (10) 04077', 6, 0, 'MTR', 0, 0, 0, 0, 0, 'Y', NULL, NULL),
('1903010-3197', 'KP JKT LILY 2D (10) 3197', 6, 130, 'MTR', 0, 0, 0, 0, 0, 'Y', NULL, NULL),
('1903010E-04175', 'KP JKT LILY 2D (10E) 04175', 6, 0, 'MTR', 0, 0, 0, 0, 0, 'Y', NULL, NULL),
('1903010E-05108', 'KP JKT LILY 2D (10E) 05108', 6, 0, 'MTR', 0, 0, 0, 0, 0, 'Y', NULL, NULL),
('1903012-341', 'KP JKT SUNY 2D (12) 341', 6, 162, 'MTR', 0, 0, 0, 0, 0, 'Y', NULL, NULL),
('1903012E-04077', 'KP JKT LILY 2D (12E) 04077', 6, 0, 'MTR', 0, 0, 0, 0, 0, 'Y', NULL, NULL),
('1903012E-04171', 'KP JKT LILY 2D (12E) 04171', 6, 2003, 'MTR', 0, 0, 0, 0, 0, 'Y', NULL, NULL),
('1903012E-05108', 'KP JKT LILY 2D (12E) 05108', 6, 0, 'MTR', 0, 0, 0, 0, 0, 'Y', NULL, NULL),
('1903012E-130325', 'KP JKT LILY 2D (12E) 3164', 6, 0, 'MTR', 0, 0, 0, 0, 0, 'Y', NULL, NULL),
('1903012E-210074', 'KP JKT LILY 2D (12E) 210074', 6, 0, 'MTR', 0, 0, 0, 0, 0, 'Y', NULL, NULL),
('1903012E-210103', 'KP JKT LILY 2D (12E) 210103', 6, 0, 'MTR', 0, 0, 0, 0, 0, 'Y', NULL, NULL),
('1903012E-220060', 'KP JKT LILY 2D (12E) 220060', 6, 0, 'MTR', 0, 0, 0, 0, 0, 'Y', NULL, NULL),
('1903012E-310097', 'KP JKT LILY 2D (12E) 310097', 6, 0, 'MTR', 0, 0, 0, 0, 0, 'Y', NULL, NULL),
('1903012E-310113', 'KP JKT LILY 2D (12E) 310113', 6, 0, 'MTR', 0, 0, 0, 0, 0, 'Y', NULL, NULL),
('1903012E-3197', 'KP JKT LILY 2D (12E) 3197', 6, 188, 'MTR', 0, 0, 0, 0, 0, 'Y', NULL, NULL),
('1903012E-3240', 'KP JKT LILY 2D (12E) 3240', 6, 0, 'MTR', 0, 0, 0, 0, 0, 'Y', NULL, NULL),
('1903012E-3242', 'KP JKT LILY 2D (12E) 3242', 6, 0, 'MTR', 0, 0, 0, 0, 0, 'Y', NULL, NULL),
('1903012E-3243', 'KP JKT LILY 2D (12E) 3243', 6, 276, 'MTR', 0, 0, 0, 0, 0, 'Y', NULL, NULL),
('1903012E-420096-29', 'KP JKT LILY 2D (12E) 420096 BERBERY', 6, 0, 'MTR', 0, 0, 0, 0, 0, 'Y', NULL, NULL),
('1903012E-510084', 'KP JKT LILY 2D (12E) 510084', 6, 0, 'MTR', 0, 0, 0, 0, 0, 'Y', NULL, NULL),
('1903012E-520066', 'KP JKT LILY 2D (12E) 520066', 6, 0, 'MTR', 0, 0, 0, 0, 0, 'Y', NULL, NULL),
('1903012E-5S', 'KP JKT LILY 2D (12E) 5S', 6, 0, 'MTR', 0, 0, 0, 0, 0, 'Y', NULL, NULL),
('1903012E-610031', 'KP JKT LILY 2D (12E) 610031', 6, 0, 'MTR', 0, 0, 0, 0, 0, 'Y', NULL, NULL),
('1903012E-610068', 'KP JKT LILY 2D (12E) 610068', 6, 98, 'MTR', 0, 0, 0, 0, 0, 'Y', NULL, NULL),
('1903012E-810111', 'KP JKT LILY 2D (12E) 810111', 6, 0, 'MTR', 0, 0, 0, 0, 0, 'Y', NULL, NULL),
('1903102-310098', 'KP JKT LILY 3D (02) 310098', 6, 0, 'MTR', 0, 0, 0, 0, 0, 'Y', NULL, NULL),
('1903102-610018', 'KP JKT LILY 3D (02) 610018', 6, 2240, 'MTR', 0, 0, 0, 0, 0, 'Y', NULL, NULL),
('1903102-610019', 'KP JKT LILY 3D (02FE) 610019', 6, 4023, 'MTR', 0, 0, 0, 0, 0, 'Y', NULL, NULL),
('1903103-310098', 'KP JKT LILY 3D (03) 310098', 6, 752, 'MTR', 0, 0, 0, 0, 0, 'Y', NULL, NULL),
('1903103-610018', 'KP JKT LILY 3D (03) 610018', 6, 258, 'MTR', 0, 0, 0, 0, 0, 'Y', NULL, NULL),
('1903103-610019', 'KP JKT LILY 3D (03BTE) 610019', 6, 2906, 'MTR', 0, 0, 0, 0, 0, 'Y', NULL, NULL),
('1903103E-04076', 'KP JKT LILY 3D (03E) 04076', 6, 0, 'MTR', 0, 0, 0, 0, 0, 'Y', NULL, NULL),
('1903110B-210079', 'KP JKT LILY 3D (10BTE) 210079', 6, 0, 'MTR', 0, 0, 0, 0, 0, 'Y', NULL, NULL),
('1903110B-810024', 'KP JKT LILY 3D (10BTE) 810024', 6, 0, 'MTR', 0, 0, 0, 0, 0, 'Y', NULL, NULL),
('1903112-130334', 'KP JKT LILY 3D (12) 310098', 6, 84, 'MTR', 0, 0, 0, 0, 0, 'Y', NULL, NULL),
('1903112-610019', 'KP JKT LILY 3D (12MBE) 610019', 6, 8812, 'MTR', 0, 0, 0, 0, 0, 'Y', NULL, NULL),
('1903112-610028', 'KP JKT LILY 3D (12) 610028', 6, 0, 'MTR', 0, 0, 0, 0, 0, 'Y', NULL, NULL),
('1903112-810025', 'KP JKT LILY 3D (12) 810025', 6, 0, 'MTR', 0, 0, 0, 0, 0, 'Y', NULL, NULL),
('1903112C-610018', 'KP JKT LILY 3D (12C) 610018', 6, 209, 'MTR', 0, 0, 0, 0, 0, 'Y', NULL, NULL),
('1903112E-420062', 'KP JKT LILY 3D (12E) 420062', 6, 0, 'MTR', 0, 0, 0, 0, 0, 'Y', NULL, NULL),
('1903112R-120024', 'KP JKT LILY 3D (12MBE) 120024', 6, 0, 'MTR', 0, 0, 0, 0, 0, 'Y', NULL, NULL),
('1903112R-130327', 'KP JKT LILY 3D (12MBE) 210079', 6, 0, 'MTR', 0, 0, 0, 0, 0, 'Y', NULL, NULL),
('1903112R-130338-95', 'KP JKT LILY 3D (12MBE) 520166AB BIGDREAM', 6, 0, 'MTR', 0, 0, 0, 0, 0, 'Y', NULL, NULL),
('1903112R-210026', 'KP JKT LILY 3D (12MBE) 210026', 6, 169, 'MTR', 0, 0, 0, 0, 0, 'Y', NULL, NULL),
('1903112R-210057', 'KP JKT LILY 3D (12MBE) 210057', 6, 0, 'MTR', 0, 0, 0, 0, 0, 'Y', NULL, NULL),
('1903112R-210088', 'KP JKT LILY 3D (12MBE) 210088', 6, 0, 'MTR', 0, 0, 0, 0, 0, 'Y', NULL, NULL),
('1903112R-420026', 'KP JKT LILY 3D (12MBE) 420026', 6, 0, 'MTR', 0, 0, 0, 0, 0, 'Y', NULL, NULL),
('1903112R-420059', 'KP JKT LILY 3D (12MBE) 420059', 6, 0, 'MTR', 0, 0, 0, 0, 0, 'Y', NULL, NULL),
('1903112R-420062', 'KP JKT LILY 3D (12MBE) 420062', 6, 0, 'MTR', 0, 0, 0, 0, 0, 'Y', NULL, NULL),
('1903112R-420062-28', 'KP JKT LILY 3D (12MBE) 420062 BERBERY', 6, 0, 'MTR', 0, 0, 0, 0, 0, 'Y', NULL, NULL),
('1903112R-420148', 'KP JKT LILY 3D (12MBE) 420148', 6, 0, 'MTR', 0, 0, 0, 0, 0, 'Y', NULL, NULL),
('1903112R-420152', 'KP JKT LILY 3D (12MBE) 420152', 6, 0, 'MTR', 0, 0, 0, 0, 0, 'Y', NULL, NULL),
('1903112R-420204-28', 'KP JKT LILY 3D (12MBE) 420204 BERBERY', 6, 0, 'MTR', 0, 0, 0, 0, 0, 'Y', NULL, NULL),
('1903112R-510069', 'KP JKT LILY 3D (12 MBE) 510069', 6, 0, 'MTR', 0, 0, 0, 0, 0, 'Y', NULL, NULL),
('1903112R-520142', 'KP JKT LILY 3D (12MBE) 520142', 6, 0, 'MTR', 0, 0, 0, 0, 0, 'Y', NULL, NULL),
('1903112R-610016', 'KP JKT LILY 3D (12MBE) 610016', 6, 0, 'MTR', 0, 0, 0, 0, 0, 'Y', NULL, NULL),
('1903112R-610037', 'KP JKT LILY 3D (12MBE) 610037', 6, 0, 'MTR', 0, 0, 0, 0, 0, 'Y', NULL, NULL),
('1903112R-610066', 'KP JKT LILY 3D (12MBE) 610066', 6, 0, 'MTR', 0, 0, 0, 0, 0, 'Y', NULL, NULL),
('1903112R-710061', 'KP JKT LILY 3D (12MBE) 710061', 6, 0, 'MTR', 0, 0, 0, 0, 0, 'Y', NULL, NULL),
('1903112R-810024', 'KP JKT LILY 3D (12MBE) 810024', 6, 0, 'MTR', 0, 0, 0, 0, 0, 'Y', NULL, NULL),
('1903112R-810025', 'KP JKT LILY 3D (12MBE) 810025', 6, 0, 'MTR', 0, 0, 0, 0, 0, 'Y', NULL, NULL),
('1903123E-130321', 'KP JKT LILY 3D (02BTE) 420062', 6, 0, 'MTR', 0, 0, 0, 0, 0, 'Y', NULL, NULL),
('1903123E-130340-95', 'KP JKT LILY 3D (02BTE) 520166AB BIGDREAM', 6, 0, 'MTR', 0, 0, 0, 0, 0, 'Y', NULL, NULL),
('1903123E-210026', 'KP JKT LILY 3D (02BTE) 210026', 6, 0, 'MTR', 0, 0, 0, 0, 0, 'Y', NULL, NULL),
('1903123E-210057', 'KP JKT LILY 3D (02BTE) 210057', 6, 0, 'MTR', 0, 0, 0, 0, 0, 'Y', NULL, NULL),
('1903123E-420062-28', 'KP JKT LILY 3D (02BTE) 420062 BERBERY', 6, 0, 'MTR', 0, 0, 0, 0, 0, 'Y', NULL, NULL),
('1903123E-420148', 'KP JKT LILY 3D (02BTE) 420148', 6, 0, 'MTR', 0, 0, 0, 0, 0, 'Y', NULL, NULL),
('1903123E-420152', 'KP JKT LILY 3D (02BTE) 420152', 6, 0, 'MTR', 0, 0, 0, 0, 0, 'Y', NULL, NULL),
('1903123E-420204-28', 'KP JKT LILY 3D (02BTE) 420204 BERBERY', 6, 0, 'MTR', 0, 0, 0, 0, 0, 'Y', NULL, NULL),
('1903123E-520142', 'KP JKT LILY 3D (02BTE) 520142', 6, 0, 'MTR', 0, 0, 0, 0, 0, 'Y', NULL, NULL),
('1903123E-610066', 'KP JKT LILY 3D (02BTE) 610066', 6, 0, 'MTR', 0, 0, 0, 0, 0, 'Y', NULL, NULL),
('1903123E-810025', 'KP JKT LILY 3D (02BTE) 810025', 6, 110, 'MTR', 0, 0, 0, 0, 0, 'Y', NULL, NULL),
('1903123E-910022', 'KP JKT LILY 3D (02BTE) 910022', 6, 0, 'MTR', 0, 0, 0, 0, 0, 'Y', NULL, NULL),
('190312FE-710061', 'KP JKT LILY 3D (02FE) 710061', 6, 600, 'MTR', 0, 0, 0, 0, 0, 'Y', NULL, NULL),
('190312FE-810024', 'KP JKT LILY 3D (02FE) 810024', 6, 312, 'MTR', 0, 0, 0, 0, 0, 'Y', NULL, NULL),
('190313BT-130322', 'KP JKT LILY 3D (03BTE) 420062', 6, 0, 'MTR', 0, 0, 0, 0, 0, 'Y', NULL, NULL),
('190313BT-130326', 'KP JKT LILY 3D (03BTE) 210079', 6, 0, 'MTR', 0, 0, 0, 0, 0, 'Y', NULL, NULL),
('190313BT-130339-95', 'KP JKT LILY 3D (03BTE) 520166AB BIGDREAM', 6, 0, 'MTR', 0, 0, 0, 0, 0, 'Y', NULL, NULL),
('190313BT-210026', 'KP JKT LILY 3D (03BTE) 210026', 6, 687, 'MTR', 0, 0, 0, 0, 0, 'Y', NULL, NULL),
('190313BT-210057', 'KP JKT LILY 3D (03BTE) 210057', 6, 710, 'MTR', 0, 0, 0, 0, 0, 'Y', NULL, NULL),
('190313BT-420062-28', 'KP JKT LILY 3D (03BTE) 420062 BERBERY', 6, 0, 'MTR', 0, 0, 0, 0, 0, 'Y', NULL, NULL),
('190313BT-420148', 'KP JKT LILY 3D (03BTE) 420148', 6, 0, 'MTR', 0, 0, 0, 0, 0, 'Y', NULL, NULL),
('190313BT-420152', 'KP JKT LILY 3D (03BTE) 420152', 6, 0, 'MTR', 0, 0, 0, 0, 0, 'Y', NULL, NULL),
('190313BT-420204-28', 'KP JKT LILY 3D (03BTE) 420204 BERBERY', 6, 0, 'MTR', 0, 0, 0, 0, 0, 'Y', NULL, NULL),
('190313BT-520142', 'KP JKT LILY 3D (03BTE) 520142', 6, 462, 'MTR', 0, 0, 0, 0, 0, 'Y', NULL, NULL),
('190313BT-610037', 'KP JKT LILY 3D (03BTE) 610037', 6, 0, 'MTR', 0, 0, 0, 0, 0, 'Y', NULL, NULL),
('190313BT-610066', 'KP JKT LILY 3D (03BTE) 610066', 6, 110, 'MTR', 0, 0, 0, 0, 0, 'Y', NULL, NULL),
('190313BT-710061', 'KP JKT LILY 3D (03BTE) 710061', 6, 464, 'MTR', 0, 0, 0, 0, 0, 'Y', NULL, NULL),
('190313BT-810024', 'KP JKT LILY 3D (03BTE) 810024', 6, 1107, 'MTR', 0, 0, 0, 0, 0, 'Y', NULL, NULL),
('190313BT-810025', 'KP JKT LILY 3D (03BTE) 810025', 6, 508, 'MTR', 0, 0, 0, 0, 0, 'Y', NULL, NULL),
('1903202', 'KP JKT LILY BG MERAH', 6, 180, 'MTR', 0, 0, 0, 0, 0, 'Y', NULL, NULL),
('1903203', 'KP JKT LILY BG BIRU', 6, 763, 'MTR', 0, 0, 0, 0, 0, 'Y', NULL, NULL),
('1903212', 'KP JKT LILY BG COKLAT', 6, 2783, 'MTR', 0, 0, 0, 0, 0, 'Y', NULL, NULL),
('1903302-610081', 'KP JKT LILY 3D RAIN (02) 610081', 6, 0, 'MTR', 0, 0, 0, 0, 0, 'Y', NULL, NULL),
('1903302-610082', 'KP JKT LILY 3D RAIN (02) 610082', 6, 0, 'MTR', 0, 0, 0, 0, 0, 'Y', NULL, NULL),
('1903302-910057', 'KP JKT LILY 3D RAIN (02) 910057', 6, 0, 'MTR', 0, 0, 0, 0, 0, 'Y', NULL, NULL),
('1903303-610081', 'KP JKT LILY 3D RAIN (03) 610081', 6, 0, 'MTR', 0, 0, 0, 0, 0, 'Y', NULL, NULL),
('1903303-610082', 'KP JKT LILY 3D RAIN (03) 610082', 6, 0, 'MTR', 0, 0, 0, 0, 0, 'Y', NULL, NULL),
('1903303-910057', 'KP JKT LILY 3D RAIN (03) 910057', 6, 0, 'MTR', 0, 0, 0, 0, 0, 'Y', NULL, NULL),
('1903312-610081', 'KP JKT LILY 3D RAIN (12) 610081', 6, 0, 'MTR', 0, 0, 0, 0, 0, 'Y', NULL, NULL),
('1903312-610082', 'KP JKT LILY 3D RAIN (12) 610082', 6, 0, 'MTR', 0, 0, 0, 0, 0, 'Y', NULL, NULL),
('1903312-910057', 'KP JKT LILY 3D RAIN (12) 910057', 6, 0, 'MTR', 0, 0, 0, 0, 0, 'Y', NULL, NULL),
('1903407A-4028', 'KP JKT MARS 3D (07A) 4028', 6, 0, 'MTR', 0, 0, 0, 0, 0, 'Y', NULL, NULL),
('1903505', 'KP JKT MELROSE 2D PUTIH', 6, 0, 'MTR', 0, 0, 0, 0, 0, 'Y', NULL, NULL),
('1903602-3181', 'KP JKT MELROSE 3D (02) 3181', 6, 1020, 'MTR', 0, 0, 0, 0, 0, 'Y', NULL, NULL),
('1903603-3181', 'KP JKT MELROSE 3D (03) 3181', 6, 0, 'MTR', 0, 0, 0, 0, 0, 'Y', NULL, NULL),
('1903612-3181', 'KP JKT MELROSE 3D (12) 3181', 6, 0, 'MTR', 0, 0, 0, 0, 0, 'Y', NULL, NULL),
('1903700', 'KP JKT MELROSE BG', 6, 0, 'MTR', 0, 0, 0, 0, 0, 'Y', NULL, NULL),
('1903802-34', 'KP JKT SPK (02) PANEL', 6, 778, 'MTR', 0, 0, 0, 0, 0, 'Y', NULL, NULL),
('1903803-34', 'KP JKT SPK (03) PANEL', 6, 915, 'MTR', 0, 0, 0, 0, 0, 'Y', NULL, NULL),
('1903939', 'KP JKT SPR BIRU POLOS', 6, 486, 'MTR', 0, 0, 0, 0, 0, 'Y', NULL, NULL),
('1903940', 'KP JKT SPR MERAH POLOS', 6, 462, 'MTR', 0, 0, 0, 0, 0, 'Y', NULL, NULL),
('1904000-297', 'KP JKT SQ 297', 6, 330, 'MTR', 0, 0, 0, 0, 0, 'Y', NULL, NULL),
('1904100', 'KP JKT SQ B', 6, 0, 'MTR', 0, 0, 0, 0, 0, 'Y', NULL, NULL),
('1904200', 'KP JKT SS', 6, 0, 'MTR', 0, 0, 0, 0, 0, 'Y', NULL, NULL),
('19043-4099', 'KP JKT SUNY 2D (12) 4099', 6, 716, 'MTR', 0, 0, 0, 0, 0, 'Y', NULL, NULL),
('1904300-011683', 'KP JKT SUNY 2D 011683', 6, 0, 'MTR', 0, 0, 0, 0, 0, 'Y', NULL, NULL),
('1904300-05243', 'KP JKT SUNY 2D 05243', 6, 0, 'MTR', 0, 0, 0, 0, 0, 'Y', NULL, NULL),
('1904300-11622', 'KP JKT SUNY 2D 11622', 6, 0, 'MTR', 0, 0, 0, 0, 0, 'Y', NULL, NULL),
('1904301-4182', 'KP JKT SUNY 2D (01) 4182', 6, 0, 'MTR', 0, 0, 0, 0, 0, 'Y', NULL, NULL),
('1904302-04099', 'KP JKT SUNY 3D (02) 04099', 6, 0, 'MTR', 0, 0, 0, 0, 0, 'Y', NULL, NULL),
('1904302-1168', 'KP JKT SUNY 2D (02) 1168', 6, 315, 'MTR', 0, 0, 0, 0, 0, 'Y', NULL, NULL),
('1904302-341', 'KP JKT SUNY 2D (02) 341', 6, 3008, 'MTR', 0, 0, 0, 0, 0, 'Y', NULL, NULL),
('1904302-520076', 'KP JKT SUNY 2D (02) 520076', 6, 664, 'MTR', 0, 0, 0, 0, 0, 'Y', NULL, NULL),
('1904302-5S', 'KP JKT SUNY 2D (02) 5S', 6, 400, 'MTR', 0, 0, 0, 0, 0, 'Y', NULL, NULL),
('1904302-6004', 'KP JKT SUNY 2D (02) 6004', 6, 98, 'MTR', 0, 0, 0, 0, 0, 'Y', NULL, NULL),
('1904302P-101', 'KP JKT SUNY 2D (02P) 101', 6, 0, 'MTR', 0, 0, 0, 0, 0, 'Y', NULL, NULL),
('1904303', 'KP JKT SUNY 2D (03)', 6, 82, 'MTR', 0, 0, 0, 0, 0, 'Y', NULL, NULL),
('1904303-020100', 'KP JKT SUNY 2D (03) 020100', 6, 0, 'MTR', 0, 0, 0, 0, 0, 'Y', NULL, NULL),
('1904303-3264', 'KP JKT SUNY 2D (03) 3264', 6, 0, 'MTR', 0, 0, 0, 0, 0, 'Y', NULL, NULL),
('1904303-337', 'KP JKT SUNY 2D (03) 337', 6, 0, 'MTR', 0, 0, 0, 0, 0, 'Y', NULL, NULL),
('1904303-341', 'KP JKT SUNY 2D (03) 341', 6, 0, 'MTR', 0, 0, 0, 0, 0, 'Y', NULL, NULL),
('1904303-4037', 'KP JKT SUNY 2D (03) 4037', 6, 336, 'MTR', 0, 0, 0, 0, 0, 'Y', NULL, NULL),
('1904303-50076', 'KP JKT SUNY 2D (03) 50076', 6, 0, 'MTR', 0, 0, 0, 0, 0, 'Y', NULL, NULL),
('1904303-5200713', 'KP JKT SUNY 2D (03) 520071', 6, 0, 'MTR', 0, 0, 0, 0, 0, 'Y', NULL, NULL),
('1904303-520076', 'KP JKT SUNY 2D (03) 520076', 6, 0, 'MTR', 0, 0, 0, 0, 0, 'Y', NULL, NULL),
('1904303P-5114', 'KP JKT SUNY 2D (03P) 5114', 6, 238, 'MTR', 0, 0, 0, 0, 0, 'Y', NULL, NULL),
('1904304-4028', 'KP JKT SUNY 2D (04) 4028', 6, 0, 'MTR', 0, 0, 0, 0, 0, 'Y', NULL, NULL),
('1904304-4037', 'KP JKT SUNY 2D (04) 4037', 6, 0, 'MTR', 0, 0, 0, 0, 0, 'Y', NULL, NULL),
('1904305-04141', 'KP JKT SUNY 2D (P) 04141', 6, 0, 'MTR', 0, 0, 0, 0, 0, 'Y', NULL, NULL),
('1904305-05156', 'KP JKT SUNY 2D (P) 05156', 6, 0, 'MTR', 0, 0, 0, 0, 0, 'Y', NULL, NULL),
('1904305-2057', 'KP JKT SUNY 2D (P) 2057', 6, 0, 'MTR', 0, 0, 0, 0, 0, 'Y', NULL, NULL),
('1904305-6093', 'KP JKT SUNY 2D (P) 6093', 6, 3269, 'MTR', 0, 0, 0, 0, 0, 'Y', NULL, NULL),
('1904307-6169-31', 'KP JKT SUNY 2D (07) 6169 BLUEBERRY', 6, 0, 'MTR', 0, 0, 0, 0, 0, 'Y', NULL, NULL),
('1904307A-05114', 'KP JKT SUNY 2D (07A) 05114', 6, 0, 'MTR', 0, 0, 0, 0, 0, 'Y', NULL, NULL),
('1904307A-420077', 'KP JKT SUNY 2D (07A) 420077', 6, 946, 'MTR', 0, 0, 0, 0, 0, 'Y', NULL, NULL),
('1904307A-6093', 'KP JKT SUNY 2D (07A) 6093', 6, 3929, 'MTR', 0, 0, 0, 0, 0, 'Y', NULL, NULL),
('1904308-0574', 'KP JKT SUNY 2D (08) 0574', 6, 0, 'MTR', 0, 0, 0, 0, 0, 'Y', NULL, NULL),
('1904308-4037', 'KP JKT SUNY 2D (08) 4037', 6, 0, 'MTR', 0, 0, 0, 0, 0, 'Y', NULL, NULL),
('1904308-6093', 'KP JKT SUNY 2D (08) 6093', 6, 220, 'MTR', 0, 0, 0, 0, 0, 'Y', NULL, NULL),
('1904308D-04091', 'KP JKT SUNY 2D (08D) 04091', 6, 0, 'MTR', 0, 0, 0, 0, 0, 'Y', NULL, NULL),
('1904311E-4099', 'KP JKT SUNY 2D (11E) 4099', 6, 0, 'MTR', 0, 0, 0, 0, 0, 'Y', NULL, NULL),
('1904311G-03141', 'KP JKT SUNY 2D (11G) 03141', 6, 0, 'MTR', 0, 0, 0, 0, 0, 'Y', NULL, NULL),
('1904311G-03S', 'KP JKT SUNY 2D (11G) 03S', 6, 313, 'MTR', 0, 0, 0, 0, 0, 'Y', NULL, NULL),
('1904311G-4099', 'KP JKT SUNY 2D (11G) 4099', 6, 0, 'MTR', 0, 0, 0, 0, 0, 'Y', NULL, NULL),
('1904311G-9390', 'KP JKT SUNY 2D (11G) 9390', 6, 0, 'MTR', 0, 0, 0, 0, 0, 'Y', NULL, NULL),
('1904312-0514', 'KP JKT SUNY 2D (12) 0514', 6, 0, 'MTR', 0, 0, 0, 0, 0, 'Y', NULL, NULL),
('1904312-4182', 'KP JKT SUNY 2D (12) 4182', 6, 0, 'MTR', 0, 0, 0, 0, 0, 'Y', NULL, NULL),
('1904312-520071', 'KP JKT SUNY 2D (12) 520071', 6, 0, 'MTR', 0, 0, 0, 0, 0, 'Y', NULL, NULL),
('1904312-520076', 'KP JKT SUNY 2D (12) 520076', 6, 0, 'MTR', 0, 0, 0, 0, 0, 'Y', NULL, NULL),
('1904312-6004', 'KP JKT SUNY 2D (12) 6004', 6, 1292, 'MTR', 0, 0, 0, 0, 0, 'Y', NULL, NULL),
('1904312-6169', 'KP JKT SUNY 2D (12) 6169', 6, 3050, 'MTR', 0, 0, 0, 0, 0, 'Y', NULL, NULL),
('1904312-6169-32', 'KP JKT SUNY 2D (12) 6169 CRYSTALINE', 6, 200, 'MTR', 0, 0, 0, 0, 0, 'Y', NULL, NULL),
('1904312-9390', 'KP JKT SUNY 2D (12) 9390', 6, 0, 'MTR', 0, 0, 0, 0, 0, 'Y', NULL, NULL),
('1904312-9408', 'KP JKT SUNY 2D (12) 9408', 6, 0, 'MTR', 0, 0, 0, 0, 0, 'Y', NULL, NULL),
('19043123B-01232', 'KP JKT SUNY 3D (123B) 01232', 6, 570, 'MTR', 0, 0, 0, 0, 0, 'Y', NULL, NULL),
('1904317MB-01191', 'KP JKT SUNY 3D (12MBK) 01191', 6, 821, 'MTR', 0, 0, 0, 0, 0, 'Y', NULL, NULL),
('1904323E-220040', 'KP JKT LILY 3D (02BTE) 220040', 6, 0, 'MTR', 0, 0, 0, 0, 0, 'Y', NULL, NULL),
('19044-520081', 'KP JKT SUNY 3D (12MBK) 520081', 6, 1500, 'MTR', 0, 0, 0, 0, 0, 'Y', NULL, NULL),
('1904401-4068', 'KP JKT SUNY 3D (01) 4068', 6, 2139, 'MTR', 0, 0, 0, 0, 0, 'Y', NULL, NULL),
('1904402-01232', 'KP JKT SUNY 3D (02) 01232', 6, 423, 'MTR', 0, 0, 0, 0, 0, 'Y', NULL, NULL),
('1904402-020107', 'KP JKT SUNY 3D (02) 020107', 6, 0, 'MTR', 0, 0, 0, 0, 0, 'Y', NULL, NULL),
('1904402-04182-33', 'KP JKT SUNY 3D (02) 04182 FORTUNER', 6, 120, 'MTR', 0, 0, 0, 0, 0, 'Y', NULL, NULL),
('1904402-05169', 'KP JKT SUNY 3D (02) 05169', 6, 0, 'MTR', 0, 0, 0, 0, 0, 'Y', NULL, NULL),
('1904402-130342-96', 'KP JKT SUNY 3D (03) 910070 BIGLAND', 6, 0, 'MTR', 0, 0, 0, 0, 0, 'Y', NULL, NULL),
('1904402-274', 'KP JKT SUNY 3D (02) 274', 6, 0, 'MTR', 0, 0, 0, 0, 0, 'Y', NULL, NULL),
('1904402-284', 'KP JKT SUNY 3D (02) 284', 6, 1250, 'MTR', 0, 0, 0, 0, 0, 'Y', NULL, NULL),
('1904402-3210-30', 'KP JKT SUNY 3D (02) 3210 CALISTE', 6, 1522, 'MTR', 0, 0, 0, 0, 0, 'Y', NULL, NULL),
('1904402-4037', 'KP JKT SUNY 3D (02) 4037', 6, 440, 'MTR', 0, 0, 0, 0, 0, 'Y', NULL, NULL),
('1904402-4099', 'KP JKT SUNY 2D (02) 4099', 6, 52, 'MTR', 0, 0, 0, 0, 0, 'Y', NULL, NULL),
('1904402-4158', 'KP JKT SUNY 3D (02) 4158', 6, 0, 'MTR', 0, 0, 0, 0, 0, 'Y', NULL, NULL),
('1904402-4309', 'KP JKT SUNY 3D (02) 4309', 6, 0, 'MTR', 0, 0, 0, 0, 0, 'Y', NULL, NULL),
('1904402-5027', 'KP JKT SUNY 3D (02) 5027', 6, 1524, 'MTR', 0, 0, 0, 0, 0, 'Y', NULL, NULL),
('1904402-520083', 'KP JKT SUNY 3D (02) 520083', 6, 0, 'MTR', 0, 0, 0, 0, 0, 'Y', NULL, NULL),
('1904402-6004', 'KP JKT SUNY 3D (02) 6004', 6, 735, 'MTR', 0, 0, 0, 0, 0, 'Y', NULL, NULL),
('1904402-6169', 'KP JKT SUNY 3D (02) 6169', 6, 0, 'MTR', 0, 0, 0, 0, 0, 'Y', NULL, NULL),
('1904402-6169-32', 'KP JKT SUNY 3D (02) 6169 CRYSTALINE', 6, 1229, 'MTR', 0, 0, 0, 0, 0, 'Y', NULL, NULL),
('1904402-6192', 'KP JKT SUNY 3D (02) 6192', 6, 233, 'MTR', 0, 0, 0, 0, 0, 'Y', NULL, NULL),
('1904402-9422', 'KP JKT SUNY 3D (02) 9422', 6, 3246, 'MTR', 0, 0, 0, 0, 0, 'Y', NULL, NULL),
('1904402E-02167', 'KP JKT SUNY 3D (02E) 02167', 6, 0, 'MTR', 0, 0, 0, 0, 0, 'Y', NULL, NULL),
('1904402E-6010', 'KP JKT SUNY 3D (02E) 6010', 6, 110, 'MTR', 0, 0, 0, 0, 0, 'Y', NULL, NULL),
('1904402MTE-710099', 'KP JKT SUNY 3D (02MTE) 710099', 6, 0, 'MTR', 0, 0, 0, 0, 0, 'Y', NULL, NULL),
('1904402UE-130330', 'KP JKT SUNY 3D (02UE) 2207D', 6, 708, 'MTR', 0, 0, 0, 0, 0, 'Y', NULL, NULL),
('1904403-01232', 'KP JKT SUNY 3D (03) 01232', 6, 0, 'MTR', 0, 0, 0, 0, 0, 'Y', NULL, NULL),
('1904403-020107', 'KP JKT SUNY 3D (03) 020107', 6, 687, 'MTR', 0, 0, 0, 0, 0, 'Y', NULL, NULL),
('1904403-05169', 'KP JKT SUNY 3D (03) 05169', 6, 0, 'MTR', 0, 0, 0, 0, 0, 'Y', NULL, NULL),
('1904403-05237', 'KP JKT SUNY 3D (03) 05237', 6, 0, 'MTR', 0, 0, 0, 0, 0, 'Y', NULL, NULL),
('1904403-130343-96', 'KP JKT SUNY 3D (02) 910070 BIGLAND', 6, 0, 'MTR', 0, 0, 0, 0, 0, 'Y', NULL, NULL),
('1904403-2108', 'KP JKT SUNY 3D (03) 2108', 6, 0, 'MTR', 0, 0, 0, 0, 0, 'Y', NULL, NULL),
('1904403-284', 'KP JKT SUNY 3D (03) 284', 6, 5241, 'MTR', 0, 0, 0, 0, 0, 'Y', NULL, NULL),
('1904403-310096', 'KP JKT SUNY 3D (03) 310096', 6, 0, 'MTR', 0, 0, 0, 0, 0, 'Y', NULL, NULL),
('1904403-3210-30', 'KP JKT SUNY 3D (03) 3210 CALISTE', 6, 1617, 'MTR', 0, 0, 0, 0, 0, 'Y', NULL, NULL),
('1904403-4099', 'KP JKT SUNY 2D (03) 4099', 6, 327, 'MTR', 0, 0, 0, 0, 0, 'Y', NULL, NULL),
('1904403-5027', 'KP JKT SUNY 3D (03) 5027', 6, 2025, 'MTR', 0, 0, 0, 0, 0, 'Y', NULL, NULL),
('1904403-520013', 'KP JKT SUNY 3D (03) 520013', 6, 0, 'MTR', 0, 0, 0, 0, 0, 'Y', NULL, NULL),
('1904403-5206', 'KP JKT SUNY 3D (03) 5206', 6, 0, 'MTR', 0, 0, 0, 0, 0, 'Y', NULL, NULL),
('1904403-6004', 'KP JKT SUNY 3D (03) 6004', 6, 1568, 'MTR', 0, 0, 0, 0, 0, 'Y', NULL, NULL),
('1904403-6169', 'KP JKT SUNY 3D (03) 6169', 6, 0, 'MTR', 0, 0, 0, 0, 0, 'Y', NULL, NULL),
('1904403-6169-32', 'KP JKT SUNY 3D (03) 6169 CRYSTALINE', 6, 610, 'MTR', 0, 0, 0, 0, 0, 'Y', NULL, NULL),
('1904403-9422', 'KP JKT SUNY 3D (03) 9422', 6, 0, 'MTR', 0, 0, 0, 0, 0, 'Y', NULL, NULL),
('1904403MTE-710099', 'KP JKT SUNY 3D (03MTE) 710099', 6, 0, 'MTR', 0, 0, 0, 0, 0, 'Y', NULL, NULL),
('1904403UE-130329', 'KP JKT SUNY 3D (03UE) 2207D', 6, 164, 'MTR', 0, 0, 0, 0, 0, 'Y', NULL, NULL),
('1904410-01232', 'KP JKT SUNY 3D (10) 01232', 6, 497, 'MTR', 0, 0, 0, 0, 0, 'Y', NULL, NULL),
('1904412-01139', 'KP JKT SUNY 3D (12) 01139', 6, 0, 'MTR', 0, 0, 0, 0, 0, 'Y', NULL, NULL),
('1904412-03072', 'KP JKT SUNY 3D (12) 03072', 6, 0, 'MTR', 0, 0, 0, 0, 0, 'Y', NULL, NULL),
('1904412-130341-96', 'KP JKT SUNY 3D (12) 910070 BIGLAND', 6, 0, 'MTR', 0, 0, 0, 0, 0, 'Y', NULL, NULL),
('1904412-284', 'KP JKT SUNY 3D (12) 284', 6, 83, 'MTR', 0, 0, 0, 0, 0, 'Y', NULL, NULL),
('1904412-5027', 'KP JKT SUNY 3D (12) 5027', 6, 2015, 'MTR', 0, 0, 0, 0, 0, 'Y', NULL, NULL),
('1904412-5152', 'KP JKT SUNY 3D (12) 5152', 6, 182, 'MTR', 0, 0, 0, 0, 0, 'Y', NULL, NULL),
('1904412-520141', 'KP JKT SUNY 3D (12) 520141', 6, 0, 'MTR', 0, 0, 0, 0, 0, 'Y', NULL, NULL),
('1904412-5206', 'KP JKT SUNY 3D (12) 5206', 6, 205, 'MTR', 0, 0, 0, 0, 0, 'Y', NULL, NULL),
('1904412-6169', 'KP JKT SUNY 3D (12) 6169 (BIGLAND)', 6, 0, 'MTR', 0, 0, 0, 0, 0, 'Y', NULL, NULL),
('1904412B-3210-30', 'KP JKT SUNY 3D (12B) 3210 CALISTE', 6, 1549, 'MTR', 0, 0, 0, 0, 0, 'Y', NULL, NULL),
('1904412B-4068', 'KP JKT SUNY 3D (12B) 4068', 6, 3201, 'MTR', 0, 0, 0, 0, 0, 'Y', NULL, NULL),
('1904412C-01315', 'KP JKT SUNY 3D (12C) 01315', 6, 0, 'MTR', 0, 0, 0, 0, 0, 'Y', NULL, NULL),
('1904412C-04182-33', 'KP JKT SUNY 3D (12C) 04182 FORTUNER', 6, 0, 'MTR', 0, 0, 0, 0, 0, 'Y', NULL, NULL),
('1904412C-6169-32', 'KP JKT SUNY 3D (12C) 6169 CRYSTALINE', 6, 607, 'MTR', 0, 0, 0, 0, 0, 'Y', NULL, NULL),
('1904412C-9422', 'KP JKT SUNY 3D (12C) 9422', 6, 0, 'MTR', 0, 0, 0, 0, 0, 'Y', NULL, NULL),
('1904412MB-130336', 'KP JKT SUNY 3D (12MBK) 420093', 6, 0, 'MTR', 0, 0, 0, 0, 0, 'Y', NULL, NULL),
('1904412MTE-710099', 'KP JKT SUNY 3D (12MTE) 710099', 6, 0, 'MTR', 0, 0, 0, 0, 0, 'Y', NULL, NULL),
('1904412R-130328', 'KP JKT SUNY 3D (12MBE) 2207D', 6, 200, 'MTR', 0, 0, 0, 0, 0, 'Y', NULL, NULL),
('190442FK-520141', 'KP JKT SUNY 3D (02FK) 520141', 6, 440, 'MTR', 0, 0, 0, 0, 0, 'Y', NULL, NULL),
('190443BT-130337', 'KP JKT SUNY 3D (03BTK) 420093', 6, 0, 'MTR', 0, 0, 0, 0, 0, 'Y', NULL, NULL),
('190443BT-520081', 'KP JKT SUNY 3D (03BTK) 520081', 6, 1, 'MTR', 0, 0, 0, 0, 0, 'Y', NULL, NULL),
('190443BT-520141', 'KP JKT SUNY 3D (03BTK) 520141', 6, 0, 'MTR', 0, 0, 0, 0, 0, 'Y', NULL, NULL),
('190443MB-04148', 'KP JKT SUNY 3D (03MBH) 04148', 6, 0, 'MTR', 0, 0, 0, 0, 0, 'Y', NULL, NULL),
('1904502', 'KP JKT SUNY BG MERAH', 6, 0, 'MTR', 0, 0, 0, 0, 0, 'Y', NULL, NULL),
('1904503', 'KP JKT SUNY BG BIRU', 6, 0, 'MTR', 0, 0, 0, 0, 0, 'Y', NULL, NULL),
('1904512', 'KP JKT SUNY BG COKLAT', 6, 0, 'MTR', 0, 0, 0, 0, 0, 'Y', NULL, NULL),
('1905002-01372', 'KP KNT ADELLE JK MERAH 01372', 6, 0, 'MTR', 0, 0, 0, 0, 0, 'Y', NULL, NULL),
('1905003-01372', 'KP KNT ADELLE JK BIRU 01372', 6, 0, 'MTR', 0, 0, 0, 0, 0, 'Y', NULL, NULL),
('1905012-01372', 'KP KNT ADELLE JK COKLAT 01372', 6, 0, 'MTR', 0, 0, 0, 0, 0, 'Y', NULL, NULL),
('1905102-10824-2E', 'KP KNT ARIEL 3D MERAH 10824-2E', 6, 511, 'MTR', 0, 0, 0, 0, 0, 'Y', NULL, NULL),
('1905102-6062.2E', 'KP KNT ARIEL 3D MERAH 6062-2E', 6, 705, 'MTR', 0, 0, 0, 0, 0, 'Y', NULL, NULL),
('1905102-9R148-B138', 'KP KNT ARIEL 3D MERAH 9JK148-J6', 6, 0, 'MTR', 0, 0, 0, 0, 0, 'Y', NULL, NULL),
('1905103-10824-1E', 'KP KNT ARIEL 3D BIRU 10824-1E', 6, 107, 'MTR', 0, 0, 0, 0, 0, 'Y', NULL, NULL),
('1905103-130349', 'KP KNT ARIEL 3D BIRU 06062-1E', 6, 1113, 'MTR', 0, 0, 0, 0, 0, 'Y', NULL, NULL),
('1905103-130350', 'KP KNT ARIEL 3D BIRU 06397-1E', 6, 109, 'MTR', 0, 0, 0, 0, 0, 'Y', NULL, NULL),
('1905103-9R148-B139', 'KP KNT ARIEL 3D BIRU 9JK148-J8', 6, 0, 'MTR', 0, 0, 0, 0, 0, 'Y', NULL, NULL),
('1905105-9R148-88', 'KP KNT ARIEL 3D PUTIH 9JK148-J12', 6, 0, 'MTR', 0, 0, 0, 0, 0, 'Y', NULL, NULL),
('1905110-6062-4E', 'KP KNT ARIEL 3D HITAM 6062-4E', 6, 0, 'MTR', 0, 0, 0, 0, 0, 'Y', NULL, NULL),
('1905110-9JK148-J26', 'KP KNT ARIEL 3D HITAM 9JK148-J26', 6, 0, 'MTR', 0, 0, 0, 0, 0, 'Y', NULL, NULL),
('1905112-01372-3AA', 'KP KNT ARIEL 3D COKELAT 01372-3AA', 6, 496, 'MTR', 0, 0, 0, 0, 0, 'Y', NULL, NULL),
('1905112-10824-3E', 'KP KNT ARIEL 3D COKLAT 10824-3E', 6, 0, 'MTR', 0, 0, 0, 0, 0, 'Y', NULL, NULL),
('1905112-130351', 'KP KNT ARIEL 3D COKLAT 06397-3E', 6, 0, 'MTR', 0, 0, 0, 0, 0, 'Y', NULL, NULL),
('1905112-6062.3E', 'KP KNT ARIEL 3D COKLAT 6062-3E', 6, 1016, 'MTR', 0, 0, 0, 0, 0, 'Y', NULL, NULL),
('1905112-9R148-J7', 'KP KNT ARIEL 3D COKLAT 9JK148-J7', 6, 242, 'MTR', 0, 0, 0, 0, 0, 'Y', NULL, NULL),
('1905136-9JK148-J18', 'KP KNT ARIEL 3D MOCHA 9JK148-J18', 6, 2309, 'MTR', 0, 0, 0, 0, 0, 'Y', NULL, NULL),
('1905202-3JK035-J6', 'KP KNT ARIEL JK MERAH 3JK035-J6', 6, 482, 'MTR', 0, 0, 0, 0, 0, 'Y', NULL, NULL),
('1905202-4JK014.J6', 'KP KNT ARIEL JK MERAH 4JK014-J6', 6, 353, 'MTR', 0, 0, 0, 0, 0, 'Y', NULL, NULL),
('1905202-4JK049-J6', 'KP KNT ARIEL JK MERAH 4JK049-J6', 6, 467, 'MTR', 0, 0, 0, 0, 0, 'Y', NULL, NULL),
('1905202-4JK049-J8', 'KP KNT ARIEL JK BIRU 4JK049-J8', 6, 979, 'MTR', 0, 0, 0, 0, 0, 'Y', NULL, NULL),
('1905203-3JK035-J8', 'KP KNT ARIEL JK BIRU 3JK035-J8', 6, 725, 'MTR', 0, 0, 0, 0, 0, 'Y', NULL, NULL),
('1905203-4JK014.J8', 'KP KNT ARIEL JK BIRU 4JK014-J8', 6, 179, 'MTR', 0, 0, 0, 0, 0, 'Y', NULL, NULL),
('1905212-3JK035-J7', 'KP KNT ARIEL JK COKLAT 3JK035-J7', 6, 975, 'MTR', 0, 0, 0, 0, 0, 'Y', NULL, NULL),
('1905212-4JK014.J7', 'KP KNT ARIEL JK COKLAT 4JK014-J7', 6, 88, 'MTR', 0, 0, 0, 0, 0, 'Y', NULL, NULL),
('1905212-4JK049-J7', 'KP KNT ARIEL JK COKLAT 4JK049-J7', 6, 989, 'MTR', 0, 0, 0, 0, 0, 'Y', NULL, NULL),
('1905302-01101', 'KP KNT AURA 2D MERAH 01101', 6, 20, 'MTR', 0, 0, 0, 0, 0, 'Y', NULL, NULL),
('1905302-0226', 'KP KNT AURA 2D MERAH 0226', 6, 124, 'MTR', 0, 0, 0, 0, 0, 'Y', NULL, NULL),
('1905303-15412', 'KP KNT AURA 2D BIRU 15412', 6, 0, 'MTR', 0, 0, 0, 0, 0, 'Y', NULL, NULL),
('1905305-01101', 'KP KNT AURA 2D PUTIH 01101', 6, 0, 'MTR', 0, 0, 0, 0, 0, 'Y', NULL, NULL),
('1905307-0044', 'KP KNT AURA 2D CREAM 0044', 6, 0, 'MTR', 0, 0, 0, 0, 0, 'Y', NULL, NULL),
('1905307-01101', 'KP KNT AURA 2D CREAM 01101', 6, 0, 'MTR', 0, 0, 0, 0, 0, 'Y', NULL, NULL),
('1905312-0044', 'KP KNT AURA 2D COKLAT 0044', 6, 0, 'MTR', 0, 0, 0, 0, 0, 'Y', NULL, NULL),
('1905312-15412', 'KP KNT AURA 2D COKLAT 15412', 6, 0, 'MTR', 0, 0, 0, 0, 0, 'Y', NULL, NULL),
('1905312-3.1177', 'KP KNT AURA 2D COKLAT 3.1177', 6, 0, 'MTR', 0, 0, 0, 0, 0, 'Y', NULL, NULL),
('1905402-0041', 'KP KNT AURA 3D MERAH 0041', 6, 0, 'MTR', 0, 0, 0, 0, 0, 'Y', NULL, NULL),
('1905402-01411', 'KP KNT AURA 3D MERAH 01411', 6, 0, 'MTR', 0, 0, 0, 0, 0, 'Y', NULL, NULL),
('1905402-01673-35', 'KP KNT AURA 3D MERAH 01673 TABENG', 6, 52, 'MTR', 0, 0, 0, 0, 0, 'Y', NULL, NULL),
('1905402-07044', 'KP KNT AURA 3D MERAH 07044', 6, 0, 'MTR', 0, 0, 0, 0, 0, 'Y', NULL, NULL),
('1905402-1.5412', 'KP KNT AURA 3D MERAH 1.5412', 6, 0, 'MTR', 0, 0, 0, 0, 0, 'Y', NULL, NULL),
('1905402-10336-2E', 'KP KNT AURA 3D MERAH 10336-2E', 6, 0, 'MTR', 0, 0, 0, 0, 0, 'Y', NULL, NULL),
('1905402-1584', 'KP KNT AURA 3D MERAH 1584', 6, 0, 'MTR', 0, 0, 0, 0, 0, 'Y', NULL, NULL),
('1905402-1584-35', 'KP KNT AURA 3D MERAH 1584 TABENG', 6, 0, 'MTR', 0, 0, 0, 0, 0, 'Y', NULL, NULL),
('1905402-25408', 'KP KNT AURA 3D MERAH 25408', 6, 115, 'MTR', 0, 0, 0, 0, 0, 'Y', NULL, NULL),
('1905402-9R148-B138', 'KP KNT AURA 3D MERAH 9R148-B138', 6, 0, 'MTR', 0, 0, 0, 0, 0, 'Y', NULL, NULL),
('1905403-0041', 'KP KNT AURA 3D BIRU 0041', 6, 0, 'MTR', 0, 0, 0, 0, 0, 'Y', NULL, NULL),
('1905403-01411', 'KP KNT AURA 3D BIRU 01411', 6, 0, 'MTR', 0, 0, 0, 0, 0, 'Y', NULL, NULL),
('1905403-07044', 'KP KNT AURA 3D BIRU 07044', 6, 0, 'MTR', 0, 0, 0, 0, 0, 'Y', NULL, NULL),
('1905403-10336-1E', 'KP KNT AURA 3D BIRU 10336-1E', 6, 0, 'MTR', 0, 0, 0, 0, 0, 'Y', NULL, NULL),
('1905403-1584', 'KP KNT AURA 3D BIRU 1584', 6, 0, 'MTR', 0, 0, 0, 0, 0, 'Y', NULL, NULL),
('1905403-1584-35', 'KP KNT AURA 3D BIRU 1584 TABENG', 6, 0, 'MTR', 0, 0, 0, 0, 0, 'Y', NULL, NULL),
('1905403-1673-35', 'KP KNT AURA 3D BIRU 1673 TABENG', 6, 102, 'MTR', 0, 0, 0, 0, 0, 'Y', NULL, NULL),
('1905403-25408', 'KP KNT AURA 3D BIRU 25408', 6, 1714, 'MTR', 0, 0, 0, 0, 0, 'Y', NULL, NULL),
('1905403-9R148-B139', 'KP KNT AURA 3D BIRU 9R148-B139', 6, 0, 'MTR', 0, 0, 0, 0, 0, 'Y', NULL, NULL),
('1905405', 'KP KNT AURA 3D PUTIH', 6, 0, 'MTR', 0, 0, 0, 0, 0, 'Y', NULL, NULL),
('1905405-01411', 'KP KNT AURA 3D PUTIH 01411', 6, 0, 'MTR', 0, 0, 0, 0, 0, 'Y', NULL, NULL),
('1905405-25408', 'KP KNT AURA 3D PUTIH 25408', 6, 335, 'MTR', 0, 0, 0, 0, 0, 'Y', NULL, NULL),
('1905405-4R331-B5', 'KP KNT AURA 3D PUTIH 4R331-B5', 6, 0, 'MTR', 0, 0, 0, 0, 0, 'Y', NULL, NULL),
('1905407-01411', 'KP KNT AURA 3D CREAM 01411', 6, 0, 'MTR', 0, 0, 0, 0, 0, 'Y', NULL, NULL),
('1905407-1.5463', 'KP KNT AURA 3D CREAM 1.5463', 6, 0, 'MTR', 0, 0, 0, 0, 0, 'Y', NULL, NULL),
('1905407-M0041', 'KP KNT AURA 3D CREAM M0041', 6, 0, 'MTR', 0, 0, 0, 0, 0, 'Y', NULL, NULL),
('1905412-0041', 'KP KNT AURA 3D COKLAT 0041', 6, 0, 'MTR', 0, 0, 0, 0, 0, 'Y', NULL, NULL),
('1905412-01411', 'KP KNT AURA 3D COKLAT 01411', 6, 0, 'MTR', 0, 0, 0, 0, 0, 'Y', NULL, NULL),
('1905412-01416', 'KP KNT AURA 3D COKLAT 1416', 6, 0, 'MTR', 0, 0, 0, 0, 0, 'Y', NULL, NULL),
('1905412-06173', 'KP KNT AURA 3D COKLAT 06173', 6, 0, 'MTR', 0, 0, 0, 0, 0, 'Y', NULL, NULL),
('1905412-07044', 'KP KNT AURA 3D COKLAT 07044', 6, 0, 'MTR', 0, 0, 0, 0, 0, 'Y', NULL, NULL),
('1905412-07104', 'KP KNT AURA 3D COKLAT 07104', 6, 0, 'MTR', 0, 0, 0, 0, 0, 'Y', NULL, NULL),
('1905412-10336-3E', 'KP KNT AURA 3D COKLAT 10336-3E', 6, 0, 'MTR', 0, 0, 0, 0, 0, 'Y', NULL, NULL),
('1905412-1584', 'KP KNT AURA 3D COKLAT 1584', 6, 0, 'MTR', 0, 0, 0, 0, 0, 'Y', NULL, NULL),
('1905412-25408', 'KP KNT AURA 3D COKLAT 25408', 6, 1846, 'MTR', 0, 0, 0, 0, 0, 'Y', NULL, NULL),
('1905412-9R148-B144', 'KP KNT AURA 3D COKLAT 9R148-B144', 6, 0, 'MTR', 0, 0, 0, 0, 0, 'Y', NULL, NULL),
('1905500', 'KP KNT AURA BG', 6, 0, 'MTR', 0, 0, 0, 0, 0, 'Y', NULL, NULL),
('1905600-10459A.4', 'KP KNT AURA LV 10459A-4', 6, 0, 'MTR', 0, 0, 0, 0, 0, 'Y', NULL, NULL),
('1905600-1552', 'KP KNT AURA LV 1552', 6, 0, 'MTR', 0, 0, 0, 0, 0, 'Y', NULL, NULL),
('1905602-10458.4GDD', 'KP KNT AURA LV MERAH 10458-4GDD', 6, 101, 'MTR', 0, 0, 0, 0, 0, 'Y', NULL, NULL),
('1905602-10798-5', 'KP KNT AURA LV 10798-5 MERAH', 6, 174, 'MTR', 0, 0, 0, 0, 0, 'Y', NULL, NULL),
('1905603-10458.4FAR', 'KP KNT AURA LV BIRU 10458-4FAR', 6, 0, 'MTR', 0, 0, 0, 0, 0, 'Y', NULL, NULL),
('1905603-10798-5', 'KP KNT AURA LV 10798-5 BIRU', 6, 95, 'MTR', 0, 0, 0, 0, 0, 'Y', NULL, NULL),
('1905607-10798-5.', 'KP KNT AURA LV 10798-5 CREAM', 6, 0, 'MTR', 0, 0, 0, 0, 0, 'Y', NULL, NULL),
('1905612-10390.4HJ', 'KP KNT AURA LV COKLAT 10390-4HJ', 6, 0, 'MTR', 0, 0, 0, 0, 0, 'Y', NULL, NULL),
('1905612-10454.4HJ', 'KP KNT AURA LV COKLAT 10454-4HJ', 6, 0, 'MTR', 0, 0, 0, 0, 0, 'Y', NULL, NULL),
('1905612-10458.HJ', 'KP KNT AURA LV COKLAT 10458-HJ', 6, 604, 'MTR', 0, 0, 0, 0, 0, 'Y', NULL, NULL),
('1905712-10459', 'KP KNT AURA MC COKLAT 10459', 6, 0, 'MTR', 0, 0, 0, 0, 0, 'Y', NULL, NULL),
('1905803-2.782', 'KP KNT AURA MT BIRU 2.782', 6, 0, 'MTR', 0, 0, 0, 0, 0, 'Y', NULL, NULL),
('1905803-2.783', 'KP KNT AURA MT BIRU 2.783', 6, 0, 'MTR', 0, 0, 0, 0, 0, 'Y', NULL, NULL),
('1905812-3.8', 'KP KNT AURA MT COKLAT 3.8', 6, 0, 'MTR', 0, 0, 0, 0, 0, 'Y', NULL, NULL),
('1905905-0029', 'KP KNT FORD 2D (P) 0029', 6, 0, 'MTR', 0, 0, 0, 0, 0, 'Y', NULL, NULL),
('1905905-1048', 'KP KNT FORD 2D (P) 1048', 6, 0, 'MTR', 0, 0, 0, 0, 0, 'Y', NULL, NULL),
('1905905-4R325-B1', 'KP KNT FORD 2D (P) 4R325-B1', 6, 672, 'MTR', 0, 0, 0, 0, 0, 'Y', NULL, NULL),
('1905910-1.B53-35', 'KP KNT FORD 2D HITAM 1-B53 (L220 (109)) TABENG', 6, 0, 'MTR', 0, 0, 0, 0, 0, 'Y', NULL, NULL),
('1906000-1122', 'KP KNT FORD 3D 1122', 6, 0, 'MTR', 0, 0, 0, 0, 0, 'Y', NULL, NULL),
('1906002-01315', 'KP KNT FORD 3D MERAH 01315', 6, 257, 'MTR', 0, 0, 0, 0, 0, 'Y', NULL, NULL),
('1906003-01315', 'KP KNT FORD 3D BIRU 01315', 6, 0, 'MTR', 0, 0, 0, 0, 0, 'Y', NULL, NULL),
('1906006-01315', 'KP KNT FORD 3D ABU 01315', 6, 0, 'MTR', 0, 0, 0, 0, 0, 'Y', NULL, NULL),
('1906012-0730', 'KP KNT FORD 3D COKLAT 0730', 6, 91, 'MTR', 0, 0, 0, 0, 0, 'Y', NULL, NULL),
('1906012-730', 'KP KNT FORD 3D COKLAT 730', 6, 0, 'MTR', 0, 0, 0, 0, 0, 'Y', NULL, NULL),
('1906100-850.14', 'KP KNT MONACO 2D 850-140', 6, 66, 'MTR', 0, 0, 0, 0, 0, 'Y', NULL, NULL),
('1906101-1.1001-36', 'KP KNT MONACO 2D HIJAU 1.1001 FIESTA 2', 6, 0, 'MTR', 0, 0, 0, 0, 0, 'Y', NULL, NULL),
('1906102-854.07', 'KP KNT MONACO 2D MAROON 854-070', 6, 0, 'MTR', 0, 0, 0, 0, 0, 'Y', NULL, NULL),
('1906105-838.02', 'KP KNT MONACO 2D PUTIH 838-020', 6, 0, 'MTR', 0, 0, 0, 0, 0, 'Y', NULL, NULL),
('1906105-926.021', 'KP KNT MONACO 2D PUTIH 926-021', 6, 0, 'MTR', 0, 0, 0, 0, 0, 'Y', NULL, NULL),
('1906106', 'KP KNT MONACO 2D ABU - ABU', 6, 0, 'MTR', 0, 0, 0, 0, 0, 'Y', NULL, NULL),
('1906107-11067.028', 'KP KNT MONACO 2D CREAM 11067-028', 6, 521, 'MTR', 0, 0, 0, 0, 0, 'Y', NULL, NULL),
('190610728-1.102', 'KP KNT MONACO 2D CREAM (028) 1.102', 6, 0, 'MTR', 0, 0, 0, 0, 0, 'Y', NULL, NULL),
('1906110', 'KP KNT MONACO 2D HITAM', 6, 0, 'MTR', 0, 0, 0, 0, 0, 'Y', NULL, NULL),
('1906110-51013.14', 'KP KNT MONACO 2D HITAM 51013-140', 6, 399, 'MTR', 0, 0, 0, 0, 0, 'Y', NULL, NULL),
('1906110-929.14', 'KP KNT MONACO 2D HITAM 929-140', 6, 0, 'MTR', 0, 0, 0, 0, 0, 'Y', NULL, NULL),
('1906110-979.14', 'KP KNT MONACO 2D HITAM 979-140', 6, 69, 'MTR', 0, 0, 0, 0, 0, 'Y', NULL, NULL),
('1906112-832.023', 'KP KNT MONACO 2D COKLAT 832-023', 6, 0, 'MTR', 0, 0, 0, 0, 0, 'Y', NULL, NULL),
('1906112-854.023', 'KP KNT MONACO 2D COKLAT 854-023', 6, 0, 'MTR', 0, 0, 0, 0, 0, 'Y', NULL, NULL),
('1906200-1.5301', 'KP KNT MONACO 3D 15301', 6, 0, 'MTR', 0, 0, 0, 0, 0, 'Y', NULL, NULL),
('1906274-1.5383', 'KP KNT MONACO 3D (074) 1.5383', 6, 107, 'MTR', 0, 0, 0, 0, 0, 'Y', NULL, NULL),
('1906278-1.5301', 'KP KNT MONACO 3D (078) 1.5301', 6, 0, 'MTR', 0, 0, 0, 0, 0, 'Y', NULL, NULL),
('1906305-873.021', 'KP KNT RINOVA PUTIH 873-021', 6, 67, 'MTR', 0, 0, 0, 0, 0, 'Y', NULL, NULL),
('1906405-976.028', 'KP KNT SQUARE PUTIH 976-028', 6, 0, 'MTR', 0, 0, 0, 0, 0, 'Y', NULL, NULL),
('1906500-XD1.5301-97', 'KP KNT VENUS IVORY XD 1.5301', 6, 0, 'MTR', 0, 0, 0, 0, 0, 'Y', NULL, NULL),
('1906505-02147', 'KP KNT VANES PUTIH 02147', 6, 40, 'MTR', 0, 0, 0, 0, 0, 'Y', NULL, NULL),
('1906506-2.1052.27', 'KP KNT VANES ABU 2.1052-27', 6, 0, 'MTR', 0, 0, 0, 0, 0, 'Y', NULL, NULL),
('1906506-866.027', 'KP KNT VANES ABU - ABU 866-027', 6, 0, 'MTR', 0, 0, 0, 0, 0, 'Y', NULL, NULL),
('1906506-911.027', 'KP KNT VANES ABU 911-027', 6, 0, 'MTR', 0, 0, 0, 0, 0, 'Y', NULL, NULL),
('1906507-31102.028', 'KP KNT VANES CREAM 31102-028', 6, 0, 'MTR', 0, 0, 0, 0, 0, 'Y', NULL, NULL),
('1906507-904.025', 'KP KNT VANES CREAM 904-025', 6, 15, 'MTR', 0, 0, 0, 0, 0, 'Y', NULL, NULL),
('1906512-838.023', 'KP KNT VANES COKLAT 838-023', 6, 0, 'MTR', 0, 0, 0, 0, 0, 'Y', NULL, NULL),
('1906512-855.023', 'KP KNT VANES COKLAT 855-023', 6, 0, 'MTR', 0, 0, 0, 0, 0, 'Y', NULL, NULL),
('1906512-866.023', 'KP KNT VANES COKLAT 866-023', 6, 56, 'MTR', 0, 0, 0, 0, 0, 'Y', NULL, NULL),
('1906528-31177', 'KP KNT VANES (028) 31177', 6, 0, 'MTR', 0, 0, 0, 0, 0, 'Y', NULL, NULL),
('1906600-10720', 'KP KNT VENUS 10720', 6, 466, 'MTR', 0, 0, 0, 0, 0, 'Y', NULL, NULL),
('1906605-01134', 'KP KNT VENUS PUTIH 01134', 6, 0, 'MTR', 0, 0, 0, 0, 0, 'Y', NULL, NULL),
('1906605-01136', 'KP KNT VENUS PUTIH 01136', 6, 118, 'MTR', 0, 0, 0, 0, 0, 'Y', NULL, NULL),
('1906605-130354', 'KP KNT VANES PUTIH 49V913-021', 6, 82, 'MTR', 0, 0, 0, 0, 0, 'Y', NULL, NULL),
('1906612-M0046', 'KP KNT VENUS COKLAT M0046', 6, 800, 'MTR', 0, 0, 0, 0, 0, 'Y', NULL, NULL),
('1906702-0686-37', 'KP PPC MERAH 0686 MARIO', 6, 150, 'MTR', 0, 0, 0, 0, 0, 'Y', NULL, NULL),
('1906702-24496-38', 'KP PPC MERAH 24496 EMOTICON', 6, 0, 'MTR', 0, 0, 0, 0, 0, 'Y', NULL, NULL),
('1906703-25906-40', 'KP PPC BIRU 25906 COCOMONG', 6, 200, 'MTR', 0, 0, 0, 0, 0, 'Y', NULL, NULL),
('1906703-25988-40', 'KP PPC BIRU 25988 COCOMONG', 6, 204, 'MTR', 0, 0, 0, 0, 0, 'Y', NULL, NULL),
('1906704-25753-39', 'KP PPC PINK 25753 HELLO CAT', 6, 0, 'MTR', 0, 0, 0, 0, 0, 'Y', NULL, NULL),
('1906704-3811-41', 'KP PPC PINK 3811 KITTY', 6, 627, 'MTR', 0, 0, 0, 0, 0, 'Y', NULL, NULL),
('1906738-25906-40', 'KP PPC UNGU 25906 COCOMONG', 6, 180, 'MTR', 0, 0, 0, 0, 0, 'Y', NULL, NULL),
('1906800-15212-75', 'KP PTC 15212 STRAWBERRY', 6, 0, 'MTR', 0, 0, 0, 0, 0, 'Y', NULL, NULL),
('1906800-15835', 'KP PTC 15835', 6, 98, 'MTR', 0, 0, 0, 0, 0, 'Y', NULL, NULL),
('1906800-19374-55', 'KP PTC 19374 FIDO DIDO', 6, 0, 'MTR', 0, 0, 0, 0, 0, 'Y', NULL, NULL),
('1906800-221-42', 'KP PTC 221 AQUMA', 6, 0, 'MTR', 0, 0, 0, 0, 0, 'Y', NULL, NULL),
('1906800-25485-1', 'KP PTC 25485 BARCELONA', 6, 0, 'MTR', 0, 0, 0, 0, 0, 'Y', NULL, NULL),
('1906800-27845-72', 'KP PTC 27845 PUTRI/MARIPOSA', 6, 0, 'MTR', 0, 0, 0, 0, 0, 'Y', NULL, NULL),
('1906800-27985', 'KP PTC 27985', 6, 83, 'MTR', 0, 0, 0, 0, 0, 'Y', NULL, NULL),
('1906800-43', 'KP PTC BARBIE', 6, 0, 'MTR', 0, 0, 0, 0, 0, 'Y', NULL, NULL),
('1906800-47', 'KP PTC BEAR', 6, 0, 'MTR', 0, 0, 0, 0, 0, 'Y', NULL, NULL),
('1906800-48', 'KP PTC BG', 6, 278, 'MTR', 0, 0, 0, 0, 0, 'Y', NULL, NULL),
('1906800-66', 'KP PTC NARUTO', 6, 0, 'MTR', 0, 0, 0, 0, 0, 'Y', NULL, NULL),
('1906800-67', 'KP PTC PANEL DONAL', 6, 0, 'MTR', 0, 0, 0, 0, 0, 'Y', NULL, NULL),
('1906800-70', 'KP PTC PRINCESS', 6, 120, 'MTR', 0, 0, 0, 0, 0, 'Y', NULL, NULL),
('1906800-74', 'KP PTC SNOOPY', 6, 0, 'MTR', 0, 0, 0, 0, 0, 'Y', NULL, NULL),
('1906801-16290-69', 'KP PTC HIJAU 16290 POPEYE', 6, 394, 'MTR', 0, 0, 0, 0, 0, 'Y', NULL, NULL),
('1906802-15557-1', 'KP PTC MERAH 15557 BARCA', 6, 0, 'MTR', 0, 0, 0, 0, 0, 'Y', NULL, NULL),
('1906802-17258-2', 'KP PTC MERAH 17258 MU', 6, 1500, 'MTR', 0, 0, 0, 0, 0, 'Y', NULL, NULL),
('1906802-2273-1-1', 'KP PTC MERAH 2273/1 BARCA', 6, 0, 'MTR', 0, 0, 0, 0, 0, 'Y', NULL, NULL),
('1906802-2474-1-2', 'KP PTC MERAH 2474/1 MU', 6, 0, 'MTR', 0, 0, 0, 0, 0, 'Y', NULL, NULL),
('1906802-2475.1-61', 'KP PTC MERAH 2475/1 LIVERPOOL', 6, 0, 'MTR', 0, 0, 0, 0, 0, 'Y', NULL, NULL),
('1906802-27539', 'KP PTC MERAH 27539', 6, 0, 'MTR', 0, 0, 0, 0, 0, 'Y', NULL, NULL),
('1906803-22732-37', 'KP PTC BIRU 22732 MARIO', 6, 90, 'MTR', 0, 0, 0, 0, 0, 'Y', NULL, NULL),
('1906803-23399-58', 'KP PTC BIRU 23399 INTERMILAN', 6, 219, 'MTR', 0, 0, 0, 0, 0, 'Y', NULL, NULL),
('1906803-24493-64', 'KP PTC BIRU 24493 MINION', 6, 0, 'MTR', 0, 0, 0, 0, 0, 'Y', NULL, NULL),
('1906803-25860-60', 'KP PTC BIRU 25860 LEGO', 6, 102, 'MTR', 0, 0, 0, 0, 0, 'Y', NULL, NULL),
('1906803-26552-63', 'KP PTC BIRU 26552 MASHA', 6, 269, 'MTR', 0, 0, 0, 0, 0, 'Y', NULL, NULL),
('1906803-27539-63', 'KP PTC BIRU 27539 MASHA', 6, 145, 'MTR', 0, 0, 0, 0, 0, 'Y', NULL, NULL),
('1906803-27696-49', 'KP PTC BIRU 27696 BIG HERO', 6, 102, 'MTR', 0, 0, 0, 0, 0, 'Y', NULL, NULL),
('1906803-28149-50', 'KP PTC BIRU 28149 CHELSEA', 6, 460, 'MTR', 0, 0, 0, 0, 0, 'Y', NULL, NULL),
('1906803-28872-14', 'KP PTC BIRU 28872 DORAEMON', 6, 1155, 'MTR', 0, 0, 0, 0, 0, 'Y', NULL, NULL),
('1906803-31174-56', 'KP PTC BIRU 31174 ICE PRINCESS', 6, 0, 'MTR', 0, 0, 0, 0, 0, 'Y', NULL, NULL),
('1906803-32088-66', 'KP PTC NARUTO BIRU 32088', 6, 240, 'MTR', 0, 0, 0, 0, 0, 'Y', NULL, NULL),
('1906803-33961-24', 'KP PTC BIRU 33961 TAYO', 6, 1508, 'MTR', 0, 0, 0, 0, 0, 'Y', NULL, NULL),
('1906803-34379-24', 'KP PTC TAYO BIRU 34379', 6, 569, 'MTR', 0, 0, 0, 0, 0, 'Y', NULL, NULL),
('1906803-D15556-73', 'KP PTC BIRU D15556 REAL MADRID', 6, 0, 'MTR', 0, 0, 0, 0, 0, 'Y', NULL, NULL),
('1906804-122099-43', 'KP PTC PINK 122099 BARBIE', 6, 0, 'MTR', 0, 0, 0, 0, 0, 'Y', NULL, NULL),
('1906804-20954-71', 'KP PTC PINK 20954 PUTRI HOLAND', 6, 0, 'MTR', 0, 0, 0, 0, 0, 'Y', NULL, NULL),
('1906804-22528-68', 'KP PTC PINK 22528 POOH', 6, 241, 'MTR', 0, 0, 0, 0, 0, 'Y', NULL, NULL),
('1906804-25758-44', 'KP PTC PINK 25758 BARBIE 6B', 6, 486, 'MTR', 0, 0, 0, 0, 0, 'Y', NULL, NULL),
('1906804-25973-65', 'KP PTC PINK 25973 MINION PISANG', 6, 0, 'MTR', 0, 0, 0, 0, 0, 'Y', NULL, NULL),
('1906804-28076-62', 'KP PTC PINK 28076 LOVE MINNY', 6, 212, 'MTR', 0, 0, 0, 0, 0, 'Y', NULL, NULL),
('1906804-28690-41', 'KP PTC PINK 28690 KITTY', 6, 0, 'MTR', 0, 0, 0, 0, 0, 'Y', NULL, NULL),
('1906804-28690-51', 'KP PTC PINK 28690 CUTE KITTY', 6, 1623, 'MTR', 0, 0, 0, 0, 0, 'Y', NULL, NULL),
('1906804-29738-53', 'KP PTC PINK 29738 DIAMOND CASTLE', 6, 0, 'MTR', 0, 0, 0, 0, 0, 'Y', NULL, NULL),
('1906804-K060-43', 'KP PTC PINK K060 BARBIE', 6, 0, 'MTR', 0, 0, 0, 0, 0, 'Y', NULL, NULL),
('1906805-28815-57', 'KP PTC PUTIH 28815 IKAN', 6, 417, 'MTR', 0, 0, 0, 0, 0, 'Y', NULL, NULL),
('1906811-27340-54', 'KP PTC COKLAT MUDA 27340 EMPIRE', 6, 618, 'MTR', 0, 0, 0, 0, 0, 'Y', NULL, NULL),
('1906812-21689-46', 'KP PTC COKLAT 21689 BATIK', 6, 100, 'MTR', 0, 0, 0, 0, 0, 'Y', NULL, NULL),
('1906818-19941-59', 'KP PTC KUNING 19941 LEBAH', 6, 0, 'MTR', 0, 0, 0, 0, 0, 'Y', NULL, NULL),
('1906818-27430-52', 'KP PTC KUNING 27430 DENTONES', 6, 531, 'MTR', 0, 0, 0, 0, 0, 'Y', NULL, NULL),
('1906838-28690-51', 'KP PTC UNGU 28690 CUTE KITTY', 6, 560, 'MTR', 0, 0, 0, 0, 0, 'Y', NULL, NULL),
('1906900-67', 'KP SANDARAN PANEL DONAL', 6, 0, 'MTR', 0, 0, 0, 0, 0, 'Y', NULL, NULL),
('1907000', 'KP SDY CHINA', 6, 0, 'MTR', 0, 0, 0, 0, 0, 'Y', NULL, NULL),
('1907102-0739', 'KP SDY SATEN MERAH TUA 0739', 6, 599, 'MTR', 0, 0, 0, 0, 0, 'Y', NULL, NULL),
('1907102-0863', 'KP SDY SATEN MERAH TUA 0863', 6, 300, 'MTR', 0, 0, 0, 0, 0, 'Y', NULL, NULL),
('1907102-437', 'KP SDY SATEN MERAH 437', 6, 250, 'MTR', 0, 0, 0, 0, 0, 'Y', NULL, NULL),
('1907102-814', 'KP SDY SATEN MERAH 814', 6, 350, 'MTR', 0, 0, 0, 0, 0, 'Y', NULL, NULL),
('1907103-0863', 'KP SDY SATEN BIRU TUA 0863', 6, 0, 'MTR', 0, 0, 0, 0, 0, 'Y', NULL, NULL),
('1907107-0863', 'KP SDY SATEN CREAM 0863', 6, 1500, 'MTR', 0, 0, 0, 0, 0, 'Y', NULL, NULL),
('1907112-0863', 'KP SDY SATEN COKLAT 0863', 6, 300, 'MTR', 0, 0, 0, 0, 0, 'Y', NULL, NULL),
('1907202-030', 'KP SDY TIPIS MERAH 030', 6, 270, 'MTR', 0, 0, 0, 0, 0, 'Y', NULL, NULL),
('1907202-19967', 'KP SDY TIPIS MERAH 19967', 6, 300, 'MTR', 0, 0, 0, 0, 0, 'Y', NULL, NULL),
('1907202-23335', 'KP SDY TIPIS MERAH 23335', 6, 300, 'MTR', 0, 0, 0, 0, 0, 'Y', NULL, NULL),
('1907202-27539', 'KP SDY TIPIS MERAH 27539', 6, 0, 'MTR', 0, 0, 0, 0, 0, 'Y', NULL, NULL),
('1907203-0614', 'KP SDY TIPIS BIRU 0614', 6, 0, 'MTR', 0, 0, 0, 0, 0, 'Y', NULL, NULL),
('1907203-19967', 'KP SDY TIPIS BIRU 19967', 6, 0, 'MTR', 0, 0, 0, 0, 0, 'Y', NULL, NULL),
('1907203-23335', 'KP SDY TIPIS BIRU 23335', 6, 0, 'MTR', 0, 0, 0, 0, 0, 'Y', NULL, NULL),
('1907212-23335', 'KP SDY TIPIS COKLAT 23335', 6, 0, 'MTR', 0, 0, 0, 0, 0, 'Y', NULL, NULL),
('1907300-03', 'KP SOFA 03', 6, 60, 'MTR', 0, 0, 0, 0, 0, 'Y', NULL, NULL),
('1907300-18365', 'KP SOFA 18365', 6, 80, 'MTR', 0, 0, 0, 0, 0, 'Y', NULL, NULL),
('1907402-D.574-76', 'KP TRICOT BUNGA (02) D.574 HYGET', 6, 0, 'MTR', 0, 0, 0, 0, 0, 'Y', NULL, NULL),
('1907402-D.9245-76', 'KP TRICOT BUNGA (02) D.9245 HYGET', 6, 0, 'MTR', 0, 0, 0, 0, 0, 'Y', NULL, NULL),
('1907412', 'KP TRICOT BUNGA COKLAT', 6, 0, 'MTR', 0, 0, 0, 0, 0, 'Y', NULL, NULL),
('1907500', 'KP GRADE C', 6, 0, 'MTR', 0, 0, 0, 0, 0, 'Y', NULL, NULL),
('1907602-130321-30', 'KP JKT SUNY 3D RAIN (02) 3210 CALISTE', 6, 0, 'MTR', 0, 0, 0, 0, 0, 'Y', NULL, NULL),
('1907603-130324-30', 'KP JKT SUNY 3D RAIN (12) 3210 CALISTE', 6, 110, 'MTR', 0, 0, 0, 0, 0, 'Y', NULL, NULL),
('1907612-130323-30', 'KP JKT SUNY 3D RAIN (03) 3210 CALISTE', 6, 0, 'MTR', 0, 0, 0, 0, 0, 'Y', NULL, NULL),
('1907702-01372-2AA', 'KP KNT ASTELA 3D MERAH 01372-2AA', 6, 0, 'MTR', 0, 0, 0, 0, 0, 'Y', NULL, NULL),
('1907702-10872-2E', 'KP KNT ASTELA 3D MERAH 10872-2E', 6, 0, 'MTR', 0, 0, 0, 0, 0, 'Y', NULL, NULL),
('1907702-130344', 'KP KNT ASTELA 3D MERAH 10824-2E', 6, 0, 'MTR', 0, 0, 0, 0, 0, 'Y', NULL, NULL),
('1907703-01372-1AA', 'KP KNT ASTELA 3D BIRU 01372-1AA', 6, 0, 'MTR', 0, 0, 0, 0, 0, 'Y', NULL, NULL),
('1907703-06-293', 'KP KNT ASTELA 3D BIRU 06-293', 6, 204, 'MTR', 0, 0, 0, 0, 0, 'Y', NULL, NULL),
('1907703-10847.1E', 'KP KNT ASTELA 3D BIRU 10847-1E', 6, 0, 'MTR', 0, 0, 0, 0, 0, 'Y', NULL, NULL),
('1907703-10872.3E', 'KP KNT ASTELA 3D COKLAT 10872-3E', 6, 103, 'MTR', 0, 0, 0, 0, 0, 'Y', NULL, NULL),
('1907703-130346', 'KP KNT ASTELA 3D BIRU 10824-1E', 6, 0, 'MTR', 0, 0, 0, 0, 0, 'Y', NULL, NULL),
('1907705-10872', 'KP KNT ASTELA 3D PUTIH 10872', 6, 0, 'MTR', 0, 0, 0, 0, 0, 'Y', NULL, NULL),
('1907707-01372-26AA', 'KP KNT ASTELA 3D CREAM 01372-26AA', 6, 0, 'MTR', 0, 0, 0, 0, 0, 'Y', NULL, NULL),
('1907712-01372-3AA', 'KP KNT ASTELA 3D COKLAT 01372-3AA', 6, 0, 'MTR', 0, 0, 0, 0, 0, 'Y', NULL, NULL),
('1907712-06-293', 'KP KNT ASTELA 3D COKLAT 06-293', 6, 105, 'MTR', 0, 0, 0, 0, 0, 'Y', NULL, NULL),
('1907712-130345', 'KP KNT ASTELA 3D COKLAT 10824-3E', 6, 0, 'MTR', 0, 0, 0, 0, 0, 'Y', NULL, NULL),
('1907800-002B-2', 'KP DISPERSE BOLA MU 002B', 6, 0, 'MTR', 0, 0, 0, 0, 0, 'Y', NULL, NULL),
('1907800-003B-1', 'KP DISPERSE BOLA BARCA 003B', 6, 1200, 'MTR', 0, 0, 0, 0, 0, 'Y', NULL, NULL),
('1907800-004B-50', 'KP DISPERSE BOLA CHELSEA 004B', 6, 1300, 'MTR', 0, 0, 0, 0, 0, 'Y', NULL, NULL),
('1907800-0058B-1', 'KP DISPERSE BOLA BARCELONA 005B', 6, 0, 'MTR', 0, 0, 0, 0, 0, 'Y', NULL, NULL),
('1907800-006B-2', 'KP DISPERSE BOLA MU 006B', 6, 1000, 'MTR', 0, 0, 0, 0, 0, 'Y', NULL, NULL),
('1908002-2472-7', 'KP CN KATUN MOBIL MERAH 2472.7', 6, 300, 'MTR', 0, 0, 0, 0, 0, 'Y', NULL, NULL),
('1908202-4SK047-S61', 'KP KNT ADELLE 3D MERAH 4SK047-S61', 6, 196, 'MTR', 0, 0, 0, 0, 0, 'Y', NULL, NULL),
('1908202-4SK065-S61', 'KP KNT ADELLE 3D MERAH 4SK065-S61', 6, 557, 'MTR', 0, 0, 0, 0, 0, 'Y', NULL, NULL),
('1908203-4SK047-S63', 'KP KNT ADELLE 3D BIRU 4SK047-S63', 6, 486, 'MTR', 0, 0, 0, 0, 0, 'Y', NULL, NULL),
('1908203-4SK065-S63', 'KP KNT ADELLE 3D BIRU 4SK065-S63', 6, 901, 'MTR', 0, 0, 0, 0, 0, 'Y', NULL, NULL),
('1908210-312001-S115', 'KP KNT ADELLE 3D HITAM 312001-S115', 6, 0, 'MTR', 0, 0, 0, 0, 0, 'Y', NULL, NULL),
('1908212-312001-S116', 'KP KNT ADELLE 3D COKLAT 312001-S116', 6, 0, 'MTR', 0, 0, 0, 0, 0, 'Y', NULL, NULL),
('1908212-4SK047-S123', 'KP KNT ADELLE 3D COKLAT 4SK047-S123', 6, 100, 'MTR', 0, 0, 0, 0, 0, 'Y', NULL, NULL),
('1908212-4SK065-S123', 'KP KNT ADELLE 3D COKLAT 4SK065-S123', 6, 959, 'MTR', 0, 0, 0, 0, 0, 'Y', NULL, NULL);
INSERT INTO `barang` (`kode`, `nama`, `id_kategori`, `qty`, `satuan`, `harga`, `min_stok`, `max_stok`, `kubikasi`, `kg`, `aktif`, `created_at`, `updated_at`) VALUES
('1908302-H315', 'KP KNT ADELLE 3C MERAH H315', 6, 0, 'MTR', 0, 0, 0, 0, 0, 'Y', NULL, NULL),
('1908302-H316', 'KP KNT ADELLE 3C MERAH H316', 6, 0, 'MTR', 0, 0, 0, 0, 0, 'Y', NULL, NULL),
('1908303-H315', 'KP KNT ADELLE 3C BIRU H315', 6, 0, 'MTR', 0, 0, 0, 0, 0, 'Y', NULL, NULL),
('1908303-H316', 'KP KNT ADELLE 3C BIRU H316', 6, 0, 'MTR', 0, 0, 0, 0, 0, 'Y', NULL, NULL),
('1908307-15301', 'KP KNT VANES 3D CREAM 15301', 6, 0, 'MTR', 0, 0, 0, 0, 0, 'Y', NULL, NULL),
('1908312-H315', 'KP KNT ADELLE 3C COKLAT H315', 6, 0, 'MTR', 0, 0, 0, 0, 0, 'Y', NULL, NULL),
('1908312-H316', 'KP KNT ADELLE 3C COKLAT H316', 6, 456, 'MTR', 0, 0, 0, 0, 0, 'Y', NULL, NULL),
('198102-2864-9', 'KP CN PONGE MOBIL MERAH 2864-9', 6, 0, 'MTR', 0, 0, 0, 0, 0, 'Y', NULL, NULL),
('198103-2496-11', 'KP CN PONGE MOBIL BIRU 2496-11', 6, 0, 'MTR', 0, 0, 0, 0, 0, 'Y', NULL, NULL),
('20000163BT-420093', 'KQ JKT SUNY 3D 0.3 (03BTK) 420093', 7, 0, 'MTR', 0, 0, 0, 0, 0, 'Y', NULL, NULL),
('200002205-6093', 'KQ JKT SUNY 2D 0.6 (P) 6093', 7, 0, 'MTR', 0, 0, 0, 0, 0, 'Y', NULL, NULL),
('200100000-BT701-A-14', 'KQ CN KATUN 0.3 DORAEMON BT701-A', 7, 0, 'MTR', 0, 0, 0, 0, 0, 'Y', NULL, NULL),
('200100000-BT701.F-85', 'KQ CN KATUN 0.3 BT701-F PORORO', 7, 0, 'MTR', 0, 0, 0, 0, 0, 'Y', NULL, NULL),
('200100000-BT701.H-21', 'KQ CN KATUN 0.3 BT701-H LITTLE PONY', 7, 0, 'MTR', 0, 0, 0, 0, 0, 'Y', NULL, NULL),
('200100000-BT701.I-14', 'KQ CN KATUN 0.3 BT701-I DORAEMON', 7, 0, 'MTR', 0, 0, 0, 0, 0, 'Y', NULL, NULL),
('200100100-1497-2', 'KQ CN KATUN 0.3 BOLA 1497 MU', 7, 0, 'MTR', 0, 0, 0, 0, 0, 'Y', NULL, NULL),
('200100100-1499-1', 'KQ CN KATUN 0.3 BOLA 1499 BARCA', 7, 0, 'MTR', 0, 0, 0, 0, 0, 'Y', NULL, NULL),
('200100202-1459', 'KQ CN KATUN 0.3 BONEKA MERAH 1459', 7, 0, 'MTR', 0, 0, 0, 0, 0, 'Y', NULL, NULL),
('200100202-480338', 'KQ CN KATUN 0.3 BONEKA MERAH 480338', 7, 0, 'MTR', 0, 0, 0, 0, 0, 'Y', NULL, NULL),
('200100203-1440', 'KQ CN KATUN 0.3 BONEKA BIRU 1440', 7, 0, 'MTR', 0, 0, 0, 0, 0, 'Y', NULL, NULL),
('200100203-1446', 'KQ CN KATUN 0.3 BONEKA BIRU 1446', 7, 283, 'MTR', 0, 0, 0, 0, 0, 'Y', NULL, NULL),
('200100204-1439', 'KQ CN KATUN 0.3 BONEKA PINK 1439', 7, 0, 'MTR', 0, 0, 0, 0, 0, 'Y', NULL, NULL),
('200110402-2472-7', 'KQ CN KATUN 0.3 MOBIL MERAH 2472-7', 7, 278, 'MTR', 0, 0, 0, 0, 0, 'Y', NULL, NULL),
('200200000-2373-14', 'KQ CN KATUN 0.8 2373 DORAEMON', 7, 0, 'MTR', 0, 0, 0, 0, 0, 'Y', NULL, NULL),
('200200000-BT701-A-14', 'KQ CN KATUN 0.8 DORAEMON BT701-A', 7, 0, 'MTR', 0, 0, 0, 0, 0, 'Y', NULL, NULL),
('200200000-BT701-E-21', 'KQ CN KATUN 0.8 BT701-E LITTLE PONY', 7, 0, 'MTR', 0, 0, 0, 0, 0, 'Y', NULL, NULL),
('200200000-BT701-F-85', 'KQ CN KATUN 0.8 BT701-F PORORO', 7, 0, 'MTR', 0, 0, 0, 0, 0, 'Y', NULL, NULL),
('200200000-BT701.I', 'KQ CN KATUN 0.8 BT701-I', 7, 0, 'MTR', 0, 0, 0, 0, 0, 'Y', NULL, NULL),
('200200002-BT701-J-11', 'KQ CN KATUN 0.8 HELLO KITTY MERAH BT701-J', 7, 0, 'MTR', 0, 0, 0, 0, 0, 'Y', NULL, NULL),
('200200100-1497-2', 'KQ CN KATUN 0.8 BOLA 1497 MU', 7, 0, 'MTR', 0, 0, 0, 0, 0, 'Y', NULL, NULL),
('200200102-1499.5-1', 'KQ CN KATUN 0.8 BOLA MERAH 1499-5 BARCA', 7, 0, 'MTR', 0, 0, 0, 0, 0, 'Y', NULL, NULL),
('200200202-1459', 'KQ CN KATUN 0.8 BONEKA MERAH 1459', 7, 0, 'MTR', 0, 0, 0, 0, 0, 'Y', NULL, NULL),
('200200202-2253', 'KQ CN KATUN 0.8 BONEKA MERAH 2253', 7, 0, 'MTR', 0, 0, 0, 0, 0, 'Y', NULL, NULL),
('200200203-1440', 'KQ CN KATUN 0.8 BONEKA BIRU 1440', 7, 0, 'MTR', 0, 0, 0, 0, 0, 'Y', NULL, NULL),
('200200203-1446', 'KQ CN KATUN 0.8 BONEKA BIRU 1446', 7, 0, 'MTR', 0, 0, 0, 0, 0, 'Y', NULL, NULL),
('200200203-2189-10', 'KQ CN KATUN 0.8 BONEKA BIRU 2189-10', 7, 0, 'MTR', 0, 0, 0, 0, 0, 'Y', NULL, NULL),
('200200203-2364', 'KQ CN KATUN 0.8 BONEKA BIRU 2364', 7, 0, 'MTR', 0, 0, 0, 0, 0, 'Y', NULL, NULL),
('200200204-1439', 'KQ CN KATUN 0.8 BONEKA PINK 1439', 7, 0, 'MTR', 0, 0, 0, 0, 0, 'Y', NULL, NULL),
('200200204-1870-7', 'KQ CN KATUN 0.8 BONEKA PINK 1870-7', 7, 0, 'MTR', 0, 0, 0, 0, 0, 'Y', NULL, NULL),
('200300200-STD', 'KQ CN KATUN 1.5 BONEKA STD', 7, 37, 'MTR', 0, 0, 0, 0, 0, 'Y', NULL, NULL),
('200400302-STD', 'KQ CN POLY 0.8 BUNGA MERAH STD', 7, 204, 'MTR', 0, 0, 0, 0, 0, 'Y', NULL, NULL),
('200500202-STD', 'KQ CN POLY 1.0 BONEKA MERAH STD', 7, 0, 'MTR', 0, 0, 0, 0, 0, 'Y', NULL, NULL),
('200600000-95', 'KQ CN PONGE 0.3 BUNGA MERAH', 7, 0, 'MTR', 0, 0, 0, 0, 0, 'Y', NULL, NULL),
('200600000-Y0022', 'KQ CN PONGE 0.3 Y0022', 7, 0, 'MTR', 0, 0, 0, 0, 0, 'Y', NULL, NULL),
('200600100-1499-1', 'KQ CN PONGE 0.3 BOLA 1499 BARCA', 7, 110, 'MTR', 0, 0, 0, 0, 0, 'Y', NULL, NULL),
('200600100-1800-8', 'KQ CN PONGE 0.3 BOLA 1800 IM', 7, 0, 'MTR', 0, 0, 0, 0, 0, 'Y', NULL, NULL),
('200600100-1802-6', 'KQ CN PONGE 0.3 BOLA 1802 AM', 7, 0, 'MTR', 0, 0, 0, 0, 0, 'Y', NULL, NULL),
('200600100-1803-7', 'KQ CN PONGE 0.3 BOLA 1803 CH', 7, 0, 'MTR', 0, 0, 0, 0, 0, 'Y', NULL, NULL),
('200600100-1807-3', 'KQ CN PONGE 0.3 BOLA 1807 RM', 7, 0, 'MTR', 0, 0, 0, 0, 0, 'Y', NULL, NULL),
('200600100-Y0232.1-2', 'KQ CN PONGE 0.3 BOLA Y0232-1 MU (2625)', 7, 0, 'MTR', 0, 0, 0, 0, 0, 'Y', NULL, NULL),
('200600102-0612.1', 'KQ CN PONGE 0.3 BOLA MERAH 0612-1', 7, 0, 'MTR', 0, 0, 0, 0, 0, 'Y', NULL, NULL),
('200600102-9507.1', 'KQ CN PONGE 0.3 BOLA MERAH 9507-1', 7, 0, 'MTR', 0, 0, 0, 0, 0, 'Y', NULL, NULL),
('200600202-084', 'KQ CN PONGE 0.3 BONEKA MERAH 084', 7, 0, 'MTR', 0, 0, 0, 0, 0, 'Y', NULL, NULL),
('200600202-10000.1', 'KQ CN PONGE 0.3 BONEKA MERAH 10000-1', 7, 0, 'MTR', 0, 0, 0, 0, 0, 'Y', NULL, NULL),
('200600202-1458', 'KQ CN PONGE 0.3 BONEKA MERAH 1458', 7, 96, 'MTR', 0, 0, 0, 0, 0, 'Y', NULL, NULL),
('200600202-1459', 'KQ CN PONGE 0.3 BONEKA MERAH 1459', 7, 0, 'MTR', 0, 0, 0, 0, 0, 'Y', NULL, NULL),
('200600202-2336', 'KQ CN PONGE 0.3 BONEKA MERAH 2336', 7, 0, 'MTR', 0, 0, 0, 0, 0, 'Y', NULL, NULL),
('200600202-6673.6', 'KQ CN PONGE 0.3 BONEKA MERAH 6673-6 (2623)', 7, 0, 'MTR', 0, 0, 0, 0, 0, 'Y', NULL, NULL),
('200600202-7840.4', 'KQ CN PONGE 0.3 BONEKA MERAH 7840-4', 7, 0, 'MTR', 0, 0, 0, 0, 0, 'Y', NULL, NULL),
('200600202-9457.2', 'KQ CN PONGE 0.3 BONEKA MERAH 9457-2', 7, 0, 'MTR', 0, 0, 0, 0, 0, 'Y', NULL, NULL),
('200600202-Y0657.4', 'KQ CN PONGE 0.3 BONEKA MERAH Y0657-4 (2624)', 7, 0, 'MTR', 0, 0, 0, 0, 0, 'Y', NULL, NULL),
('200600203-084', 'KQ CN PONGE 0.3 BONEKA BIRU 084', 7, 0, 'MTR', 0, 0, 0, 0, 0, 'Y', NULL, NULL),
('200600203-10000.2', 'KQ CN PONGE 0.3 BONEKA BIRU 10000-2', 7, 400, 'MTR', 0, 0, 0, 0, 0, 'Y', NULL, NULL),
('200600203-1458', 'KQ CN PONGE 0.3 BONEKA BIRU 1458', 7, 0, 'MTR', 0, 0, 0, 0, 0, 'Y', NULL, NULL),
('200600203-2018.1', 'KQ CN PONGE 0.3 BONEKA BIRU 2018-1', 7, 0, 'MTR', 0, 0, 0, 0, 0, 'Y', NULL, NULL),
('200600203-2308.11', 'KQ CN PONGE 0.3 BONEKA BIRU 2308-11', 7, 347, 'MTR', 0, 0, 0, 0, 0, 'Y', NULL, NULL),
('200600203-2336', 'KQ CN PONGE 0.3 BONEKA BIRU 2336', 7, 577, 'MTR', 0, 0, 0, 0, 0, 'Y', NULL, NULL),
('200600203-2587', 'KQ CN PONGE 0.3 BONEKA BIRU 2587', 7, 350, 'MTR', 0, 0, 0, 0, 0, 'Y', NULL, NULL),
('200600203-2631.11', 'KQ CN PONGE 0.3 BONEKA BIRU 2631-11', 7, 0, 'MTR', 0, 0, 0, 0, 0, 'Y', NULL, NULL),
('200600203-6673.4', 'KQ CN PONGE 0.3 BONEKA BIRU 6673-4 (2623)', 7, 0, 'MTR', 0, 0, 0, 0, 0, 'Y', NULL, NULL),
('200600203-8188.2', 'KQ CN PONGE 0.3 BONEKA BIRU 8188-2', 7, 0, 'MTR', 0, 0, 0, 0, 0, 'Y', NULL, NULL),
('200600203-STD', 'KQ CN PONGE 0.3 BONEKA BIRU STD', 7, 0, 'MTR', 0, 0, 0, 0, 0, 'Y', NULL, NULL),
('200600203-Y0657.4', 'KQ CN PONGE 0.3 BONEKA BIRU Y0657-4 (2624)', 7, 35, 'MTR', 0, 0, 0, 0, 0, 'Y', NULL, NULL),
('200600204-1502', 'KQ CN PONGE 0.3 BONEKA PINK 1502', 7, 0, 'MTR', 0, 0, 0, 0, 0, 'Y', NULL, NULL),
('200600204-180-5', 'KQ CN PONGE 0.3 BONEKA PINK 180-5', 7, 346, 'MTR', 0, 0, 0, 0, 0, 'Y', NULL, NULL),
('200600204-2587', 'KQ CN PONGE 0.3 BONEKA PINK 2587', 7, 0, 'MTR', 0, 0, 0, 0, 0, 'Y', NULL, NULL),
('200600238-1446-9', 'KQ CN PONGE 0.3 BONEKA UNGU 1446-9', 7, 0, 'MTR', 0, 0, 0, 0, 0, 'Y', NULL, NULL),
('200600302-1125', 'KQ CN PONGE 0.3 BUNGA MERAH 1125', 7, 0, 'MTR', 0, 0, 0, 0, 0, 'Y', NULL, NULL),
('200600302-1282', 'KQ CN PONGE 0.3 BUNGA MERAH 1282', 7, 0, 'MTR', 0, 0, 0, 0, 0, 'Y', NULL, NULL),
('200600302-1725.8', 'KQ CN PONGE 0.3 BUNGA MERAH 1725-8', 7, 0, 'MTR', 0, 0, 0, 0, 0, 'Y', NULL, NULL),
('200600302-4830.1', 'KQ CN PONGE 0.3 BUNGA MERAH 4830-1 (2626)', 7, 0, 'MTR', 0, 0, 0, 0, 0, 'Y', NULL, NULL),
('200600302-5641.1', 'KQ CN PONGE 0.3 BUNGA MERAH 5641-1', 7, 0, 'MTR', 0, 0, 0, 0, 0, 'Y', NULL, NULL),
('200600302-8077.3', 'KQ CN PONGE 0.3 BUNGA MERAH 8077-3 (2621)', 7, 0, 'MTR', 0, 0, 0, 0, 0, 'Y', NULL, NULL),
('200600302-897-7', 'KQ CN PONGE 0.3 BUNGA MERAH 897-7', 7, 0, 'MTR', 0, 0, 0, 0, 0, 'Y', NULL, NULL),
('200600302-924.6', 'KQ CN PONGE 0.3 BUNGA MERAH 924-6', 7, 0, 'MTR', 0, 0, 0, 0, 0, 'Y', NULL, NULL),
('200600302-9715.2', 'KQ CN PONGE 0.3 BUNGA MERAH 9715-2 (2627)', 7, 0, 'MTR', 0, 0, 0, 0, 0, 'Y', NULL, NULL),
('200600302-Y0022.1', 'KQ CN PONGE 0.3 BUNGA MERAH Y0022-1 (2622)', 7, 0, 'MTR', 0, 0, 0, 0, 0, 'Y', NULL, NULL),
('200600303-044-6', 'KQ CN PONGE 0.3 BUNGA BIRU 044-6', 7, 398, 'MTR', 0, 0, 0, 0, 0, 'Y', NULL, NULL),
('200600303-1125-6', 'KQ CN PONGE 0.3 BUNGA BIRU 1125-6', 7, 0, 'MTR', 0, 0, 0, 0, 0, 'Y', NULL, NULL),
('200600303-1355', 'KQ CN PONGE 0.3 BUNGA BIRU 1355', 7, 0, 'MTR', 0, 0, 0, 0, 0, 'Y', NULL, NULL),
('200600303-4830.2', 'KQ CN PONGE 0.3 BUNGA BIRU 4830-2 (2626)', 7, 0, 'MTR', 0, 0, 0, 0, 0, 'Y', NULL, NULL),
('200600303-8077.2', 'KQ CN PONGE 0.3 BUNGA BIRU 8077-2 (2621)', 7, 0, 'MTR', 0, 0, 0, 0, 0, 'Y', NULL, NULL),
('200600303-897', 'KQ CN PONGE 0.3 BUNGA BIRU 897', 7, 0, 'MTR', 0, 0, 0, 0, 0, 'Y', NULL, NULL),
('200600303-924.6', 'KQ CN PONGE 0.3 BUNGA BIRU 924-6', 7, 0, 'MTR', 0, 0, 0, 0, 0, 'Y', NULL, NULL),
('200600303-9715.1', 'KQ CN PONGE 0.3 BUNGA BIRU 9715-1 (2627)', 7, 0, 'MTR', 0, 0, 0, 0, 0, 'Y', NULL, NULL),
('200600303-Y0022.2', 'KQ CN PONGE 0.3 BUNGA BIRU Y0022-2 (2622)', 7, 0, 'MTR', 0, 0, 0, 0, 0, 'Y', NULL, NULL),
('200600304-698.8', 'KQ CN PONGE 0.3 BUNGA PINK 698-8', 7, 0, 'MTR', 0, 0, 0, 0, 0, 'Y', NULL, NULL),
('200600338-2185-10', 'KQ CN PONGE 0.3 BUNGA UNGU 2185-10', 7, 0, 'MTR', 0, 0, 0, 0, 0, 'Y', NULL, NULL),
('200600400-1417', 'KQ CN PONGE 0.3 BENDERA 1417', 7, 0, 'MTR', 0, 0, 0, 0, 0, 'Y', NULL, NULL),
('200600400-1605', 'KQ CN PONGE 0.3 BENDERA 1605', 7, 0, 'MTR', 0, 0, 0, 0, 0, 'Y', NULL, NULL),
('200600400-2451', 'KQ CN PONGE 0.3 BENDERA 2451', 7, 0, 'MTR', 0, 0, 0, 0, 0, 'Y', NULL, NULL),
('200610402-2864-9', 'KQ CN PONGE 0.3 MOBIL MERAH 2864-9', 7, 0, 'MTR', 0, 0, 0, 0, 0, 'Y', NULL, NULL),
('200610403-2496-11', 'KQ CN PONGE 0.3 MOBIL BIRU 2496-11', 7, 0, 'MTR', 0, 0, 0, 0, 0, 'Y', NULL, NULL),
('2007000-01A', 'KQ CN PONGE FR 0.3  (02) 01A', 7, 0, 'MTR', 0, 0, 0, 0, 0, 'Y', NULL, NULL),
('200800002-19967', 'KQ CN SATEN 0.3 MERAH 19967', 7, 0, 'MTR', 0, 0, 0, 0, 0, 'Y', NULL, NULL),
('200800002-256.45', 'KQ CN SATEN 0.3 MERAH 256-45', 7, 0, 'MTR', 0, 0, 0, 0, 0, 'Y', NULL, NULL),
('200800002-429.2', 'KQ CN SATEN 0.3 MERAH 429-2', 7, 0, 'MTR', 0, 0, 0, 0, 0, 'Y', NULL, NULL),
('200800020-5645-4', 'KQ CN SATEN 0.3 ORANGE 5645-4', 7, 248, 'MTR', 0, 0, 0, 0, 0, 'Y', NULL, NULL),
('200800502-4494', 'KQ CN SATEN 0.3 KEMBANG MERAH 4494', 7, 0, 'MTR', 0, 0, 0, 0, 0, 'Y', NULL, NULL),
('200800502-4830', 'KQ CN SATEN 0.3 KEMBANG MERAH 4830', 7, 0, 'MTR', 0, 0, 0, 0, 0, 'Y', NULL, NULL),
('200800503-4494', 'KQ CN SATEN 0.3 KEMBANG BIRU 4494', 7, 0, 'MTR', 0, 0, 0, 0, 0, 'Y', NULL, NULL),
('200800503-4830', 'KQ CN SATEN 0.3 KEMBANG BIRU 4830', 7, 0, 'MTR', 0, 0, 0, 0, 0, 'Y', NULL, NULL),
('200900002-4296.8', 'KQ CN TRICOT 0.3 MERAH 4296-8', 7, 0, 'MTR', 0, 0, 0, 0, 0, 'Y', NULL, NULL),
('200900003-STD', 'KQ CN TRICOT 0.3 BIRU STD', 7, 0, 'MTR', 0, 0, 0, 0, 0, 'Y', NULL, NULL),
('200900012-8902.7', 'KQ CN TRICOT 0.3 COKLAT 8902.7', 7, 0, 'MTR', 0, 0, 0, 0, 0, 'Y', NULL, NULL),
('201000012-574', 'KQ CN TRICOT 0.8 COKLAT 574', 7, 73, 'MTR', 0, 0, 0, 0, 0, 'Y', NULL, NULL),
('201100002-2406', 'KQ CN TRICOT 1.2 MERAH 2406', 7, 103, 'MTR', 0, 0, 0, 0, 0, 'Y', NULL, NULL),
('201100003-2406', 'KQ CN TRICOT 1.2 BIRU 2406', 7, 150, 'MTR', 0, 0, 0, 0, 0, 'Y', NULL, NULL),
('201200600-150', 'KQ CN TRICOT 2.0 STJ 150', 7, 89, 'MTR', 0, 0, 0, 0, 0, 'Y', NULL, NULL),
('201300000-092007-11', 'KQ KATUN DISPERSE 0.3 092007 HELLO KITTY', 7, 0, 'MTR', 0, 0, 0, 0, 0, 'Y', NULL, NULL),
('201300000-092008-77', 'KQ KATUN DISPERSE 0.3 092008 KEROPPI RAINBOW', 7, 0, 'MTR', 0, 0, 0, 0, 0, 'Y', NULL, NULL),
('201300000-092011-24', 'KQ KATUN DISPERSE 0.3 092011 TAYO', 7, 0, 'MTR', 0, 0, 0, 0, 0, 'Y', NULL, NULL),
('201300000-092026-16', 'KQ DISPERSE 0.3 HELLO KITTY LOVE 092026', 7, 0, 'MTR', 0, 0, 0, 0, 0, 'Y', NULL, NULL),
('201300000-210202-86', 'KQ KATUN DISPERSE 0.3 210202 NEW SPIDERMAN', 7, 0, 'MTR', 0, 0, 0, 0, 0, 'Y', NULL, NULL),
('201300000-210203-87', 'KQ KATUN DISPERSE 0.3 210203 GALAXY AVENGER', 7, 0, 'MTR', 0, 0, 0, 0, 0, 'Y', NULL, NULL),
('201300000-210205-94', 'KQ DISPERSE 0.3 HELLO KITY STRAWBERRY 210205', 7, 398, 'MTR', 0, 0, 0, 0, 0, 'Y', NULL, NULL),
('201300000-210206-93', 'KQ KATUN DISPERSE 0.3 210206 CAR MC QUEEN', 7, 0, 'MTR', 0, 0, 0, 0, 0, 'Y', NULL, NULL),
('201300000-210207-90', 'KQ KATUN DISPERSE 0.3 210207 KEROPI', 7, 0, 'MTR', 0, 0, 0, 0, 0, 'Y', NULL, NULL),
('201300000-3699-25', 'KQ DISPERSE 0.3 THOMAS 3699', 7, 0, 'MTR', 0, 0, 0, 0, 0, 'Y', NULL, NULL),
('201300000-50922-64', 'KQ DISPERSE 0.3 MINION 50922', 7, 200, 'MTR', 0, 0, 0, 0, 0, 'Y', NULL, NULL),
('201300000-A-044-15', 'KQ DISPERSE 0.3 GUCCI A-044', 7, 0, 'MTR', 0, 0, 0, 0, 0, 'Y', NULL, NULL),
('201300000-BT956.C-14', 'KQ KATUN DISPERSE 0.3 BT956-C DORAEMON', 7, 401, 'MTR', 0, 0, 0, 0, 0, 'Y', NULL, NULL),
('201300001-50925-90', 'KQ DISPERSE 0.3 KEROPI HIJAU 50925', 7, 200, 'MTR', 0, 0, 0, 0, 0, 'Y', NULL, NULL),
('201300002-092003-12', 'KQ KATUN DISPERSE 0.3 MERAH 092003 CARS', 7, 0, 'MTR', 0, 0, 0, 0, 0, 'Y', NULL, NULL),
('201300002-80821-4', 'KQ DISPERSE 0.3 THE POOH MERAH 80821', 7, 200, 'MTR', 0, 0, 0, 0, 0, 'Y', NULL, NULL),
('201300003-80820-103', 'KQ DISPERSE 0.3 PIYO BIRU 80820', 7, 202, 'MTR', 0, 0, 0, 0, 0, 'Y', NULL, NULL),
('201300004- 092027-23', 'KQ KATUN DISPERSE 0.3 PINK  092027 SNOW WHITE', 7, 0, 'MTR', 0, 0, 0, 0, 0, 'Y', NULL, NULL),
('201300004-210201-21', 'KQ KATUN DISPERSE 0.3 PINK 210201 LITTLE PONY', 7, 0, 'MTR', 0, 0, 0, 0, 0, 'Y', NULL, NULL),
('201300004-50926-106', 'KQ DISPERSE 0.3 LOL SURPRISE PINK 50926', 7, 202, 'MTR', 0, 0, 0, 0, 0, 'Y', NULL, NULL),
('20130003-80822-104', 'KQ DISPERSE 0.3 DORAEMON KECIL BIRU 80822', 7, 199, 'MTR', 0, 0, 0, 0, 0, 'Y', NULL, NULL),
('201300100-004B-50', 'KQ KATUN DISPERSE 0.3 BOLA 004B CHELSEA', 7, 0, 'MTR', 0, 0, 0, 0, 0, 'Y', NULL, NULL),
('201300200-003B-1', 'KQ DISPERSE 0.3 BOLA BARCA 003B', 7, 76, 'MTR', 0, 0, 0, 0, 0, 'Y', NULL, NULL),
('201300300-035F-96', 'KQ DISPERSE 0.3 BUNGA MAWAR 035F', 7, 0, 'MTR', 0, 0, 0, 0, 0, 'Y', NULL, NULL),
('201300302-044F-102', 'KQ DISPERSE 0.3 BUNGA TUTUP MERAH 044F', 7, 0, 'MTR', 0, 0, 0, 0, 0, 'Y', NULL, NULL),
('201300302-092018', 'KQ KATUN DISPERSE 0.3 BUNGA MERAH 092018', 7, 0, 'MTR', 0, 0, 0, 0, 0, 'Y', NULL, NULL),
('201300304-024F', 'KQ DISPERSE 0.3 BUNGA PINK 024F', 7, 0, 'MTR', 0, 0, 0, 0, 0, 'Y', NULL, NULL),
('201400012MB-520081', 'KQ JKT SUNY 3D 0,3 (12MBK) 520081', 7, 839, 'MTR', 0, 0, 0, 0, 0, 'Y', NULL, NULL),
('2014007-3197', 'KQ JKT LILY 2D 0.3 (12E) 3197', 7, 608, 'MTR', 0, 0, 0, 0, 0, 'Y', NULL, NULL),
('201400702-04076', 'KQ JKT LILY 2D 0.3 (02) 04076', 7, 0, 'MTR', 0, 0, 0, 0, 0, 'Y', NULL, NULL),
('201400702-310067', 'KQ JKT LILY 2D 0.3 (02) 310067', 7, 0, 'MTR', 0, 0, 0, 0, 0, 'Y', NULL, NULL),
('201400702-3164', 'KQ JKT LILY 2D 0.3 (02) 3164', 7, 0, 'MTR', 0, 0, 0, 0, 0, 'Y', NULL, NULL),
('201400702-3197', 'KQ JKT LILY 2D 0.3 (02) 3197', 7, 299, 'MTR', 0, 0, 0, 0, 0, 'Y', NULL, NULL),
('201400702-3272', 'KQ JKT LILY 2D 0.3 (02) 3272', 7, 0, 'MTR', 0, 0, 0, 0, 0, 'Y', NULL, NULL),
('201400702E-04077', 'KQ JKT LILY 2D 0.3 (02E) 04077', 7, 100, 'MTR', 0, 0, 0, 0, 0, 'Y', NULL, NULL),
('201400702E-04171', 'KQ JKT LILY 2D 0.3 (02E) 04171', 7, 0, 'MTR', 0, 0, 0, 0, 0, 'Y', NULL, NULL),
('201400702E-05108', 'KQ JKT LILY 2D 0.3 (02E) 05108', 7, 0, 'MTR', 0, 0, 0, 0, 0, 'Y', NULL, NULL),
('201400702E-210074', 'KQ JKT LILY 2D 0.3 (02E) 210074', 7, 0, 'MTR', 0, 0, 0, 0, 0, 'Y', NULL, NULL),
('201400702E-210103', 'KQ JKT LILY 2D 0.3 (02E) 210103', 7, 0, 'MTR', 0, 0, 0, 0, 0, 'Y', NULL, NULL),
('201400702E-220060', 'KQ JKT LILY 2D 0.3 (02E) 220060', 7, 0, 'MTR', 0, 0, 0, 0, 0, 'Y', NULL, NULL),
('201400702E-310113', 'KQ JKT LILY 2D 0.3 (02E) 3100113', 7, 0, 'MTR', 0, 0, 0, 0, 0, 'Y', NULL, NULL),
('201400702E-3240', 'KQ JKT LILY 2D 0.3 (02E) 3240', 7, 0, 'MTR', 0, 0, 0, 0, 0, 'Y', NULL, NULL),
('201400702E-3242', 'KQ JKT LILY 2D 0.3 (02E) 3242', 7, 0, 'MTR', 0, 0, 0, 0, 0, 'Y', NULL, NULL),
('201400702E-3243', 'KQ JKT LILY 2D 0.3 (02E) 3243', 7, 0, 'MTR', 0, 0, 0, 0, 0, 'Y', NULL, NULL),
('201400702E-420096-29', 'KQ JKT LILY 2D 0.3 (02E) 420096 BERBERY', 7, 1440, 'MTR', 0, 0, 0, 0, 0, 'Y', NULL, NULL),
('201400702E-520066', 'KQ JKT LILY 2D 0.3 (02E) 520066', 7, 0, 'MTR', 0, 0, 0, 0, 0, 'Y', NULL, NULL),
('201400702E-610068', 'KQ JKT LILY 2D 0.3 (02E) 610068', 7, 0, 'MTR', 0, 0, 0, 0, 0, 'Y', NULL, NULL),
('201400702E-810111', 'KQ JKT LILY 2D 0.3 (02E) 810111', 7, 0, 'MTR', 0, 0, 0, 0, 0, 'Y', NULL, NULL),
('201400703-04076', 'KQ JKT LILY 2D 0.3 (03) 04076', 7, 0, 'MTR', 0, 0, 0, 0, 0, 'Y', NULL, NULL),
('201400703-04077', 'KQ JKT LILY 2D 0.3 (03) 04077', 7, 0, 'MTR', 0, 0, 0, 0, 0, 'Y', NULL, NULL),
('201400703-05108', 'KQ JKT LILY 2D 0.3 (03) 05108', 7, 0, 'MTR', 0, 0, 0, 0, 0, 'Y', NULL, NULL),
('201400703-3164', 'KQ JKT LILY 2D 0.3 (03) 3164', 7, 0, 'MTR', 0, 0, 0, 0, 0, 'Y', NULL, NULL),
('201400703-3197', 'KQ JKT LILY 2D 0.3 (03) 3197', 7, 0, 'MTR', 0, 0, 0, 0, 0, 'Y', NULL, NULL),
('201400703-510048', 'KQ JKT LILY 2D 0.3 (03) 510048', 7, 0, 'MTR', 0, 0, 0, 0, 0, 'Y', NULL, NULL),
('201400703E-04171', 'KQ JKT LILY 2D 0.3 (03E) 04171', 7, 0, 'MTR', 0, 0, 0, 0, 0, 'Y', NULL, NULL),
('201400703E-210074', 'KQ JKT LILY 2D 0.3 (03E) 210074', 7, 0, 'MTR', 0, 0, 0, 0, 0, 'Y', NULL, NULL),
('201400703E-210103', 'KQ JKT LILY 2D 0.3 (03E) 210103', 7, 110, 'MTR', 0, 0, 0, 0, 0, 'Y', NULL, NULL),
('201400703E-220060', 'KQ JKT LILY 2D 0.3 (03E) 220060', 7, 0, 'MTR', 0, 0, 0, 0, 0, 'Y', NULL, NULL),
('201400703E-3100113', 'KQ JKT LILY 2D 0.3 (03E) 3100113', 7, 0, 'MTR', 0, 0, 0, 0, 0, 'Y', NULL, NULL),
('201400703E-310097', 'KQ JKT LILY 2D 0.3 (03E) 310097', 7, 0, 'MTR', 0, 0, 0, 0, 0, 'Y', NULL, NULL),
('201400703E-3240', 'KQ JKT LILY 2D 0.3 (03E) 3240', 7, 0, 'MTR', 0, 0, 0, 0, 0, 'Y', NULL, NULL),
('201400703E-3243', 'KQ JKT LILY 2D 0.3 (03E) 3243', 7, 112, 'MTR', 0, 0, 0, 0, 0, 'Y', NULL, NULL),
('201400703E-420096-29', 'KQ JKT LILY 2D 0.3 (03E) 420096 BERBERY', 7, 1502, 'MTR', 0, 0, 0, 0, 0, 'Y', NULL, NULL),
('201400703E-610025', 'KQ JKT LILY 2D 0.3 (03E) 610025', 7, 0, 'MTR', 0, 0, 0, 0, 0, 'Y', NULL, NULL),
('201400703E-610070', 'KQ JKT LILY 2D 0.3 (03E) 610070', 7, 105, 'MTR', 0, 0, 0, 0, 0, 'Y', NULL, NULL),
('201400703E-810111', 'KQ JKT LILY 2D 0.3 (03E) 810111', 7, 0, 'MTR', 0, 0, 0, 0, 0, 'Y', NULL, NULL),
('201400705-04233', 'KQ JKT LILY 2D 0.3 (P) 04233', 7, 0, 'MTR', 0, 0, 0, 0, 0, 'Y', NULL, NULL),
('201400705-05108', 'KQ JKT LILY 2D 0.3 (P) 05108', 7, 0, 'MTR', 0, 0, 0, 0, 0, 'Y', NULL, NULL),
('201400705-05245', 'KQ JKT LILY 2D 0.3 (P) 05245', 7, 0, 'MTR', 0, 0, 0, 0, 0, 'Y', NULL, NULL),
('201400707-420096-29', 'KQ JKT LILY 2D 0.3 (07) 420096 BERBERY', 7, 0, 'MTR', 0, 0, 0, 0, 0, 'Y', NULL, NULL),
('201400707E-3197', 'KQ JKT LILY 2D 0.3 (07E) 3197', 7, 0, 'MTR', 0, 0, 0, 0, 0, 'Y', NULL, NULL),
('201400708B-420096-29', 'KQ JKT LILY 2D 0.3 (08B) 420096 BERBERY', 7, 0, 'MTR', 0, 0, 0, 0, 0, 'Y', NULL, NULL),
('201400712-04077', 'KQ JKT LILY 2D 0.3 (12) 04077', 7, 0, 'MTR', 0, 0, 0, 0, 0, 'Y', NULL, NULL),
('201400712-210103', 'KQ JKT LILY 2D 0.3 (12) 210103', 7, 100, 'MTR', 0, 0, 0, 0, 0, 'Y', NULL, NULL),
('201400712-3164', 'KQ JKT LILY 2D 0.3 (12) 3164', 7, 0, 'MTR', 0, 0, 0, 0, 0, 'Y', NULL, NULL),
('201400712-420096-29', 'KQ JKT LILY 2D 0.3 (12) 420096 BERBERY', 7, 1402, 'MTR', 0, 0, 0, 0, 0, 'Y', NULL, NULL),
('201400712E-04171', 'KQ JKT LILY 2D 0.3 (12E) 04171', 7, 100, 'MTR', 0, 0, 0, 0, 0, 'Y', NULL, NULL),
('201400712E-05108', 'KQ JKT LILY 2D 0.3 (12E) 05108', 7, 0, 'MTR', 0, 0, 0, 0, 0, 'Y', NULL, NULL),
('201400712E-220060', 'KQ JKT LILY 2D 0.3 (12E) 220060', 7, 0, 'MTR', 0, 0, 0, 0, 0, 'Y', NULL, NULL),
('201400712E-310097', 'KQ JKT LILY 2D 0.3 (12E) 310097', 7, 0, 'MTR', 0, 0, 0, 0, 0, 'Y', NULL, NULL),
('201400712E-310113', 'KQ JKT LILY 2D 0.3 (12E) 310113', 7, 0, 'MTR', 0, 0, 0, 0, 0, 'Y', NULL, NULL),
('201400712E-3240', 'KQ JKT LILY 2D 0.3 (12E) 3240', 7, 0, 'MTR', 0, 0, 0, 0, 0, 'Y', NULL, NULL),
('201400712E-3243', 'KQ JKT LILY 2D 0.3 (12E) 3243', 7, 0, 'MTR', 0, 0, 0, 0, 0, 'Y', NULL, NULL),
('201400712E-510084', 'KQ JKT LILY 2D 0.3 (12E) 510084', 7, 0, 'MTR', 0, 0, 0, 0, 0, 'Y', NULL, NULL),
('201400712E-520066', 'KQ JKT LILY 2D 0.3 (12E) 520066', 7, 0, 'MTR', 0, 0, 0, 0, 0, 'Y', NULL, NULL),
('201400712E-5S', 'KQ JKT LILY 2D 0.3 (12E) 5S', 7, 0, 'MTR', 0, 0, 0, 0, 0, 'Y', NULL, NULL),
('201400712E-810111', 'KQ JKT LILY 2D 0.3 (12E) 810111', 7, 0, 'MTR', 0, 0, 0, 0, 0, 'Y', NULL, NULL),
('201400803E-3167-78', 'KQ JKT LILY 2D 0.5 (03E) 3167 STD', 7, 0, 'MTR', 0, 0, 0, 0, 0, 'Y', NULL, NULL),
('201400903E-05149-78', 'KQ JKT LILY 2D 0.6 (03E) 05149 STD', 7, 0, 'MTR', 0, 0, 0, 0, 0, 'Y', NULL, NULL),
('201401003E-STD', 'KQ JKT LILY 2D 0.8 (03E) STD', 7, 0, 'MTR', 0, 0, 0, 0, 0, 'Y', NULL, NULL),
('201401005-04048-78', 'KQ JKT LILY 2D 0.8 (P) 04048 STD', 7, 0, 'MTR', 0, 0, 0, 0, 0, 'Y', NULL, NULL),
('201401012E-310032-78', 'KQ JKT LILY 2D 0.8 (12E) 310032 STD', 7, 0, 'MTR', 0, 0, 0, 0, 0, 'Y', NULL, NULL),
('201401102E-3197', 'KQ JKT LILY 2D 1.0 (02E) 3197', 7, 0, 'MTR', 0, 0, 0, 0, 0, 'Y', NULL, NULL),
('201401102E-STD', 'KQ JKT LILY 2D 1.0 (02E) STD', 7, 0, 'MTR', 0, 0, 0, 0, 0, 'Y', NULL, NULL),
('201401103-3272', 'KQ JKT LILY 2D 1.0 (03) 3272', 7, 0, 'MTR', 0, 0, 0, 0, 0, 'Y', NULL, NULL),
('201401103E-310032-79', 'KQ JKT LILY 2D 1.0 (03E) 310032 SN', 7, 0, 'MTR', 0, 0, 0, 0, 0, 'Y', NULL, NULL),
('201401103E-3197', 'KQ JKT LILY 2D 1.0 (03E) 3197', 7, 0, 'MTR', 0, 0, 0, 0, 0, 'Y', NULL, NULL),
('201401103E-3240', 'KQ JKT LILY 2D 1.0 (03E) 3240', 7, 0, 'MTR', 0, 0, 0, 0, 0, 'Y', NULL, NULL),
('201401112E-04077', 'KQ JKT LILY 2D 1.0 (12E) 04077', 7, 0, 'MTR', 0, 0, 0, 0, 0, 'Y', NULL, NULL),
('2014012-3167-78', 'KQ JKT LILY 2D 1.5 (03E) 3167 STD', 7, 36, 'MTR', 0, 0, 0, 0, 0, 'Y', NULL, NULL),
('201401202E-STD', 'KQ JKT LILY 2D 1.5 (02E) STD', 7, 0, 'MTR', 0, 0, 0, 0, 0, 'Y', NULL, NULL),
('201401203E-STD', 'KQ JKT LILY 2D 1.5 (03E) STD', 7, 0, 'MTR', 0, 0, 0, 0, 0, 'Y', NULL, NULL),
('201401212E-STD', 'KQ JKT LILY 2D 1.5 (12E) STD', 7, 0, 'MTR', 0, 0, 0, 0, 0, 'Y', NULL, NULL),
('2014013-810025', 'KQ JKT LILY 3D 0.3 (12MBE) 810025', 7, 0, 'MTR', 0, 0, 0, 0, 0, 'Y', NULL, NULL),
('201401302-310098', 'KQ JKT LILY 3D 0.3 (02) 310098', 7, 0, 'MTR', 0, 0, 0, 0, 0, 'Y', NULL, NULL),
('201401302-610018', 'KQ JKT LILY 3D 0.3 (02) 610018', 7, 608, 'MTR', 0, 0, 0, 0, 0, 'Y', NULL, NULL),
('201401302-610019', 'KQ JKT LILY 3D 0.3 (02) 610019', 7, 0, 'MTR', 0, 0, 0, 0, 0, 'Y', NULL, NULL),
('201401302-810024', 'KQ JKT LILY 3D 0.3 (02) 810024', 7, 862, 'MTR', 0, 0, 0, 0, 0, 'Y', NULL, NULL),
('201401303-310098', 'KQ JKT LILY 3D 0.3 (03) 310098', 7, 0, 'MTR', 0, 0, 0, 0, 0, 'Y', NULL, NULL),
('201401303-610018', 'KQ JKT LILY 3D 0.3 (03) 610018', 7, 0, 'MTR', 0, 0, 0, 0, 0, 'Y', NULL, NULL),
('201401303-610019', 'KQ JKT LILY 3D 0.3 (03) 610019', 7, 211, 'MTR', 0, 0, 0, 0, 0, 'Y', NULL, NULL),
('201401303-810024', 'KQ JKT LILY 3D 0.3 (03) 810024', 7, 624, 'MTR', 0, 0, 0, 0, 0, 'Y', NULL, NULL),
('201401312-310098', 'KQ JKT LILY 3D 0.3 (12) 310098', 7, 100, 'MTR', 0, 0, 0, 0, 0, 'Y', NULL, NULL),
('201401312-420062', 'KQ JKT LILY 3D 0.3 (12MBE) 420062', 7, 0, 'MTR', 0, 0, 0, 0, 0, 'Y', NULL, NULL),
('201401312-610019', 'KQ JKT LILY 3D 0.3 (12) 610019', 7, 210, 'MTR', 0, 0, 0, 0, 0, 'Y', NULL, NULL),
('201401312-810024', 'KQ JKT LILY 3D 0.3 (12) 810024', 7, 298, 'MTR', 0, 0, 0, 0, 0, 'Y', NULL, NULL),
('201401312B-710061', 'KQ JKT LILY 3D 0.3 (12MBE) 710061', 7, 848, 'MTR', 0, 0, 0, 0, 0, 'Y', NULL, NULL),
('201401312C-610018', 'KQ JKT LILY 3D 0.3 (12C) 610018', 7, 0, 'MTR', 0, 0, 0, 0, 0, 'Y', NULL, NULL),
('201401312R-210026', 'KQ JKT LILY 3D 0.3 (12MBE) 210026', 7, 0, 'MTR', 0, 0, 0, 0, 0, 'Y', NULL, NULL),
('201401312R-210057', 'KQ JKT LILY 3D 0.3 (12MBE) 210057', 7, 0, 'MTR', 0, 0, 0, 0, 0, 'Y', NULL, NULL),
('201401312R-210088', 'KQ JKT LILY 3D 0.3 (12MBE) 210088', 7, 0, 'MTR', 0, 0, 0, 0, 0, 'Y', NULL, NULL),
('201401312R-420026', 'KQ JKT LILY 3D 0.3 (12MBE) 420026', 7, 200, 'MTR', 0, 0, 0, 0, 0, 'Y', NULL, NULL),
('201401312R-420062-28', 'KQ JKT LILY 3D 0.3 (12MBE) 420062 BERBERY', 7, 0, 'MTR', 0, 0, 0, 0, 0, 'Y', NULL, NULL),
('201401312R-420204-28', 'KQ JKT LILY 3D 0.3 (12MBE) 420204 BERBERY', 7, 0, 'MTR', 0, 0, 0, 0, 0, 'Y', NULL, NULL),
('201401312R-510069', 'KQ JKT LILY 3D 0.3 (12 MBE) 510069', 7, 183, 'MTR', 0, 0, 0, 0, 0, 'Y', NULL, NULL),
('201401312R-520142', 'KQ JKT LILY 3D 0.3 (12MBE) 520142', 7, 192, 'MTR', 0, 0, 0, 0, 0, 'Y', NULL, NULL),
('201401323E-210026', 'KQ JKT LILY 3D 0.3 (02BTE) 210026', 7, 520, 'MTR', 0, 0, 0, 0, 0, 'Y', NULL, NULL),
('201401323E-210057', 'KQ JKT LILY 3D 0.3 (02BTE) 210057', 7, 500, 'MTR', 0, 0, 0, 0, 0, 'Y', NULL, NULL),
('201401323E-220040', 'KQ JKT LILY 3D 0.3 (02BTE) 220040', 7, 0, 'MTR', 0, 0, 0, 0, 0, 'Y', NULL, NULL),
('201401323E-42006-28', 'KQ JKT LILY 3D 0.3 (02BTE) 420062 BERBERY', 7, 0, 'MTR', 0, 0, 0, 0, 0, 'Y', NULL, NULL),
('201401323E-420062', 'KQ JKT LILY 3D 0.3 (02BTE) 420062', 7, 200, 'MTR', 0, 0, 0, 0, 0, 'Y', NULL, NULL),
('201401323E-420148', 'KQ JKT LILY 3D 0.3 (02BTE) 420148', 7, 0, 'MTR', 0, 0, 0, 0, 0, 'Y', NULL, NULL),
('201401323E-420152', 'KQ JKT LILY 3D 0.3 (02BTE) 420152', 7, 0, 'MTR', 0, 0, 0, 0, 0, 'Y', NULL, NULL),
('201401323E-420204-28', 'KQ JKT LILY 3D 0.3 (02BTE) 420204 BERBERY', 7, 0, 'MTR', 0, 0, 0, 0, 0, 'Y', NULL, NULL),
('201401323E-520142', 'KQ JKT LILY 3D 0.3 (02BTE) 520142', 7, 0, 'MTR', 0, 0, 0, 0, 0, 'Y', NULL, NULL),
('201401323E-810025', 'KQ JKT LILY 3D 0.3 (02BTE) 810025', 7, 0, 'MTR', 0, 0, 0, 0, 0, 'Y', NULL, NULL),
('20140132FE-710061', 'KQ JKT LILY 3D 0.3 (02FE) 710061', 7, 308, 'MTR', 0, 0, 0, 0, 0, 'Y', NULL, NULL),
('20140133BT-210026', 'KQ JKT LILY 3D 0.3 (03BTE) 210026', 7, 420, 'MTR', 0, 0, 0, 0, 0, 'Y', NULL, NULL),
('20140133BT-210057', 'KQ JKT LILY 3D 0.3 (03BTE) 210057', 7, 799, 'MTR', 0, 0, 0, 0, 0, 'Y', NULL, NULL),
('20140133BT-420062-28', 'KQ JKT LILY 3D 0.3 (03BTE) 420062 BERBERY', 7, 0, 'MTR', 0, 0, 0, 0, 0, 'Y', NULL, NULL),
('20140133BT-420148', 'KQ JKT LILY 3D 0.3 (03BTE) 420148', 7, 0, 'MTR', 0, 0, 0, 0, 0, 'Y', NULL, NULL),
('20140133BT-420152', 'KQ JKT LILY 3D 0.3 (03BTE) 420152', 7, 0, 'MTR', 0, 0, 0, 0, 0, 'Y', NULL, NULL),
('20140133BT-420204-28', 'KQ JKT LILY 3D 0.3 (03BTE) 420204 BERBERY', 7, 0, 'MTR', 0, 0, 0, 0, 0, 'Y', NULL, NULL),
('20140133BT-520142', 'KQ JKT LILY 3D 0.3 (03BTE) 520142', 7, 0, 'MTR', 0, 0, 0, 0, 0, 'Y', NULL, NULL),
('20140133BT-610037', 'KQ JKT LILY 3D 0.3 (03BTE) 610037', 7, 0, 'MTR', 0, 0, 0, 0, 0, 'Y', NULL, NULL),
('20140133BT-710061', 'KQ JKT LILY 3D 0.3 (03BTE) 710061', 7, 641, 'MTR', 0, 0, 0, 0, 0, 'Y', NULL, NULL),
('20140133BT-810025', 'KQ JKT LILY 3D 0.3 (03BTE) 810025', 7, 0, 'MTR', 0, 0, 0, 0, 0, 'Y', NULL, NULL),
('201401401', 'KQ JKT LILY 3D 08 HIJAU', 7, 0, 'MTR', 0, 0, 0, 0, 0, 'Y', NULL, NULL),
('201401412', 'KQ JKT LILY 3D 08 COKLAT', 7, 0, 'MTR', 0, 0, 0, 0, 0, 'Y', NULL, NULL),
('20140154B-6217-78', 'KQ JKT FO 2D (4B) 6217 STD', 7, 0, 'MTR', 0, 0, 0, 0, 0, 'Y', NULL, NULL),
('2014016-420050-78', 'KQ JKT SUNY 3D 0.3 (02) STD 420050', 7, 40, 'MTR', 0, 0, 0, 0, 0, 'Y', NULL, NULL),
('2014016-420093', 'KQ JKT SUNY 3D 0.3 (12MBK) 420093', 7, 0, 'MTR', 0, 0, 0, 0, 0, 'Y', NULL, NULL),
('201401601-4068', 'KQ JKT SUNY 3D 0.3 (01) 4068', 7, 0, 'MTR', 0, 0, 0, 0, 0, 'Y', NULL, NULL),
('201401601-754', 'KQ JKT SUNY 3D 0.3 (01) 754', 7, 0, 'MTR', 0, 0, 0, 0, 0, 'Y', NULL, NULL),
('201401602-01232', 'KQ JKT SUNY 3D 0.3 (02) 01232', 7, 0, 'MTR', 0, 0, 0, 0, 0, 'Y', NULL, NULL),
('201401602-05169', 'KQ JKT SUNY 3D 0.3 (02) 05169', 7, 0, 'MTR', 0, 0, 0, 0, 0, 'Y', NULL, NULL),
('201401602-274', 'KQ JKT SUNY 3D 0.3 (02) 274', 7, 0, 'MTR', 0, 0, 0, 0, 0, 'Y', NULL, NULL),
('201401602-284', 'KQ JKT SUNY 3D 0.3 (02) 284', 7, 99, 'MTR', 0, 0, 0, 0, 0, 'Y', NULL, NULL),
('201401602-4309', 'KQ JKT SUNY 3D 0.3 (03) 4309', 7, 0, 'MTR', 0, 0, 0, 0, 0, 'Y', NULL, NULL),
('201401602-5027', 'KQ JKT SUNY 3D 0.3 (02) 5027', 7, 0, 'MTR', 0, 0, 0, 0, 0, 'Y', NULL, NULL),
('201401602-520076', 'KQ JKT SUNY 3D 0.3 (02) 520076', 7, 0, 'MTR', 0, 0, 0, 0, 0, 'Y', NULL, NULL),
('201401602-520083', 'KQ JKT SUNY 3D 0.3 (02) 520083', 7, 0, 'MTR', 0, 0, 0, 0, 0, 'Y', NULL, NULL),
('201401602-6004', 'KQ JKT SUNY 3D 0.3 (02) 6004', 7, 0, 'MTR', 0, 0, 0, 0, 0, 'Y', NULL, NULL),
('201401602-6169', 'KQ JKT SUNY 3D 0.3 (02) 6169', 7, 0, 'MTR', 0, 0, 0, 0, 0, 'Y', NULL, NULL),
('201401602-6169-32', 'KQ JKT SUNY 3D 0.3 (02) 6169 CRYSTALINE', 7, 200, 'MTR', 0, 0, 0, 0, 0, 'Y', NULL, NULL),
('201401602-9422', 'KQ JKT SUNY 3D 0.3 (02) 9422', 7, 310, 'MTR', 0, 0, 0, 0, 0, 'Y', NULL, NULL),
('201401602-STD', 'KQ JKT SUNY 3D 0.3 (02) STD', 7, 0, 'MTR', 0, 0, 0, 0, 0, 'Y', NULL, NULL),
('201401602E-02167', 'KQ JKT SUNY 3D 0.3 (02E) 2167', 7, 0, 'MTR', 0, 0, 0, 0, 0, 'Y', NULL, NULL),
('201401602E-6010', 'KQ JKT SUNY 3D 0.3 (02E) 6010', 7, 0, 'MTR', 0, 0, 0, 0, 0, 'Y', NULL, NULL),
('201401602MTE-710099', 'KQ JKT SUNY 3D 0.3 (02MTE) 710099', 7, 311, 'MTR', 0, 0, 0, 0, 0, 'Y', NULL, NULL),
('201401603-01232', 'KQ JKT SUNY 3D 0.3 (03) 01232', 7, 105, 'MTR', 0, 0, 0, 0, 0, 'Y', NULL, NULL),
('201401603-04148', 'KQ JKT SUNY 3D 0.3 (03) 04148', 7, 0, 'MTR', 0, 0, 0, 0, 0, 'Y', NULL, NULL),
('201401603-05169', 'KQ JKT SUNY 3D 0.3 (03) 05169', 7, 0, 'MTR', 0, 0, 0, 0, 0, 'Y', NULL, NULL),
('201401603-05237', 'KQ JKT SUNY 3D 0.3 (03) 05237', 7, 0, 'MTR', 0, 0, 0, 0, 0, 'Y', NULL, NULL),
('201401603-284', 'KQ JKT SUNY 3D 0.3 (03) 284', 7, 0, 'MTR', 0, 0, 0, 0, 0, 'Y', NULL, NULL),
('201401603-310096', 'KQ JKT SUNY 3D 0.3 (03) 310096', 7, 0, 'MTR', 0, 0, 0, 0, 0, 'Y', NULL, NULL),
('201401603-4309', 'KQ JKT SUNY 3D 0.3 (02) 4309', 7, 0, 'MTR', 0, 0, 0, 0, 0, 'Y', NULL, NULL),
('201401603-5027', 'KQ JKT SUNY 3D 0.3 (03) 5027', 7, 0, 'MTR', 0, 0, 0, 0, 0, 'Y', NULL, NULL),
('201401603-520013', 'KQ JKT SUNY 3D 0.3 (03) 520013', 7, 0, 'MTR', 0, 0, 0, 0, 0, 'Y', NULL, NULL),
('201401603-6004', 'KQ JKT SUNY 3D 0.3 (03) 6004', 7, 0, 'MTR', 0, 0, 0, 0, 0, 'Y', NULL, NULL),
('201401603-6169', 'KQ JKT SUNY 3D 0.3 (03) 6169', 7, 0, 'MTR', 0, 0, 0, 0, 0, 'Y', NULL, NULL),
('201401603-6169-32', 'KQ JKT SUNY 3D 0.3 (03) 6169 CRYSTALINE', 7, 0, 'MTR', 0, 0, 0, 0, 0, 'Y', NULL, NULL),
('201401603-710052', 'KQ JKT SUNY 3D 0.3 (03) 710052', 7, 0, 'MTR', 0, 0, 0, 0, 0, 'Y', NULL, NULL),
('201401603-9422', 'KQ JKT SUNY 3D 0.3 (03) 9422', 7, 0, 'MTR', 0, 0, 0, 0, 0, 'Y', NULL, NULL),
('201401603MTE-710099', 'KQ JKT SUNY 3D 0.3 (03MTE) 710099', 7, 0, 'MTR', 0, 0, 0, 0, 0, 'Y', NULL, NULL),
('201401610-01232', 'KQ JKT SUNY 3D 0.3 (10) 01232', 7, 0, 'MTR', 0, 0, 0, 0, 0, 'Y', NULL, NULL),
('201401612-4068', 'KQ JKT SUNY 3D 0.3 (12) 4068', 7, 0, 'MTR', 0, 0, 0, 0, 0, 'Y', NULL, NULL),
('201401612-5027', 'KQ JKT SUNY 3D 0.3 (12) 5027', 7, 0, 'MTR', 0, 0, 0, 0, 0, 'Y', NULL, NULL),
('201401612-520141', 'KQ JKT SUNY 3D 0.3 (12) 520141', 7, 0, 'MTR', 0, 0, 0, 0, 0, 'Y', NULL, NULL),
('2014016123B-01232', 'KQ JKT SUNY 3D 0.3 (123B) 01232', 7, 220, 'MTR', 0, 0, 0, 0, 0, 'Y', NULL, NULL),
('201401612B-4068', 'KQ JKT SUNY 2D 0.3 (12B) 4068', 7, 0, 'MTR', 0, 0, 0, 0, 0, 'Y', NULL, NULL),
('201401612C-6169-32', 'KQ JKT SUNY 3D 0.3 (12C) 6169 CRYSTALINE', 7, 0, 'MTR', 0, 0, 0, 0, 0, 'Y', NULL, NULL),
('201401612MB-01191', 'KQ JKT SUNY 3D 0.3 (12MBK) 01191', 7, 200, 'MTR', 0, 0, 0, 0, 0, 'Y', NULL, NULL),
('201401612MTE-710099', 'KQ JKT SUNY 3D 0.3 (12MTE) 710099', 7, 0, 'MTR', 0, 0, 0, 0, 0, 'Y', NULL, NULL),
('20140162BT-STD', 'KQ JKT SUNY 3D 0.3 (2BTE) STD', 7, 0, 'MTR', 0, 0, 0, 0, 0, 'Y', NULL, NULL),
('20140162FK-520141', 'KQ JKT SUNY 3D 0.3 (02FK) 520141', 7, 0, 'MTR', 0, 0, 0, 0, 0, 'Y', NULL, NULL),
('20140163B-0374-78', 'KQ JKT SUNY 3D 0.3 (03B) 0374 STD', 7, 0, 'MTR', 0, 0, 0, 0, 0, 'Y', NULL, NULL),
('20140163BT-520081', 'KQ JKT SUNY 3D 0.3 (03BTK) 520081', 7, 621, 'MTR', 0, 0, 0, 0, 0, 'Y', NULL, NULL),
('20140163BT-520141', 'KQ JKT SUNY 3D 0.3 (03BTK) 520141', 7, 100, 'MTR', 0, 0, 0, 0, 0, 'Y', NULL, NULL),
('201401702-284', 'KQ JKT SUNY 3D 1.0 (02) 284', 7, 0, 'MTR', 0, 0, 0, 0, 0, 'Y', NULL, NULL),
('201401702-5027', 'KQ JKT SUNY 3D 1.0 (02) 5027', 7, 0, 'MTR', 0, 0, 0, 0, 0, 'Y', NULL, NULL),
('201401702-6169-32', 'KQ JKT SUNY 3D 1.0 (02) 6169 CRYSTALINE', 7, 0, 'MTR', 0, 0, 0, 0, 0, 'Y', NULL, NULL),
('201401703-284', 'KQ JKT SUNY 3D 1.0 (03) 284', 7, 0, 'MTR', 0, 0, 0, 0, 0, 'Y', NULL, NULL),
('201401703-5027', 'KQ JKT SUNY 3D 1.0 (03) 5027', 7, 0, 'MTR', 0, 0, 0, 0, 0, 'Y', NULL, NULL),
('201401703-6169-32', 'KQ JKT SUNY 3D 1.0 (03) 6169 CRYSTALINE', 7, 0, 'MTR', 0, 0, 0, 0, 0, 'Y', NULL, NULL),
('201401703-9422-78', 'KQ JKT SUNY 3D 1.0 (03) 9422 STD', 7, 0, 'MTR', 0, 0, 0, 0, 0, 'Y', NULL, NULL),
('201401712C-6169-32', 'KQ JKT SUNY 3D 1.0 (12C) 6169 CRYSTALINE', 7, 0, 'MTR', 0, 0, 0, 0, 0, 'Y', NULL, NULL),
('20140173B-4037-78', 'KQ JKT SUNY 3D 1.0 (03B) 4037 STD', 7, 0, 'MTR', 0, 0, 0, 0, 0, 'Y', NULL, NULL),
('201401802-284', 'KQ JKT SUNY 3D 1.2 (02) 284', 7, 0, 'MTR', 0, 0, 0, 0, 0, 'Y', NULL, NULL),
('201401802-5206-78', 'KQ JKT SUNY 3D 1.2 (02) 5206 STD', 7, 0, 'MTR', 0, 0, 0, 0, 0, 'Y', NULL, NULL),
('201401802-9422', 'KQ JKT SUNY 3D 1.2 (02) 9422', 7, 0, 'MTR', 0, 0, 0, 0, 0, 'Y', NULL, NULL),
('201401803-4037', 'KQ JKT SUNY 3D 1.2 (03) 4037', 7, 0, 'MTR', 0, 0, 0, 0, 0, 'Y', NULL, NULL),
('201401803-6004', 'KQ JKT SUNY 3D 1.2 (03) 6004', 7, 0, 'MTR', 0, 0, 0, 0, 0, 'Y', NULL, NULL),
('201401803-9422', 'KQ JKT SUNY 3D 1.2 (03) 9422', 7, 0, 'MTR', 0, 0, 0, 0, 0, 'Y', NULL, NULL),
('201401812-6004', 'KQ JKT SUNY 3D 1.2 (12) 6004', 7, 0, 'MTR', 0, 0, 0, 0, 0, 'Y', NULL, NULL),
('201401812MB-520081', 'KQ JKT SUNY 3D 1.2 (12MBK) 520081', 7, 0, 'MTR', 0, 0, 0, 0, 0, 'Y', NULL, NULL),
('201401903-TJ', 'KQ JKT SUNY 3D 2.0 (03) TJ', 7, 0, 'MTR', 0, 0, 0, 0, 0, 'Y', NULL, NULL),
('201401912-284', 'KQ JKT SUNY 3D 2.0 (12) 284', 7, 0, 'MTR', 0, 0, 0, 0, 0, 'Y', NULL, NULL),
('201402101-4182', 'KQ JKT SUNY 2D 0.3 (01) 4182', 7, 0, 'MTR', 0, 0, 0, 0, 0, 'Y', NULL, NULL),
('201402102-11622', 'KQ JKT SUNY 2D 0.3 (03) 11622', 7, 0, 'MTR', 0, 0, 0, 0, 0, 'Y', NULL, NULL),
('201402102-520076', 'KQ JKT SUNY 2D 0.3 (02) 520076', 7, 110, 'MTR', 0, 0, 0, 0, 0, 'Y', NULL, NULL),
('201402102-STD', 'KQ JKT SUNY 2D 0.3 (2) STD', 7, 0, 'MTR', 0, 0, 0, 0, 0, 'Y', NULL, NULL),
('201402102P-101', 'KQ JKT SUNY 2D 0.3 (02P) 101', 7, 0, 'MTR', 0, 0, 0, 0, 0, 'Y', NULL, NULL),
('201402103-011683', 'KQ JKT SUNY 2D 0.3 (03) 011683', 7, 100, 'MTR', 0, 0, 0, 0, 0, 'Y', NULL, NULL),
('201402103-11622', 'KQ JKT SUNY 2D 0.3 (02) 11622', 7, 0, 'MTR', 0, 0, 0, 0, 0, 'Y', NULL, NULL),
('201402103-3264', 'KQ JKT SUNY 2D 0.3 (03) 3264', 7, 0, 'MTR', 0, 0, 0, 0, 0, 'Y', NULL, NULL),
('201402103-341', 'KQ JKT SUNY 2D 0.3 (03) 341', 7, 101, 'MTR', 0, 0, 0, 0, 0, 'Y', NULL, NULL),
('201402103-50076', 'KQ JKT SUNY 2D 0.3 (03) 50076', 7, 0, 'MTR', 0, 0, 0, 0, 0, 'Y', NULL, NULL),
('201402103-520071', 'KQ JKT SUNY 2D 0.3 (03) 520071', 7, 0, 'MTR', 0, 0, 0, 0, 0, 'Y', NULL, NULL),
('201402103-520076', 'KQ JKT SUNY 2D 0.3 (03) 520076', 7, 0, 'MTR', 0, 0, 0, 0, 0, 'Y', NULL, NULL),
('201402104-4028', 'KQ JKT SUNY 2D 0.3 (04) 4028', 7, 0, 'MTR', 0, 0, 0, 0, 0, 'Y', NULL, NULL),
('201402104-4037', 'KQ JKT SUNY 2D 0.3 (04) 4037', 7, 519, 'MTR', 0, 0, 0, 0, 0, 'Y', NULL, NULL),
('201402105-05156', 'KQ JKT SUNY 2D 0.3 PUTIH (P) 05156', 7, 0, 'MTR', 0, 0, 0, 0, 0, 'Y', NULL, NULL),
('201402105-2057', 'KQ JKT SUNY 2D 0.3 PUTIH (P) 2057', 7, 0, 'MTR', 0, 0, 0, 0, 0, 'Y', NULL, NULL),
('201402105-6093', 'KQ JKT SUNY 2D 0.3 (P) 6093', 7, 0, 'MTR', 0, 0, 0, 0, 0, 'Y', NULL, NULL),
('201402105-6169', 'KQ JKT SUNY 2D 0.3 PUTIH (P) 6169', 7, 0, 'MTR', 0, 0, 0, 0, 0, 'Y', NULL, NULL),
('201402107-6169-31', 'KQ JKT SUNY 2D 0.3 (07) 6169 BLUEBERRY', 7, 0, 'MTR', 0, 0, 0, 0, 0, 'Y', NULL, NULL),
('201402107A-4028', 'KQ JKT SUNY 2D 0.3 (07A) 4028', 7, 0, 'MTR', 0, 0, 0, 0, 0, 'Y', NULL, NULL),
('201402107A-6093', 'KQ JKT SUNY 2D 0.3 (07A) 6093', 7, 401, 'MTR', 0, 0, 0, 0, 0, 'Y', NULL, NULL),
('201402108D-04091', 'KQ JKT SUNY 2D 0.3 (08D) 04091', 7, 0, 'MTR', 0, 0, 0, 0, 0, 'Y', NULL, NULL),
('201402111E-4099', 'KQ JKT SUNY 2D 0.3 (11E) 4099', 7, 0, 'MTR', 0, 0, 0, 0, 0, 'Y', NULL, NULL),
('201402111G-4099', 'KQ JKT SUNY 2D 0.3 (11G) 4099', 7, 0, 'MTR', 0, 0, 0, 0, 0, 'Y', NULL, NULL),
('201402112-341', 'KQ JKT SUNY 2D 0.3 (12) 341', 7, 0, 'MTR', 0, 0, 0, 0, 0, 'Y', NULL, NULL),
('201402112-4099', 'KQ JKT SUNY 2D 0.3 (12) 4099', 7, 0, 'MTR', 0, 0, 0, 0, 0, 'Y', NULL, NULL),
('201402112-4182', 'KQ JKT SUNY 2D 0.3 (12) 4182', 7, 0, 'MTR', 0, 0, 0, 0, 0, 'Y', NULL, NULL),
('201402112-520071', 'KQ JKT SUNY 2D 0.3 (12) 520071', 7, 0, 'MTR', 0, 0, 0, 0, 0, 'Y', NULL, NULL),
('201402112-520076', 'KQ JKT SUNY 2D 0.3 (12) 520076', 7, 0, 'MTR', 0, 0, 0, 0, 0, 'Y', NULL, NULL),
('201402112-6004', 'KQ JKT SUNY 2D 0.3 (12) 6004', 7, 230, 'MTR', 0, 0, 0, 0, 0, 'Y', NULL, NULL),
('201402112-6169', 'KQ JKT SUNY 2D 0.3 (12) 6169', 7, 1022, 'MTR', 0, 0, 0, 0, 0, 'Y', NULL, NULL),
('201402112-6169-32', 'KQ JKT SUNY 2D 0.3 (12) 6169 CRYSTALINE', 7, 0, 'MTR', 0, 0, 0, 0, 0, 'Y', NULL, NULL),
('201402112-9408', 'KQ JKT SUNY 2D 0.3 (12) 9408', 7, 0, 'MTR', 0, 0, 0, 0, 0, 'Y', NULL, NULL),
('20140213B-4037', 'KQ JKT SUNY 2D 0.3 (03B) 4037', 7, 0, 'MTR', 0, 0, 0, 0, 0, 'Y', NULL, NULL),
('20140213B-STD', 'KQ JKT SUNY 2D 0.3 (03B) STD', 7, 0, 'MTR', 0, 0, 0, 0, 0, 'Y', NULL, NULL),
('2014022-341', 'KQ JKT SUNY 2D 0.6 (12) 341', 7, 0, 'MTR', 0, 0, 0, 0, 0, 'Y', NULL, NULL),
('2014022-6093', 'KQ JKT SUNY 2D 0.6 (7A) 6093', 7, 0, 'MTR', 0, 0, 0, 0, 0, 'Y', NULL, NULL),
('201402203-4037', 'KQ JKT SUNY 2D 0.6 (03) 4037', 7, 0, 'MTR', 0, 0, 0, 0, 0, 'Y', NULL, NULL),
('201402204-4057-78', 'KQ JKT SUNY 2D 0.6 (04) 4057 STD', 7, 0, 'MTR', 0, 0, 0, 0, 0, 'Y', NULL, NULL),
('201402205-01414-78', 'KQ JKT SUNY 2D 0.6 PUTIH (P) 01414 STD', 7, 0, 'MTR', 0, 0, 0, 0, 0, 'Y', NULL, NULL),
('201402212-6169', 'KQ JKT SUNY 2D 0.6 (12) 6169', 7, 0, 'MTR', 0, 0, 0, 0, 0, 'Y', NULL, NULL),
('201402212B-4068-78', 'KQ JKT SUNY 2D 0.6 (12B) 4068 STD', 7, 0, 'MTR', 0, 0, 0, 0, 0, 'Y', NULL, NULL),
('201402312-520076', 'KQ JKT SUNY 2D 0.7 (12) 520076', 7, 0, 'MTR', 0, 0, 0, 0, 0, 'Y', NULL, NULL),
('201402312-6004', 'KQ JKT SUNY 2D 0.7 (12) 6004', 7, 0, 'MTR', 0, 0, 0, 0, 0, 'Y', NULL, NULL),
('201402401-4182', 'KQ JKT SUNY 2D 0.8 (01) 4182', 7, 0, 'MTR', 0, 0, 0, 0, 0, 'Y', NULL, NULL),
('201402404-STD', 'KQ JKT SUNY 2D 0.8 (04) STD', 7, 0, 'MTR', 0, 0, 0, 0, 0, 'Y', NULL, NULL),
('201402412-0514-78', 'KQ JKT SUNY 2D 0.8 (12) 0514 STD', 7, 0, 'MTR', 0, 0, 0, 0, 0, 'Y', NULL, NULL),
('201402503-520076', 'KQ JKT SUNY 2D 1.0 (03) 520076', 7, 0, 'MTR', 0, 0, 0, 0, 0, 'Y', NULL, NULL),
('201402507A-6093', 'KQ JKT SUNY 2D 1.0 (07A) 6093', 7, 0, 'MTR', 0, 0, 0, 0, 0, 'Y', NULL, NULL),
('201402512-520076', 'KQ JKT SUNY 2D 1.0 (12) 520076', 7, 0, 'MTR', 0, 0, 0, 0, 0, 'Y', NULL, NULL),
('201402512-6169', 'KQ JKT SUNY 2D 1.0 (12) 6169', 7, 100, 'MTR', 0, 0, 0, 0, 0, 'Y', NULL, NULL),
('201402512-6169-32', 'KQ JKT SUNY 2D 1.0 (12) 6169 CRYSTALINE', 7, 0, 'MTR', 0, 0, 0, 0, 0, 'Y', NULL, NULL),
('201402602-520076', 'KQ JKT SUNY 2D 1.2 (02) 520076', 7, 0, 'MTR', 0, 0, 0, 0, 0, 'Y', NULL, NULL),
('201402603-3264', 'KQ JKT SUNY 2D 1.2 (03) 3264', 7, 0, 'MTR', 0, 0, 0, 0, 0, 'Y', NULL, NULL),
('201402603P-5114', 'KQ JKT SUNY 2D 1.2 (03P) 5114', 7, 0, 'MTR', 0, 0, 0, 0, 0, 'Y', NULL, NULL),
('201402611E-4099-78', 'KQ JKT SUNY 2D 1.2 (11E) 4099 STD', 7, 324, 'MTR', 0, 0, 0, 0, 0, 'Y', NULL, NULL),
('201402612-341', 'KQ JKT SUNY 2D 1.2 (12) 341', 7, 0, 'MTR', 0, 0, 0, 0, 0, 'Y', NULL, NULL),
('201402612-4099', 'KQ JKT SUNY 2D 1.2 (12) 4099', 7, 0, 'MTR', 0, 0, 0, 0, 0, 'Y', NULL, NULL),
('201402612-STD', 'KQ JKT SUNY 2D 1.2 (12) STD', 7, 0, 'MTR', 0, 0, 0, 0, 0, 'Y', NULL, NULL),
('20140267A-6093', 'KQ JKT SUNY 2D 1.2 (7A) 6093', 7, 0, 'MTR', 0, 0, 0, 0, 0, 'Y', NULL, NULL),
('201402705-5156', 'KQ JKT SUNY 2D 1.5 PUTIH (P) 05156', 7, 0, 'MTR', 0, 0, 0, 0, 0, 'Y', NULL, NULL),
('201402705-6093', 'KQ JKT SUNY 2D 1.5 (P) 6093', 7, 0, 'MTR', 0, 0, 0, 0, 0, 'Y', NULL, NULL),
('201402712-341', 'KQ JKT SUNY 2D 1.5 (12) 341', 7, 0, 'MTR', 0, 0, 0, 0, 0, 'Y', NULL, NULL),
('201402807A-TJ', 'KQ JKT SUNY 2D 1.6 (07A) TJ', 7, 0, 'MTR', 0, 0, 0, 0, 0, 'Y', NULL, NULL),
('201402905-STD', 'KQ JKT SUNY 2D 2.0 (P) STD', 7, 0, 'MTR', 0, 0, 0, 0, 0, 'Y', NULL, NULL),
('201402912-6169', 'KQ JKT SUNY 2D 2.0 (12) 6169', 7, 110, 'MTR', 0, 0, 0, 0, 0, 'Y', NULL, NULL),
('2014030-5027', 'KQ JKT SUNY 3D 0.6 (02) 5027', 7, 0, 'MTR', 0, 0, 0, 0, 0, 'Y', NULL, NULL),
('201403002-6004', 'KQ JKT SUNY 3D 0.6 (02) 6004', 7, 0, 'MTR', 0, 0, 0, 0, 0, 'Y', NULL, NULL),
('201403003-01232', 'KQ JKT SUNY 3D 0.6 (03) 01232', 7, 105, 'MTR', 0, 0, 0, 0, 0, 'Y', NULL, NULL),
('201403003-0374-78', 'KQ JKT SUNY 3D 0.6 (03) 0374 STD', 7, 0, 'MTR', 0, 0, 0, 0, 0, 'Y', NULL, NULL),
('201403003-5027', 'KQ JKT SUNY 3D 0.6 (03) 5027', 7, 0, 'MTR', 0, 0, 0, 0, 0, 'Y', NULL, NULL),
('201403003-6004', 'KQ JKT SUNY 3D 0.6 (03) 6004', 7, 0, 'MTR', 0, 0, 0, 0, 0, 'Y', NULL, NULL),
('201403003-9422', 'KQ JKT SUNY 3D 0.6 (03) 9422', 7, 0, 'MTR', 0, 0, 0, 0, 0, 'Y', NULL, NULL),
('201403012-01232', 'KQ JKT SUNY 3D 0.6 (12) 01232', 7, 0, 'MTR', 0, 0, 0, 0, 0, 'Y', NULL, NULL),
('2014030123B-01232', 'KQ JKT SUNY 3D 0.6 (123B) 01232', 7, 110, 'MTR', 0, 0, 0, 0, 0, 'Y', NULL, NULL),
('201403102-284', 'KQ JKT SUNY 3D 0.8 (02) 284', 7, 0, 'MTR', 0, 0, 0, 0, 0, 'Y', NULL, NULL),
('201403102-5027', 'KQ JKT SUNY 3D 0.8 (02) 5027', 7, 0, 'MTR', 0, 0, 0, 0, 0, 'Y', NULL, NULL),
('201403102-6004', 'KQ JKT SUNY 3D 0.8 (02) 6004', 7, 0, 'MTR', 0, 0, 0, 0, 0, 'Y', NULL, NULL),
('201403102-6169-78', 'KQ JKT SUNY 3D 0.8 (02) 6169 STD', 7, 0, 'MTR', 0, 0, 0, 0, 0, 'Y', NULL, NULL),
('201403102-9422', 'KQ JKT SUNY 3D 0.8 (02) 9422', 7, 0, 'MTR', 0, 0, 0, 0, 0, 'Y', NULL, NULL),
('201403103-04-80', 'KQ JKT SUNY 3D 0.8 (03) 04 CLASSIC 04', 7, 0, 'MTR', 0, 0, 0, 0, 0, 'Y', NULL, NULL),
('201403103-40050-78', 'KQ JKT SUNY 3D 0.8 (03) 40050 STD', 7, 0, 'MTR', 0, 0, 0, 0, 0, 'Y', NULL, NULL),
('201403103-5027', 'KQ JKT SUNY 3D 0.8 (03) 5027', 7, 0, 'MTR', 0, 0, 0, 0, 0, 'Y', NULL, NULL),
('201403103-6004', 'KQ JKT SUNY 3D 0.8 (03) 6004', 7, 0, 'MTR', 0, 0, 0, 0, 0, 'Y', NULL, NULL),
('201403103-9422', 'KQ JKT SUNY 3D 0.8 (03) 9422', 7, 0, 'MTR', 0, 0, 0, 0, 0, 'Y', NULL, NULL),
('201403112MB-520081', 'KQ JKT SUNY 3D 0.8 (12MBK) 520081', 7, 0, 'MTR', 0, 0, 0, 0, 0, 'Y', NULL, NULL),
('201403112MB-STD', 'KQ JKT SUNY 3D 0.8 (12MBK) STD', 7, 0, 'MTR', 0, 0, 0, 0, 0, 'Y', NULL, NULL),
('20140313BT-420093', 'KQ JKT SUNY 3D 0.8 (03BTK) 420093', 7, 0, 'MTR', 0, 0, 0, 0, 0, 'Y', NULL, NULL),
('201403203-STD', 'KQ JKT SUNY 3D 1.6 (03) STD', 7, 0, 'MTR', 0, 0, 0, 0, 0, 'Y', NULL, NULL),
('201403212-STD', 'KQ JKT SUNY 3D 1.6 (12) STD', 7, 0, 'MTR', 0, 0, 0, 0, 0, 'Y', NULL, NULL),
('20140322UE-STD', 'KQ JKT SUNY 3D 1.6 (2UE) STD', 7, 0, 'MTR', 0, 0, 0, 0, 0, 'Y', NULL, NULL),
('201403302-SN', 'KQ JKT SUNY 3D 1.8 (02) SN', 7, 0, 'MTR', 0, 0, 0, 0, 0, 'Y', NULL, NULL),
('201403302-TJ', 'KQ JKT SUNY 3D 1.8 (02) TJ', 7, 0, 'MTR', 0, 0, 0, 0, 0, 'Y', NULL, NULL),
('201403403-STD', 'KQ JKT SUNY BG 0.3 BIRU STD', 7, 0, 'MTR', 0, 0, 0, 0, 0, 'Y', NULL, NULL),
('201403512B-04087-78', 'KQ JKT LAUDRY 2D 0.3 (12B) 04087 STD', 7, 0, 'MTR', 0, 0, 0, 0, 0, 'Y', NULL, NULL),
('201403602-6209-78', 'KQ JKT LAUDRY 3D 1.0 (02) 6209 STD', 7, 0, 'MTR', 0, 0, 0, 0, 0, 'Y', NULL, NULL),
('201403700-297', 'KQ JKT SQ 0.3 297', 7, 1031, 'MTR', 0, 0, 0, 0, 0, 'Y', NULL, NULL),
('201403800-297', 'KQ JKT SQ 0.5 297', 7, 521, 'MTR', 0, 0, 0, 0, 0, 'Y', NULL, NULL),
('2014038B3-STD', 'KQ JKT SQ 0.5 (B3) STD', 7, 0, 'MTR', 0, 0, 0, 0, 0, 'Y', NULL, NULL),
('201403900-297', 'KQ JKT SQ 0.8 297', 7, 0, 'MTR', 0, 0, 0, 0, 0, 'Y', NULL, NULL),
('201404000-297', 'KQ JKT SQ 1.0 297', 7, 221, 'MTR', 0, 0, 0, 0, 0, 'Y', NULL, NULL),
('201404103-3181', 'KQ JKT MELROSE 3D 0.3 (03) 3181', 7, 0, 'MTR', 0, 0, 0, 0, 0, 'Y', NULL, NULL),
('201404103-3184-78', 'KQ JKT MELROSE 3D 0.3 (03) 3184 STD', 7, 0, 'MTR', 0, 0, 0, 0, 0, 'Y', NULL, NULL),
('201404112-3181', 'KQ JKT MELROSE 3D 0.3 (12) 3181', 7, 0, 'MTR', 0, 0, 0, 0, 0, 'Y', NULL, NULL),
('201408902-5027', 'KQ JKT SUNY 3D 0.7 (02) 5027', 7, 0, 'MTR', 0, 0, 0, 0, 0, 'Y', NULL, NULL),
('201408903-5027', 'KQ JKT SUNY 3D 0.7 (03) 5027', 7, 0, 'MTR', 0, 0, 0, 0, 0, 'Y', NULL, NULL),
('201409212R-210026', 'KQ JKT LILY 3D 1.0 (12MBE) 210026', 7, 0, 'MTR', 0, 0, 0, 0, 0, 'Y', NULL, NULL),
('201409223E-210026', 'KQ JKT LILY 3D 1.0 (02BTE) 210026', 7, 0, 'MTR', 0, 0, 0, 0, 0, 'Y', NULL, NULL),
('20140923BT-420062', 'KQ JKT LILY 3D 1.0 (03BTE) 420062', 7, 0, 'MTR', 0, 0, 0, 0, 0, 'Y', NULL, NULL),
('20140923BT-420152', 'KQ JKT LILY 3D 1.0 (03BTE) 420152', 7, 0, 'MTR', 0, 0, 0, 0, 0, 'Y', NULL, NULL),
('201409402-610081', 'KQ JKT LILY 3D RAIN 0.3 (02) 610081', 7, 0, 'MTR', 0, 0, 0, 0, 0, 'Y', NULL, NULL),
('201409403-510091', 'KQ JKT LILY RB 0.3 (03) 510091', 7, 0, 'MTR', 0, 0, 0, 0, 0, 'Y', NULL, NULL),
('201409403-610081', 'KQ JKT LILY 3D RAIN 0.3 (03) 610081', 7, 0, 'MTR', 0, 0, 0, 0, 0, 'Y', NULL, NULL),
('201409412-610081', 'KQ JKT LILY 3D RAIN 0.3 (12) 610081', 7, 0, 'MTR', 0, 0, 0, 0, 0, 'Y', NULL, NULL),
('201409412-910057', 'KQ JKT LILY 3D RAIN 0.3 (12) 910057', 7, 0, 'MTR', 0, 0, 0, 0, 0, 'Y', NULL, NULL),
('201410300-297', 'KQ JKT SQ 2.0 297', 7, 0, 'MTR', 0, 0, 0, 0, 0, 'Y', NULL, NULL),
('20150000-01136', 'KQ KNT VENUS 0.3 PUTIH 01136', 7, 61, 'MTR', 0, 0, 0, 0, 0, 'Y', NULL, NULL),
('201500003-06062-1E', 'KQ KNT ARIEL 3D 1.6 BIRU 06062-1E', 7, 0, 'MTR', 0, 0, 0, 0, 0, 'Y', NULL, NULL),
('201500005-0029', 'KQ KNT FORD 2D 1.2 (P) 0029', 7, 0, 'MTR', 0, 0, 0, 0, 0, 'Y', NULL, NULL),
('201504-4JK014.J8', 'KQ KNT ARIEL JK 1.5 BIRU 4JK014-J8', 7, 0, 'MTR', 0, 0, 0, 0, 0, 'Y', NULL, NULL),
('201504202-4JK014.J6', 'KQ KNT ARIEL JK 1.5 MERAH 4JK014-J6', 7, 0, 'MTR', 0, 0, 0, 0, 0, 'Y', NULL, NULL),
('201504378-1.5301-78', 'KQ KNT MONACO 3D 0.8 (078) 1.5301 STD', 7, 0, 'MTR', 0, 0, 0, 0, 0, 'Y', NULL, NULL),
('2015044145-1.5301-78', 'KQ KNT MONACO 3D 1.0 (145) 1.5301 STD', 7, 0, 'MTR', 0, 0, 0, 0, 0, 'Y', NULL, NULL),
('201504478-1.5301-78', 'KQ KNT MONACO 3D 1.0 (078) 1.5301 STD', 7, 0, 'MTR', 0, 0, 0, 0, 0, 'Y', NULL, NULL),
('201504578-1.5301-78', 'KQ KNT MONACO 3D 2.0 (078) 1.5301 STD', 7, 0, 'MTR', 0, 0, 0, 0, 0, 'Y', NULL, NULL),
('201504602-01411', 'KQ KNT AURA 3D 0.3 MERAH 01411', 7, 0, 'MTR', 0, 0, 0, 0, 0, 'Y', NULL, NULL),
('201504603-TM-STD', 'KQ KNT AURA 3D 0.3 BIRU TM/STD', 7, 0, 'MTR', 0, 0, 0, 0, 0, 'Y', NULL, NULL),
('201504605-25408', 'KQ KNT AURA 3D 0.3 PUTIH 25408', 7, 0, 'MTR', 0, 0, 0, 0, 0, 'Y', NULL, NULL),
('201504612-STD', 'KQ KNT AURA 3D 0.3 COKLAT STD', 7, 118, 'MTR', 0, 0, 0, 0, 0, 'Y', NULL, NULL),
('201504702-01411', 'KQ KNT AURA 3D 0.4 MERAH 01411', 7, 0, 'MTR', 0, 0, 0, 0, 0, 'Y', NULL, NULL),
('201504702-STD', 'KQ KNT AURA 3D 0.4 MERAH STD', 7, 0, 'MTR', 0, 0, 0, 0, 0, 'Y', NULL, NULL),
('201504703-01411', 'KQ KNT AURA 3D 0.4 BIRU 01411', 7, 0, 'MTR', 0, 0, 0, 0, 0, 'Y', NULL, NULL),
('201504705-STD', 'KQ KNT AURA 3D 0.4 PUTIH STD', 7, 0, 'MTR', 0, 0, 0, 0, 0, 'Y', NULL, NULL),
('201504802-0041', 'KQ KNT AURA 3D 0.5 MERAH 0041', 7, 0, 'MTR', 0, 0, 0, 0, 0, 'Y', NULL, NULL),
('201504803-0041', 'KQ KNT AURA 3D 0.5 BIRU 0041', 7, 0, 'MTR', 0, 0, 0, 0, 0, 'Y', NULL, NULL),
('201504803-01411', 'KQ KNT AURA 3D 0.5 BIRU 01411', 7, 0, 'MTR', 0, 0, 0, 0, 0, 'Y', NULL, NULL),
('201504812-07044', 'KQ KNT AURA 3D 0.5 COKLAT 07044', 7, 0, 'MTR', 0, 0, 0, 0, 0, 'Y', NULL, NULL),
('201504812-07104', 'KQ KNT AURA 3D 0.5 COKLAT 07104', 7, 0, 'MTR', 0, 0, 0, 0, 0, 'Y', NULL, NULL),
('201504903-STD', 'KQ KNT AURA 3D 0.7 BIRU STD', 7, 0, 'MTR', 0, 0, 0, 0, 0, 'Y', NULL, NULL),
('201504905-STD', 'KQ KNT AURA 3D 0.7 PUTIH STD', 7, 0, 'MTR', 0, 0, 0, 0, 0, 'Y', NULL, NULL),
('201505002-01411', 'KQ KNT AURA 3D 0.8 MERAH 01411', 7, 0, 'MTR', 0, 0, 0, 0, 0, 'Y', NULL, NULL),
('201505002-25408', 'KQ KNT AURA 3D 0.8 MERAH 25408', 7, 104, 'MTR', 0, 0, 0, 0, 0, 'Y', NULL, NULL),
('201505003-01411', 'KQ KNT AURA 3D 0.8 BIRU 01411', 7, 0, 'MTR', 0, 0, 0, 0, 0, 'Y', NULL, NULL),
('201505003-STD', 'KQ KNT AURA 3D 0.8 BIRU STD', 7, 0, 'MTR', 0, 0, 0, 0, 0, 'Y', NULL, NULL),
('201505005-25408', 'KQ KNT AURA 3D 0.8 PUTIH 25408', 7, 0, 'MTR', 0, 0, 0, 0, 0, 'Y', NULL, NULL),
('201505007-M0041', 'KQ KNT AURA 3D 0.8 CREAM M0041', 7, 0, 'MTR', 0, 0, 0, 0, 0, 'Y', NULL, NULL),
('201505012-06173', 'KQ KNT AURA 3D 0.8 COKLAT 06173', 7, 0, 'MTR', 0, 0, 0, 0, 0, 'Y', NULL, NULL),
('201505012-1416-81', 'KQ KNT AURA 3D 0.8 COKLAT 1416 TOLL 5', 7, 0, 'MTR', 0, 0, 0, 0, 0, 'Y', NULL, NULL),
('201505102-01673', 'KQ KNT AURA 3D 1.0 MERAH 01673', 7, 0, 'MTR', 0, 0, 0, 0, 0, 'Y', NULL, NULL),
('201505103-0041', 'KQ KNT AURA 3D 1.0 BIRU 0041', 7, 0, 'MTR', 0, 0, 0, 0, 0, 'Y', NULL, NULL),
('201505103-01673', 'KQ KNT AURA 3D 1.0 BIRU 01673', 7, 0, 'MTR', 0, 0, 0, 0, 0, 'Y', NULL, NULL),
('201505103-07104', 'KQ KNT AURA 3D 1.0 BIRU 07104', 7, 0, 'MTR', 0, 0, 0, 0, 0, 'Y', NULL, NULL),
('201505103-TM STD', 'KQ KNT AURA 3D 1.0 BIRU TM STD', 7, 0, 'MTR', 0, 0, 0, 0, 0, 'Y', NULL, NULL),
('201505105-25408', 'KQ KNT AURA 3D 1.0 PUTIH 25408', 7, 0, 'MTR', 0, 0, 0, 0, 0, 'Y', NULL, NULL),
('201505112-01584', 'KQ KNT AURA 3D 1.0 COKLAT 01584', 7, 0, 'MTR', 0, 0, 0, 0, 0, 'Y', NULL, NULL),
('201505112-TM STD', 'KQ KNT AURA 3D 1.0 COKLAT TM STD', 7, 0, 'MTR', 0, 0, 0, 0, 0, 'Y', NULL, NULL),
('201505202-01411', 'KQ KNT AURA 3D 1.2 MERAH 01411', 7, 0, 'MTR', 0, 0, 0, 0, 0, 'Y', NULL, NULL),
('201505202-STD', 'KQ KNT AURA 3D 1.2 MERAH STD', 7, 0, 'MTR', 0, 0, 0, 0, 0, 'Y', NULL, NULL),
('201505203-01411', 'KQ KNT AURA 3D 1.2 BIRU 01411', 7, 0, 'MTR', 0, 0, 0, 0, 0, 'Y', NULL, NULL),
('201505205-01101', 'KQ KNT AURA 3D 1.2 PUTIH 01101', 7, 0, 'MTR', 0, 0, 0, 0, 0, 'Y', NULL, NULL),
('201505205-25408', 'KQ KNT AURA 3D 1.2 PUTIH 25408', 7, 0, 'MTR', 0, 0, 0, 0, 0, 'Y', NULL, NULL);
INSERT INTO `barang` (`kode`, `nama`, `id_kategori`, `qty`, `satuan`, `harga`, `min_stok`, `max_stok`, `kubikasi`, `kg`, `aktif`, `created_at`, `updated_at`) VALUES
('201505207-15463', 'KQ KNT AURA 3D 1.2 CREAM 15463', 7, 0, 'MTR', 0, 0, 0, 0, 0, 'Y', NULL, NULL),
('201505212-01411', 'KQ KNT AURA 3D 1.2 COKLAT 01411', 7, 0, 'MTR', 0, 0, 0, 0, 0, 'Y', NULL, NULL),
('201505302-01101', 'KQ KNT AURA 3D 2.0 MERAH 01101', 7, 0, 'MTR', 0, 0, 0, 0, 0, 'Y', NULL, NULL),
('201505402-01101', 'KQ KNT AURA 2D 0.8 MERAH 01101', 7, 0, 'MTR', 0, 0, 0, 0, 0, 'Y', NULL, NULL),
('201505502-01411', 'KQ KNT AURA 3D 0.6 MERAH 01411', 7, 0, 'MTR', 0, 0, 0, 0, 0, 'Y', NULL, NULL),
('201505503-0747-78', 'KQ KNT AURA 3D 0.6 BIRU 0747', 7, 50, 'MTR', 0, 0, 0, 0, 0, 'Y', NULL, NULL),
('201505503-STD', 'KQ KNT AURA 3D 0.6 BIRU STD', 7, 0, 'MTR', 0, 0, 0, 0, 0, 'Y', NULL, NULL),
('201505505-25408', 'KQ KNT AURA 3D 0.6 PUTIH 25408', 7, 0, 'MTR', 0, 0, 0, 0, 0, 'Y', NULL, NULL),
('201505602-01411', 'KQ KNT AURA 3D 1.5 MERAH 01411', 7, 0, 'MTR', 0, 0, 0, 0, 0, 'Y', NULL, NULL),
('201505603-0041', 'KQ KNT AURA 3D 1.5 BIRU 0041', 7, 0, 'MTR', 0, 0, 0, 0, 0, 'Y', NULL, NULL),
('201505603-01411', 'KQ KNT AURA 3D 1.5 BIRU 01411', 7, 0, 'MTR', 0, 0, 0, 0, 0, 'Y', NULL, NULL),
('201505612-0041', 'KQ KNT AURA 3D 1.5 COKLAT 0041', 7, 0, 'MTR', 0, 0, 0, 0, 0, 'Y', NULL, NULL),
('201505702-STD', 'KQ KNT AURA 3D 1.6 MERAH STD', 7, 0, 'MTR', 0, 0, 0, 0, 0, 'Y', NULL, NULL),
('201505705-25408', 'KQ KNT MARS 3D 1.6 PUTIH 25408', 7, 0, 'MTR', 0, 0, 0, 0, 0, 'Y', NULL, NULL),
('201505803-01411', 'KQ KNT AURA 3D2.0 BIRU 01411', 7, 0, 'MTR', 0, 0, 0, 0, 0, 'Y', NULL, NULL),
('201505812-05412', 'KQ KNT AURA 3D2.0 COKLAT 05412', 7, 0, 'MTR', 0, 0, 0, 0, 0, 'Y', NULL, NULL),
('201505907-STD', 'KQ KNT MONACO 2D 0.5 CREAM STD', 7, 0, 'MTR', 0, 0, 0, 0, 0, 'Y', NULL, NULL),
('201505910-51013-140', 'KQ KNT MONACO 2D 0.5 HITAM 51013-140', 7, 0, 'MTR', 0, 0, 0, 0, 0, 'Y', NULL, NULL),
('201505910-STD', 'KQ KNT MONACO 2D 0.5 HITAM STD', 7, 40, 'MTR', 0, 0, 0, 0, 0, 'Y', NULL, NULL),
('201506028-1067', 'KQ KNT MONACO 2D 08 (028) 1067', 7, 0, 'MTR', 0, 0, 0, 0, 0, 'Y', NULL, NULL),
('201506110-STD', 'KQ KNT MONACO 2D 1.0 HITAM STD', 7, 0, 'MTR', 0, 0, 0, 0, 0, 'Y', NULL, NULL),
('201506212-STD', 'KQ KNT MONACO 2D 1.2 COKLAT STD', 7, 0, 'MTR', 0, 0, 0, 0, 0, 'Y', NULL, NULL),
('201506302-854.07', 'KQ KNT MONACO 2D 1.5 MAROON 854-070', 7, 0, 'MTR', 0, 0, 0, 0, 0, 'Y', NULL, NULL),
('201506310-STD', 'KQ KNT MONACO 2D 1.5 HITAM STD', 7, 58, 'MTR', 0, 0, 0, 0, 0, 'Y', NULL, NULL),
('201506312-854.023', 'KQ KNT MONACO 2D 1.5 COKLAT 854-023', 7, 0, 'MTR', 0, 0, 0, 0, 0, 'Y', NULL, NULL),
('201506702-904', 'KQ KNT VANES 0.4 MERAH 904', 7, 70, 'MTR', 0, 0, 0, 0, 0, 'Y', NULL, NULL),
('201506807-904', 'KQ KNT VANES 0.5 CREAM 904', 7, 0, 'MTR', 0, 0, 0, 0, 0, 'Y', NULL, NULL),
('201506905-1065', 'KQ KNT VANES 0.7 PUTIH 1065', 7, 0, 'MTR', 0, 0, 0, 0, 0, 'Y', NULL, NULL),
('201507006-STD', 'KQ KNT VANES 1.0 ABU - ABU STD', 7, 0, 'MTR', 0, 0, 0, 0, 0, 'Y', NULL, NULL),
('201507028-3177', 'KQ KNT VANES 1.0 (028) 31177', 7, 0, 'MTR', 0, 0, 0, 0, 0, 'Y', NULL, NULL),
('201507105-02147', 'KQ KNT VANES 1.2 PUTIH 02147', 7, 0, 'MTR', 0, 0, 0, 0, 0, 'Y', NULL, NULL),
('201507107-3.1102.028', 'KQ KNT VANES 1.2 CREAM 3.1102-028', 7, 0, 'MTR', 0, 0, 0, 0, 0, 'Y', NULL, NULL),
('201507112-866-023', 'KQ KNT VANES 1.2 COKLAT 866-023', 7, 0, 'MTR', 0, 0, 0, 0, 0, 'Y', NULL, NULL),
('201507207-STD', 'KQ KNT VANES 1.4 CREAM STD', 7, 0, 'MTR', 0, 0, 0, 0, 0, 'Y', NULL, NULL),
('201507302-STD', 'KQ KNT VANES 1.5 MERAH STD', 7, 0, 'MTR', 0, 0, 0, 0, 0, 'Y', NULL, NULL),
('201507306-911.027', 'KQ KNT VANES 1.5 ABU 911-027', 7, 0, 'MTR', 0, 0, 0, 0, 0, 'Y', NULL, NULL),
('201507312-855.023', 'KQ KNT VANES 1.5 COKLAT 855-023', 7, 0, 'MTR', 0, 0, 0, 0, 0, 'Y', NULL, NULL),
('201507328-31177', 'KQ KNT VANES 1.5 (028) 31177', 7, 0, 'MTR', 0, 0, 0, 0, 0, 'Y', NULL, NULL),
('201507412-855.023', 'KQ KNT VANES 1.8 COKLAT 855-023', 7, 0, 'MTR', 0, 0, 0, 0, 0, 'Y', NULL, NULL),
('2015075-31177', 'KQ KNT VANES 2.0 (028) 31177', 7, 0, 'MTR', 0, 0, 0, 0, 0, 'Y', NULL, NULL),
('201507504-1065', 'KQ KNT VANES 2.0 PINK 1065', 7, 31, 'MTR', 0, 0, 0, 0, 0, 'Y', NULL, NULL),
('2015076-STD', 'KQ KNT VENUS 0.4 PUTIH STD', 7, 0, 'MTR', 0, 0, 0, 0, 0, 'Y', NULL, NULL),
('2015077-01136', 'KQ KNT VENUS 0.8 PUTIH 01136', 7, 0, 'MTR', 0, 0, 0, 0, 0, 'Y', NULL, NULL),
('2015077-STD', 'KQ KNT VENUS 0.8 PUTIH STD', 7, 0, 'MTR', 0, 0, 0, 0, 0, 'Y', NULL, NULL),
('2015078-01136', 'KQ KNT VENUS 1.0 PUTIH 01136', 7, 0, 'MTR', 0, 0, 0, 0, 0, 'Y', NULL, NULL),
('2015079-01136', 'KQ KNT VENUS 1.2 PUTIH 01136', 7, 0, 'MTR', 0, 0, 0, 0, 0, 'Y', NULL, NULL),
('2015079-1134', 'KQ KNT VENUS 1.2 PUTIH 1134', 7, 0, 'MTR', 0, 0, 0, 0, 0, 'Y', NULL, NULL),
('2015080-01136', 'KQ KNT VENUS 1.6 PUTIH 01136', 7, 0, 'MTR', 0, 0, 0, 0, 0, 'Y', NULL, NULL),
('2015080-1136', 'KQ KNT VENUS 1.6 PUTIH 1136', 7, 0, 'MTR', 0, 0, 0, 0, 0, 'Y', NULL, NULL),
('2015081-01136', 'KQ KNT VENUS 2.0 PUTIH 01136', 7, 0, 'MTR', 0, 0, 0, 0, 0, 'Y', NULL, NULL),
('201508201-1.1001-36', 'KQ KNT VIESTA HIJAU 1.1001 FIESTA 2', 7, 0, 'MTR', 0, 0, 0, 0, 0, 'Y', NULL, NULL),
('201508312-0730', 'KQ KNT FORD 3D 0.3 COKLAT 0730', 7, 84, 'MTR', 0, 0, 0, 0, 0, 'Y', NULL, NULL),
('201508402-01315', 'KQ KNT FORD 3D 0.8 MERAH 01315', 7, 0, 'MTR', 0, 0, 0, 0, 0, 'Y', NULL, NULL),
('201508403-01315', 'KQ KNT FORD 3D 0.8 BIRU 01315', 7, 0, 'MTR', 0, 0, 0, 0, 0, 'Y', NULL, NULL),
('201508406-0478', 'KQ KNT FORD 3D 0.8 ABU 0478', 7, 0, 'MTR', 0, 0, 0, 0, 0, 'Y', NULL, NULL),
('201508412-0730', 'KQ KNT FORD 3D 0.8 COKLAT 0730', 7, 94, 'MTR', 0, 0, 0, 0, 0, 'Y', NULL, NULL),
('201508512-0730', 'KQ KNT FORD 3D 1.0 COKLAT 0730', 7, 0, 'MTR', 0, 0, 0, 0, 0, 'Y', NULL, NULL),
('201508612-0730', 'KQ KNT FORD 3D 1.2 COKLAT 0730', 7, 96, 'MTR', 0, 0, 0, 0, 0, 'Y', NULL, NULL),
('201508712-0730', 'KQ KNT FORD 3D 1.5 COKLAT 0730', 7, 0, 'MTR', 0, 0, 0, 0, 0, 'Y', NULL, NULL),
('201508712-0730-83', 'KQ KNT FORD 3D 1.5 COKLAT 0730 TOL', 7, 0, 'MTR', 0, 0, 0, 0, 0, 'Y', NULL, NULL),
('201508812-0730-83', 'KQ KNT FORD 3D 1.6 COKLAT 0730 TOL', 7, 0, 'MTR', 0, 0, 0, 0, 0, 'Y', NULL, NULL),
('201509000-01101', 'KQ KNT MARS 3D 1.0 01101', 7, 0, 'MTR', 0, 0, 0, 0, 0, 'Y', NULL, NULL),
('201509005-01411', 'KQ KNT MARS 3D 1.0 PUTIH 01411', 7, 0, 'MTR', 0, 0, 0, 0, 0, 'Y', NULL, NULL),
('20150903-06397-1E', 'KQ KNT ARIEL 3D 1.0 BIRU 06397-1E', 7, 0, 'MTR', 0, 0, 0, 0, 0, 'Y', NULL, NULL),
('201509105-25408', 'KQ KNT MARS 3D 0.8 PUTIH 25408', 7, 0, 'MTR', 0, 0, 0, 0, 0, 'Y', NULL, NULL),
('201509303-25408', 'KQ KNT MARS 3D 0.8 BIRU 25408', 7, 0, 'MTR', 0, 0, 0, 0, 0, 'Y', NULL, NULL),
('201509312-25408', 'KQ KNT MARS 3D 0.8 COKLAT 25408', 7, 50, 'MTR', 0, 0, 0, 0, 0, 'Y', NULL, NULL),
('2015095-4JK014.J7', 'KQ KNT ARIEL JK 0.8 COKLAT 4JK014-J7', 7, 95, 'MTR', 0, 0, 0, 0, 0, 'Y', NULL, NULL),
('2015095-4JK014.J8', 'KQ KNT ARIEL JK 0.8 BIRU 4JK014-J8', 7, 0, 'MTR', 0, 0, 0, 0, 0, 'Y', NULL, NULL),
('201509502-4JK014.J6.', 'KQ KNT ARIEL JK 0.8 MERAH 4JK014-J6', 7, 197, 'MTR', 0, 0, 0, 0, 0, 'Y', NULL, NULL),
('201509502-4JK049-J6', 'KQ KNT ARIEL JK 0.8 MERAH 4JK049-J6', 7, 0, 'MTR', 0, 0, 0, 0, 0, 'Y', NULL, NULL),
('201509602-6062-2E', 'KQ KNT ARIEL 3D 0.3 MERAH 6062-2E', 7, 0, 'MTR', 0, 0, 0, 0, 0, 'Y', NULL, NULL),
('201509603-6062-1E', 'KQ KNT ARIEL 3D 0.3 BIRU 6062-1E', 7, 0, 'MTR', 0, 0, 0, 0, 0, 'Y', NULL, NULL),
('201509612-6062-3E', 'KQ KNT ARIEL 3D 0.3 COKLAT 6062-3E', 7, 0, 'MTR', 0, 0, 0, 0, 0, 'Y', NULL, NULL),
('201509628-31177', 'KQ KNT VANES 0.8 (028) 31177', 7, 0, 'MTR', 0, 0, 0, 0, 0, 'Y', NULL, NULL),
('201509705-0029', 'KQ KNT FORD 2D 1.0 (P) 0029', 7, 0, 'MTR', 0, 0, 0, 0, 0, 'Y', NULL, NULL),
('201509802-4JK014.J6.', 'KQ KNT ARIEL JK 1.2 MERAH 4JK014-J6', 7, 0, 'MTR', 0, 0, 0, 0, 0, 'Y', NULL, NULL),
('201509803-4JK014-J8.', 'KQ KNT ARIEL JK 1.2 BIRU 4JK014-J8', 7, 0, 'MTR', 0, 0, 0, 0, 0, 'Y', NULL, NULL),
('201509812-4JK014.J7.', 'KQ KNT ARIEL JK 1.2 COKLAT 4JK014-J7', 7, 0, 'MTR', 0, 0, 0, 0, 0, 'Y', NULL, NULL),
('201509902-6062-2E', 'KQ KNT ARIEL 3D 0.8 MERAH 6062-2E', 7, 0, 'MTR', 0, 0, 0, 0, 0, 'Y', NULL, NULL),
('201509903-10824-1E', 'KQ KNT ARIEL 3D 0.8 BIRU 10824-1E', 7, 115, 'MTR', 0, 0, 0, 0, 0, 'Y', NULL, NULL),
('201509903-6062-IE', 'KQ KNT ARIEL 3D 0.8 BIRU 6062-IE', 7, 0, 'MTR', 0, 0, 0, 0, 0, 'Y', NULL, NULL),
('201509905-9JK148-J12', 'KQ KNT ARIEL 3D 0.8 PUTIH 9JK148-J12', 7, 0, 'MTR', 0, 0, 0, 0, 0, 'Y', NULL, NULL),
('201509912-06397', 'KQ KNT ARIEL 3D 0.8 COKLAT 06397-3E', 7, 0, 'MTR', 0, 0, 0, 0, 0, 'Y', NULL, NULL),
('201510005-01101', 'KQ KNT AURA 2D 1.0 PUTIH 01101', 7, 0, 'MTR', 0, 0, 0, 0, 0, 'Y', NULL, NULL),
('201510112-78', 'KQ KNT VANES 0.6 COKLAT STD', 7, 38, 'MTR', 0, 0, 0, 0, 0, 'Y', NULL, NULL),
('201510202-6062-2E', 'KQ KNT ARIEL 3D 1.5 MERAH 6062-2E', 7, 0, 'MTR', 0, 0, 0, 0, 0, 'Y', NULL, NULL),
('201510203-6062-1E', 'KQ KNT ARIEL 3D 1.5 BIRU 6062-1E', 7, 0, 'MTR', 0, 0, 0, 0, 0, 'Y', NULL, NULL),
('201510503-4JK014-J8', 'KQ KNT ARIEL JK 2.0 BIRU 4JK014-J8', 7, 88, 'MTR', 0, 0, 0, 0, 0, 'Y', NULL, NULL),
('201510512-4JK014-J', 'KQ KNT ARIEL JK 2.0 COKLAT 4JK014-J7', 7, 0, 'MTR', 0, 0, 0, 0, 0, 'Y', NULL, NULL),
('201510605-0029', 'KQ KNT FORD 2D 2.0 (P) 0029', 7, 0, 'MTR', 0, 0, 0, 0, 0, 'Y', NULL, NULL),
('201510705-0029', 'KQ KNT FORD 2D 0.5 (P) 0029', 7, 0, 'MTR', 0, 0, 0, 0, 0, 'Y', NULL, NULL),
('201510807-01372-1AA', 'KQ KNT ASTELA 3D 0.8 BIRU 01372-1AA', 7, 0, 'MTR', 0, 0, 0, 0, 0, 'Y', NULL, NULL),
('201510807-01372-26AA', 'KQ KNT ASTELA 3D 0.8 CREAM 01372-26AA', 7, 0, 'MTR', 0, 0, 0, 0, 0, 'Y', NULL, NULL),
('201510912-06397-3E', 'KQ KNT ARIEL 3D 1.0 COKLAT 06397-3E', 7, 0, 'MTR', 0, 0, 0, 0, 0, 'Y', NULL, NULL),
('201511003-10458-4FAR', 'KQ KNT AURA LV 0.8 BIRU 10458-4FAR', 7, 0, 'MTR', 0, 0, 0, 0, 0, 'Y', NULL, NULL),
('201511012-10454-4HJ', 'KQ KNT AURA LV 0.8 COKLAT 10454-4HJ', 7, 0, 'MTR', 0, 0, 0, 0, 0, 'Y', NULL, NULL),
('201511012-10458-HJ', 'KQ KNT AURA LV 0.8 COKLAT 10458-HJ', 7, 0, 'MTR', 0, 0, 0, 0, 0, 'Y', NULL, NULL),
('201511102-10458-4GDD', 'KQ KNT AURA LV 1.2 MERAH 10458-4GDD', 7, 0, 'MTR', 0, 0, 0, 0, 0, 'Y', NULL, NULL),
('201511103-10458-4FAR', 'KQ KNT AURA LV 1.2 BIRU 10458-4FAR', 7, 0, 'MTR', 0, 0, 0, 0, 0, 'Y', NULL, NULL),
('201511202-10458-4GDD', 'KQ KNT AURA LV 1.6 MERAH 10458-4GDD', 7, 50, 'MTR', 0, 0, 0, 0, 0, 'Y', NULL, NULL),
('201511212-10454-4HJ', 'KQ KNT AURA LV 1.6 COKLAT 10454-4HJ', 7, 0, 'MTR', 0, 0, 0, 0, 0, 'Y', NULL, NULL),
('201511305-0029', 'KQ KNT FORD 2D 0.3 (P) 0029', 7, 0, 'MTR', 0, 0, 0, 0, 0, 'Y', NULL, NULL),
('201511405-0029', 'KQ KNT FORD 2D 1.5 (P) 0029', 7, 0, 'MTR', 0, 0, 0, 0, 0, 'Y', NULL, NULL),
('201511502-10824-2E', 'KQ KNT ARIEL 3D 1.2 MERAH 10824-2E', 7, 0, 'MTR', 0, 0, 0, 0, 0, 'Y', NULL, NULL),
('201511503-10824-1E', 'KQ KNT ARIEL 3D 1.2 BIRU 10824-1E', 7, 0, 'MTR', 0, 0, 0, 0, 0, 'Y', NULL, NULL),
('201511512-01372-3AA', 'KQ KNT ARIEL 3D 1.2 COKLAT 01372-3AA', 7, 0, 'MTR', 0, 0, 0, 0, 0, 'Y', NULL, NULL),
('201511603-25408', 'KQ KNT AURA 1.2 BIRU 25408', 7, 0, 'MTR', 0, 0, 0, 0, 0, 'Y', NULL, NULL),
('201511702-4SK047-S61', 'KQ KNT ADELLE 3D 0.8 MERAH 4SK047-S61', 7, 0, 'MTR', 0, 0, 0, 0, 0, 'Y', NULL, NULL),
('201511703-4SK047-S63', 'KQ KNT ADELLE 3D 0.8 BIRU 4SK047-S63', 7, 0, 'MTR', 0, 0, 0, 0, 0, 'Y', NULL, NULL),
('201600000-25485-1', 'KQ PTC 0.3 25485 BARCELONA', 7, 0, 'MTR', 0, 0, 0, 0, 0, 'Y', NULL, NULL),
('201600000-25758-44', 'KQ PTC 0.3 25758 BARBIE 6B', 7, 0, 'MTR', 0, 0, 0, 0, 0, 'Y', NULL, NULL),
('201600000-28149-50', 'KQ PTC 0.3 28149 CHELSEA', 7, 0, 'MTR', 0, 0, 0, 0, 0, 'Y', NULL, NULL),
('201600001-1690-69', 'KQ PTC 0.3 POPEYE HIJAU 16290', 7, 0, 'MTR', 0, 0, 0, 0, 0, 'Y', NULL, NULL),
('201600002-17258-2', 'KQ PTC 0.3 MERAH 17258 MU', 7, 0, 'MTR', 0, 0, 0, 0, 0, 'Y', NULL, NULL),
('201600002-2273.1-1', 'KQ PTC 0.3 MERAH 2273/1 BARCA', 7, 0, 'MTR', 0, 0, 0, 0, 0, 'Y', NULL, NULL),
('201600002-7258-2', 'KQ PTC 0.3 MERAH 7258 MU', 7, 0, 'MTR', 0, 0, 0, 0, 0, 'Y', NULL, NULL),
('201600003-26552-64', 'KQ PTC 0.3 MASHA BIRU 26552 ', 7, 98, 'MTR', 0, 0, 0, 0, 0, 'Y', NULL, NULL),
('201600003-28872-14', 'KQ PTC 0.3 BIRU 28872 DORAEMON', 7, 0, 'MTR', 0, 0, 0, 0, 0, 'Y', NULL, NULL),
('201600003-32088-66', 'KQ PTC 0.3 NARUTO BIRU 32088', 7, 0, 'MTR', 0, 0, 0, 0, 0, 'Y', NULL, NULL),
('201600003-33961-24', 'KQ PTC 0.3 BIRU 33961 TAYO', 7, 0, 'MTR', 0, 0, 0, 0, 0, 'Y', NULL, NULL),
('201600003-34379-24', 'KQ PTC 0.3 TAYO BIRU 34379', 7, 0, 'MTR', 0, 0, 0, 0, 0, 'Y', NULL, NULL),
('201600003-D.15556-73', 'KQ PTC 0.3 BIRU D.15556 REAL MADRID', 7, 0, 'MTR', 0, 0, 0, 0, 0, 'Y', NULL, NULL),
('201600004-23007-53', 'KQ PTC 0.3 PINK 23007 DIAMOND CASTLE', 7, 0, 'MTR', 0, 0, 0, 0, 0, 'Y', NULL, NULL),
('201600004-28690-51', 'KQ PTC 0.3 PINK 28690 CUTE KITTY', 7, 0, 'MTR', 0, 0, 0, 0, 0, 'Y', NULL, NULL),
('201600004-29738-53', 'KQ PTC 0.3 PINK 29738 DIAMOND CASTLE', 7, 0, 'MTR', 0, 0, 0, 0, 0, 'Y', NULL, NULL),
('201600004-STD', 'KQ PTC 0.3 PINK STD', 7, 0, 'MTR', 0, 0, 0, 0, 0, 'Y', NULL, NULL),
('201600038-28690-41', 'KQ PTC 0.3 UNGU 28690 KITTY', 7, 96, 'MTR', 0, 0, 0, 0, 0, 'Y', NULL, NULL),
('201600100-25864', 'KQ PTC 0.3 BOLA 25864', 7, 0, 'MTR', 0, 0, 0, 0, 0, 'Y', NULL, NULL),
('201600103-23399', 'KQ PTC 0.3 BOLA BIRU 23399', 7, 100, 'MTR', 0, 0, 0, 0, 0, 'Y', NULL, NULL),
('201600203-31175', 'KQ PTC 0.3 BONEKA BIRU 31175', 7, 0, 'MTR', 0, 0, 0, 0, 0, 'Y', NULL, NULL),
('201600303-31175', 'KQ PTC 0.3 BUNGA BIRU 31175', 7, 97, 'MTR', 0, 0, 0, 0, 0, 'Y', NULL, NULL),
('201700002-STD', 'KQ PTC 0.5 MERAH STD', 7, 0, 'MTR', 0, 0, 0, 0, 0, 'Y', NULL, NULL),
('201800000-28872-14', 'KQ PTC 0.8 28872 DORAEMON', 7, 0, 'MTR', 0, 0, 0, 0, 0, 'Y', NULL, NULL),
('201800003-33961-24', 'KQ PTC 0.8 BIRU 33961 TAYO', 7, 0, 'MTR', 0, 0, 0, 0, 0, 'Y', NULL, NULL),
('201800003-STD', 'KQ PTC 0.8 BIRU STD', 7, 0, 'MTR', 0, 0, 0, 0, 0, 'Y', NULL, NULL),
('201800004-28690-51', 'KQ PTC 0.8 PINK 28690 CUTE KITTY', 7, 0, 'MTR', 0, 0, 0, 0, 0, 'Y', NULL, NULL),
('201900003-STD', 'KQ PTC 1.0 BIRU STD', 7, 100, 'MTR', 0, 0, 0, 0, 0, 'Y', NULL, NULL),
('202000002-STD', 'KQ PTC 1.2 MERAH STD', 7, 0, 'MTR', 0, 0, 0, 0, 0, 'Y', NULL, NULL),
('202000003-27539-63', 'KQ PTC BIRU 1.2 27539 MASHA', 7, 0, 'MTR', 0, 0, 0, 0, 0, 'Y', NULL, NULL),
('202000003-28872-14', 'KQ PTC 1.2 BIRU 28872 DORAEMON', 7, 0, 'MTR', 0, 0, 0, 0, 0, 'Y', NULL, NULL),
('202000003-STD', 'KQ PTC 1.2 BIRU STD', 7, 0, 'MTR', 0, 0, 0, 0, 0, 'Y', NULL, NULL),
('202000004-29738-53', 'KQ PTC 1.2 PINK 29738 DIAMOND CASTLE', 7, 0, 'MTR', 0, 0, 0, 0, 0, 'Y', NULL, NULL),
('202100002-STD', 'KQ PTC 1.5 MERAH STD', 7, 0, 'MTR', 0, 0, 0, 0, 0, 'Y', NULL, NULL),
('202100003-33961-24', 'KQ PTC 1.5 BIRU 33961 TAYO', 7, 0, 'MTR', 0, 0, 0, 0, 0, 'Y', NULL, NULL),
('202200000-28872-14', 'KQ PTC 1.6 28872 DORAEMON', 7, 0, 'MTR', 0, 0, 0, 0, 0, 'Y', NULL, NULL),
('202200003-STD', 'KQ PTC 1.6 BIRU STD', 7, 50, 'MTR', 0, 0, 0, 0, 0, 'Y', NULL, NULL),
('202300003-STD', 'KQ PTC 2.0 BIRU STD', 7, 18, 'MTR', 0, 0, 0, 0, 0, 'Y', NULL, NULL),
('202400012-SN', 'KQ JKT SDY SATEN 1.6 COKLAT SN', 7, 50, 'MTR', 0, 0, 0, 0, 0, 'Y', NULL, NULL),
('2100100000(01)', 'BUM BANTAL KATUN ALPHA', 11, 0, 'PCS', 0, 0, 0, 0, 0, 'Y', NULL, NULL),
('2100200100', 'BUM BENANG JAHIT LIST 20/3', 1, 399, 'KG', 0, 0, 0, 0, 0, 'Y', NULL, NULL),
('2100300200', 'BUM BENANG QUILTING ATAS', 1, 0, 'KG', 0, 0, 0, 0, 0, 'Y', NULL, NULL),
('2100300300', 'BUM BENANG QUILTING BAWAH', 1, 1654, 'KG', 0, 0, 0, 0, 0, 'Y', NULL, NULL),
('2100400400', 'BUM BENANG QUILTING NYLON 150/3', 1, 2975, 'KG', 0, 0, 0, 0, 0, 'Y', NULL, NULL),
('2100400500', 'BUM BENANG QUILTING NYLON 210/3', 1, 10785, 'KG', 0, 0, 0, 0, 0, 'Y', NULL, NULL),
('2100500000(01)', 'BUM GULING ALPHA', 11, 0, 'PCS', 0, 0, 0, 0, 0, 'Y', NULL, NULL),
('2100500000(02)', 'BUM GULING PROCELLA', 11, 0, 'PCS', 0, 0, 0, 0, 0, 'Y', NULL, NULL),
('2100600000', 'BUM KASUR', 1, 17, 'LBR', 0, 0, 0, 0, 0, 'Y', NULL, NULL),
('2100705000', 'BUM SARUNG KASUR 120X200 CM', 1, 0, 'LBR', 0, 0, 0, 0, 0, 'Y', NULL, NULL),
('2100705100', 'BUM SARUNG KASUR 140X200 CM', 1, 0, 'LBR', 0, 0, 0, 0, 0, 'Y', NULL, NULL),
('2100705200', 'BUM SARUNG KASUR 160X200 CM', 1, 0, 'LBR', 0, 0, 0, 0, 0, 'Y', NULL, NULL),
('2100705300', 'BUM SARUNG KASUR 70X200 CM', 1, 0, 'LBR', 0, 0, 0, 0, 0, 'Y', NULL, NULL),
('2100800624', 'BUM SARUNG TANGAN B4 ABU', 1, 154, 'LSN', 0, 0, 0, 0, 0, 'Y', NULL, NULL),
('2100800724', 'BUM SARUNG TANGAN B5 ABU', 1, 108, 'LSN', 0, 0, 0, 0, 0, 'Y', NULL, NULL),
('2100900000-W12D(03)', 'BUM SPREI 120 VALENTINE', 11, 0, 'PCS', 0, 0, 0, 0, 0, 'Y', NULL, NULL),
('2101000800(04)', 'GUN 1022 J ETONA', 11, 70, 'PCS', 0, 0, 0, 0, 0, 'Y', NULL, NULL),
('2101000900', 'GUN BOSTIK', 11, 0, 'PCS', 0, 0, 0, 0, 0, 'Y', NULL, NULL),
('2101001000', 'GUN C RING', 11, 0, 'PCS', 0, 0, 0, 0, 0, 'Y', NULL, NULL),
('2101001000(05)', 'GUN C RING CH', 11, 1, 'PCS', 0, 0, 0, 0, 0, 'Y', NULL, NULL),
('2101001100', 'GUN CL 73', 11, 1, 'PCS', 0, 0, 0, 0, 0, 'Y', NULL, NULL),
('2101001200(05)', 'GUN HR 22 CH', 11, 0, 'PCS', 0, 0, 0, 0, 0, 'Y', NULL, NULL),
('2101001300', 'GUN STAPLESS 13/8', 11, 27, 'PCS', 0, 0, 0, 0, 0, 'Y', NULL, NULL),
('2101003300', 'GUN 625', 11, 0, 'PCS', 0, 0, 0, 0, 0, 'Y', NULL, NULL),
('2101003700', 'GUN 422', 11, 0, 'PCS', 0, 0, 0, 0, 0, 'Y', NULL, NULL),
('2101101000', 'GUN TANG C-RING', 11, 0, 'PCS', 0, 0, 0, 0, 0, 'Y', NULL, NULL),
('2101101400', 'GUN TANG MCC', 11, 1, 'PCS', 0, 0, 0, 0, 0, 'Y', NULL, NULL),
('2101201500', 'MC CORNER MANUAL (MEJA+BOX MESIN)', 11, 1, 'PCS', 0, 0, 0, 0, 0, 'Y', NULL, NULL),
('2101301600', 'MC JAHIT SHIANGWANG WR 335.A', 11, 1, 'SET', 0, 0, 0, 0, 0, 'Y', NULL, NULL),
('2101401700', 'MC RAM MANUAL (SWITCH INJAKAN+SELENSER KAWAT)', 11, 2, 'PCS', 0, 0, 0, 0, 0, 'Y', NULL, NULL),
('2101501800', 'MC RAM OTOMATIS SX-200', 11, 0, 'PCS', 0, 0, 0, 0, 0, 'Y', NULL, NULL),
('2101601900', 'SPARE PART GUN 1022 J PISTON', 11, 11, 'PCS', 0, 0, 0, 0, 0, 'Y', NULL, NULL),
('2101605400', 'SPAREPART GUN 1022 J SPRING MAGAZINE', 11, 0, 'PCS', 0, 0, 0, 0, 0, 'Y', NULL, NULL),
('2101605500', 'SPAREPART GUN 1022 J GASKER', 11, 0, 'PCS', 0, 0, 0, 0, 0, 'Y', NULL, NULL),
('2101605600', 'SPAREPART GUN 1022 J O-RING', 11, 0, 'PCS', 0, 0, 0, 0, 0, 'Y', NULL, NULL),
('2101702000', 'SPARE PART GUN CL 73 ANVILL AF 01001', 11, 2, 'PCS', 0, 0, 0, 0, 0, 'Y', NULL, NULL),
('2101702100', 'SPARE PART GUN CL 73 NEGATOR', 11, 22, 'PCS', 0, 0, 0, 0, 0, 'Y', NULL, NULL),
('2101702200', 'SPARE PART GUN CL 73 VALVE PISTON', 11, 0, 'PCS', 0, 0, 0, 0, 0, 'Y', NULL, NULL),
('2101800000', 'SPARE PART GUN HR-22', 11, 1, 'PCS', 0, 0, 0, 0, 0, 'Y', NULL, NULL),
('2101900000', 'SPARE PART LIDAH GUN 1022', 11, 0, 'PCS', 0, 0, 0, 0, 0, 'Y', NULL, NULL),
('2102002300', 'SPARE PART MC CORNER BEARING+DUDUKAN', 11, 1, 'PCS', 0, 0, 0, 0, 0, 'Y', NULL, NULL),
('2102002406', 'SPARE PART MC CORNER CORONG LIST GOLD', 11, 44, 'PCS', 0, 0, 0, 0, 0, 'Y', NULL, NULL),
('2102002406-H45I', 'SPARE PART MC CORNER CORONG LIST GOLD 4.5 CM ', 11, 1, 'PCS', 0, 0, 0, 0, 0, 'Y', NULL, NULL),
('2102003100-L03M(08)', 'SPAREPART MC CORNER VAN BELT BANCOR @ 3 MTR', 11, 0, 'MTR', 0, 0, 0, 0, 0, 'Y', NULL, NULL),
('2102003200', 'SPARE PART MC CORNER SPUR GEAR', 11, 1, 'PCS', 0, 0, 0, 0, 0, 'Y', NULL, NULL),
('2102102500(06)', 'SPARE PART MC JAHIT SEKOCI SHIANGWANG', 11, 2, 'PCS', 0, 0, 0, 0, 0, 'Y', NULL, NULL),
('2102202600(07)', 'SPARE PART MC RAM KERUCUT RUMAH ATOM', 11, 0, 'PCS', 0, 0, 0, 0, 0, 'Y', NULL, NULL),
('2102203400', 'SPARE PART MC RAM SPREADER', 11, 0, 'PCS', 0, 0, 0, 0, 0, 'Y', NULL, NULL),
('2102302700', 'SPARE PART MC RAM MANUAL ATOM KANAN', 11, 15, 'PCS', 0, 0, 0, 0, 0, 'Y', NULL, NULL),
('2102302800', 'SPARE PART MC RAM MANUAL ATOM KIRI', 11, 2, 'PCS', 0, 0, 0, 0, 0, 'Y', NULL, NULL),
('2102302900', 'SPARE PART MC RAM MANUAL KERUCUT ATOM', 11, 3, 'PCS', 0, 0, 0, 0, 0, 'Y', NULL, NULL),
('2102403000', 'SPARE PART ROTARI YZHZ-A16-7', 11, 0, 'SET', 0, 0, 0, 0, 0, 'Y', NULL, NULL),
('2102500000-H04C', 'PISAU POTONG BUSA 4CM T 0.5', 11, 0, 'MTR', 0, 0, 0, 0, 0, 'Y', NULL, NULL),
('2102500000-H35I', 'PISAU POTONG BUSA 3.5CM T .05', 11, 0, 'MTR', 0, 0, 0, 0, 0, 'Y', NULL, NULL),
('2102600000-E25F(09)', 'BUBUK CALSIUM 1200 MESS @25 KG', 11, 0, 'KG', 0, 0, 0, 0, 0, 'Y', NULL, NULL),
('2102700000(06)', 'SPAREPART MESIN SHIANGWANG', 11, 0, 'PCS', 0, 0, 0, 0, 0, 'Y', NULL, NULL),
('2102803500', 'CORONG LIST MESIN JAHIT DUDUK', 11, 0, 'PCS', 0, 0, 0, 0, 0, 'Y', NULL, NULL),
('2102903600(10)', 'SPARE PART GUN BOSTIK A1025 PISTON', 11, 0, 'PCS', 0, 0, 0, 0, 0, 'Y', NULL, NULL),
('2103003800', 'SPARE PART GUN CL 73 O-RING AF 01032', 11, 0, 'PCS', 0, 0, 0, 0, 0, 'Y', NULL, NULL),
('2103003900', 'SPARE PART GUN CL 73 SPRING AFE 01022', 11, 0, 'PCS', 0, 0, 0, 0, 0, 'Y', NULL, NULL),
('2103004000', 'SPARE PART GUN CL 73 O-RING AF 01027', 11, 0, 'PCS', 0, 0, 0, 0, 0, 'Y', NULL, NULL),
('2103004100', 'SPARE PART GUN CL 73 SCROW AF 01035', 11, 0, 'PCS', 0, 0, 0, 0, 0, 'Y', NULL, NULL),
('2103004200', 'SPARE PART GUN CL 73 SPRING AF 01060', 11, 2, 'PCS', 0, 0, 0, 0, 0, 'Y', NULL, NULL),
('2103004300', 'SPARE PART GUN CL 73 SCROW AC 50071', 11, 0, 'PCS', 0, 0, 0, 0, 0, 'Y', NULL, NULL),
('2103004400', 'SPARE PART GUN CL 73 O-RING AF 01069', 11, 0, 'PCS', 0, 0, 0, 0, 0, 'Y', NULL, NULL),
('2103004500', 'SPARE PART GUN CL 73 O-RING AF 701070', 11, 0, 'PCS', 0, 0, 0, 0, 0, 'Y', NULL, NULL),
('2103104600-H04C', 'SPARE PART MC CORNER CORONG LIST STAINLESS 4 CM', 11, 0, 'PCS', 0, 0, 0, 0, 0, 'Y', NULL, NULL),
('2200100005', 'BUSA LAMINATING D.14 PUTIH 0.8 CM', 2, 0, 'LBR', 0, 0, 0, 0, 0, 'Y', NULL, NULL),
('2200200005', 'BUSA LAMINATING D.14 PUTIH 1.0 CM', 2, 0, 'LBR', 0, 0, 0, 0, 0, 'Y', NULL, NULL),
('2200301000', 'BUSA LATEX 200X100X10 CM', 2, 1, 'LBR', 0, 0, 0, 0, 0, 'Y', NULL, NULL),
('2200301200', 'BUSA LATEX 200X120X10 CM', 2, 0, 'LBR', 0, 0, 0, 0, 0, 'Y', NULL, NULL),
('2200301400', 'BUSA LATEX 200X160X10 CM', 2, 0, 'LBR', 0, 0, 0, 0, 0, 'Y', NULL, NULL),
('2200401000', 'BUSA LATEX 200X100X5 CM', 2, 0, 'LBR', 0, 0, 0, 0, 0, 'Y', NULL, NULL),
('2200401200', 'BUSA LATEX 200X120X5 CM', 2, 0, 'LBR', 0, 0, 0, 0, 0, 'Y', NULL, NULL),
('2200401400', 'BUSA LATEX 200X160X5 CM', 2, 0, 'LBR', 0, 0, 0, 0, 0, 'Y', NULL, NULL),
('2200401500', 'BUSA LATEX 200X180X5 CM', 2, 0, 'LBR', 0, 0, 0, 0, 0, 'Y', NULL, NULL),
('2200401600', 'BUSA LATEX 200X200X5 CM', 2, 0, 'LBR', 0, 0, 0, 0, 0, 'Y', NULL, NULL),
('2200501200', 'BUSA LATEX 200X120X1.5 CM', 2, 0, 'LBR', 0, 0, 0, 0, 0, 'Y', NULL, NULL),
('2200501400', 'BUSA LATEX 200X160X1.5 CM', 2, 31, 'LBR', 0, 0, 0, 0, 0, 'Y', NULL, NULL),
('2200501500', 'BUSA LATEX 200X180X1.5 CM', 2, 39, 'LBR', 0, 0, 0, 0, 0, 'Y', NULL, NULL),
('2200601000', 'BUSA LATEX 200X100X2.5 CM', 2, 0, 'MTR', 0, 0, 0, 0, 0, 'Y', NULL, NULL),
('2200601200', 'BUSA LATEX 200X120X2.5 CM', 2, 12, 'LBR', 0, 0, 0, 0, 0, 'Y', NULL, NULL),
('2200601400', 'BUSA LATEX 200X160X2.5 CM', 2, 27, 'LBR', 0, 0, 0, 0, 0, 'Y', NULL, NULL),
('2200601500', 'BUSA LATEX 200X180X2.5 CM', 2, 21, 'LBR', 0, 0, 0, 0, 0, 'Y', NULL, NULL),
('2200601600', 'BUSA LATEX 200X200X2.5 CM', 2, 20, 'LBR', 0, 0, 0, 0, 0, 'Y', NULL, NULL),
('2200701405', 'BUSA LBR D.10 PUTIH 200X160X3 CM', 2, 57, 'LBR', 0, 0, 0, 0, 0, 'Y', NULL, NULL),
('2200801205', 'BUSA LBR D.12 PUTIH 200X120X3 CM', 2, 0, 'LBR', 0, 0, 0, 0, 0, 'Y', NULL, NULL),
('2200801405', 'BUSA LBR D.12 PUTIH 200X160X3 CM', 2, 0, 'LBR', 0, 0, 0, 0, 0, 'Y', NULL, NULL),
('2200801505', 'BUSA LBR D.12 PUTIH 200X180X3 CM', 2, 0, 'LBR', 0, 0, 0, 0, 0, 'Y', NULL, NULL),
('2200901005', 'BUSA LBR D.12 PUTIH 200X100X5 CM', 2, 0, 'LBR', 0, 0, 0, 0, 0, 'Y', NULL, NULL),
('2200901405', 'BUSA LBR D.12 PUTIH 200X160X5 CM', 2, 0, 'LBR', 0, 0, 0, 0, 0, 'Y', NULL, NULL),
('2201001218', 'BUSA LBR D.14 KUNING 200X120X3 CM', 2, 0, 'LBR', 0, 0, 0, 0, 0, 'Y', NULL, NULL),
('2201101005', 'BUSA LBR D.14 PUTIH 200X100X3 CM', 2, 0, 'LBR', 0, 0, 0, 0, 0, 'Y', NULL, NULL),
('2201101305', 'BUSA LBR D.14 PUTIH 200X140X3 CM', 2, 0, 'LBR', 0, 0, 0, 0, 0, 'Y', NULL, NULL),
('2201101405', 'BUSA LBR D.14 PUTIH 200X160X3 CM', 2, 26, 'LBR', 0, 0, 0, 0, 0, 'Y', NULL, NULL),
('2201101418', 'BUSA LBR D.14 KUNING 200X160X3 CM', 2, 0, 'LBR', 0, 0, 0, 0, 0, 'Y', NULL, NULL),
('2201101505', 'BUSA LBR D.14 PUTIH 200X180X3 CM', 2, 11, 'LBR', 0, 0, 0, 0, 0, 'Y', NULL, NULL),
('2201201005', 'BUSA LBR D.14 PUTIH 200X100X2 CM', 2, 1, 'LBR', 0, 0, 0, 0, 0, 'Y', NULL, NULL),
('2201301205', 'BUSA LBR D.14 PUTIH 200X120X13.5 CM', 2, 0, 'LBR', 0, 0, 0, 0, 0, 'Y', NULL, NULL),
('2201301605', 'BUSA LBR D.14 PUTIH 200X200X13.5 CM', 2, 0, 'LBR', 0, 0, 0, 0, 0, 'Y', NULL, NULL),
('2201401405', 'BUSA LBR D.14 PUTIH 200X160X2 CM', 2, 0, 'LBR', 0, 0, 0, 0, 0, 'Y', NULL, NULL),
('2201401505', 'BUSA LBR D.14 PUTIH 200X180X2 CM', 2, 0, 'LBR', 0, 0, 0, 0, 0, 'Y', NULL, NULL),
('2201501505', 'BUSA LBR D.14 PUTIH 200X180X10 CM', 2, 0, 'LBR', 0, 0, 0, 0, 0, 'Y', NULL, NULL),
('2201600518', 'BUSA LBR D.18 KUNING 140X70X10 CM', 2, 0, 'LBR', 0, 0, 0, 0, 0, 'Y', NULL, NULL),
('2201601218', 'BUSA LBR D.18 KUNING 200X120X10 CM', 2, 0, 'LBR', 0, 0, 0, 0, 0, 'Y', NULL, NULL),
('2201701218', 'BUSA LBR D.18 KUNING 200X120X20 CM', 2, 0, 'LBR', 0, 0, 0, 0, 0, 'Y', NULL, NULL),
('2201701418', 'BUSA LBR D.18 KUNING 200X160X20 CM', 2, 0, 'LBR', 0, 0, 0, 0, 0, 'Y', NULL, NULL),
('2201701505', 'BUSA LBR D.18 PUTIH 200X180X20 CM', 2, 0, 'LBR', 0, 0, 0, 0, 0, 'Y', NULL, NULL),
('2201701518', 'BUSA LBR D.18 KUNING 200X180X20 CM', 2, 0, 'LBR', 0, 0, 0, 0, 0, 'Y', NULL, NULL),
('2201701718', 'BUSA LBR D.18 KUNING 200X90X20 CM', 2, 0, 'LBR', 0, 0, 0, 0, 0, 'Y', NULL, NULL),
('2201801005', 'BUSA LBR D.18 PUTIH 200X100X15 CM', 2, 0, 'LBR', 0, 0, 0, 0, 0, 'Y', NULL, NULL),
('2201801305', 'BUSA LBR D.18 PUTIH 200X140X15 CM', 2, 0, 'LBR', 0, 0, 0, 0, 0, 'Y', NULL, NULL),
('2201801418', 'BUSA LBR D.18 KUNING 200X160X15 CM', 2, 0, 'LBR', 0, 0, 0, 0, 0, 'Y', NULL, NULL),
('2201801505', 'BUSA LBR D.18 PUTIH 200X180X15 CM', 2, 0, 'LBR', 0, 0, 0, 0, 0, 'Y', NULL, NULL),
('2201801518', 'BUSA LBR D.18 KUNING 200X180X15 CM', 2, 0, 'LBR', 0, 0, 0, 0, 0, 'Y', NULL, NULL),
('2201901418', 'BUSA LBR D.18 KUNING 200X160X2 CM', 2, 0, 'LBR', 0, 0, 0, 0, 0, 'Y', NULL, NULL),
('2201901518', 'BUSA LBR D.18 KUNING 200X180X2 CM', 2, 0, 'LBR', 0, 0, 0, 0, 0, 'Y', NULL, NULL),
('2202001518', 'BUSA LBR D.18 KUNING 200X180X3 CM', 2, 0, 'LBR', 0, 0, 0, 0, 0, 'Y', NULL, NULL),
('2202101018', 'BUSA LBR D.30 KUNING 200X100X3 CM', 2, 0, 'LBR', 0, 0, 0, 0, 0, 'Y', NULL, NULL),
('2202200000', 'BUSA PINJAMAN', 2, 0, 'LBR', 0, 0, 0, 0, 0, 'Y', NULL, NULL),
('2202300400', 'BUSA REBONDED D.50 100X50X3 CM', 2, 0, 'LBR', 0, 0, 0, 0, 0, 'Y', NULL, NULL),
('2202400400', 'BUSA REBONDED D.50 100X50X4 CM', 2, 0, 'LBR', 0, 0, 0, 0, 0, 'Y', NULL, NULL),
('2202500400', 'BUSA REBONDED D.50 100X50X5 CM', 2, 0, 'LBR', 0, 0, 0, 0, 0, 'Y', NULL, NULL),
('2202501500', 'BUSA REBONDED D.50 200X180X5 CM', 2, 0, 'MTR', 0, 0, 0, 0, 0, 'Y', NULL, NULL),
('2202600400', 'BUSA REBONDED D.50 100X50X6 CM', 2, 0, 'LBR', 0, 0, 0, 0, 0, 'Y', NULL, NULL),
('2202700700', 'BUSA REBONDED D.50 180X100X1.5 CM', 2, 1, 'LBR', 0, 0, 0, 0, 0, 'Y', NULL, NULL),
('2202800700', 'BUSA REBONDED D.50 180X100X2 CM', 2, 0, 'LBR', 0, 0, 0, 0, 0, 'Y', NULL, NULL),
('2202801200', 'BUSA REBONDED D.50 200X120X2 CM', 2, 0, 'LBR', 0, 0, 0, 0, 0, 'Y', NULL, NULL),
('2202801400', 'BUSA REBONDED D.50 200X160X2 CM', 2, 0, 'LBR', 0, 0, 0, 0, 0, 'Y', NULL, NULL),
('2202801500', 'BUSA REBONDED D.50 200X180X2 CM', 2, 0, 'LBR', 0, 0, 0, 0, 0, 'Y', NULL, NULL),
('2202901000', 'BUSA REBONDED D.50 200X100X10', 2, 0, 'MTR', 0, 0, 0, 0, 0, 'Y', NULL, NULL),
('2202901200', 'BUSA REBONDED D.50 200X120X10 CM', 2, 1, 'LBR', 0, 0, 0, 0, 0, 'Y', NULL, NULL),
('2203001400', 'BUSA REBONDED D.50 200X160X2.5 CM', 2, 0, 'LBR', 0, 0, 0, 0, 0, 'Y', NULL, NULL),
('2203001500', 'BUSA REBONDED D.50 200X180X2.5 CM', 2, 0, 'LBR', 0, 0, 0, 0, 0, 'Y', NULL, NULL),
('2203101400', 'BUSA REBONDED D.60 200X160X2 CM', 2, 0, 'LBR', 0, 0, 0, 0, 0, 'Y', NULL, NULL),
('2203201200', 'BUSA REBONDED D.90 200X120X5 CM', 2, 0, 'LBR', 0, 0, 0, 0, 0, 'Y', NULL, NULL),
('2203300205', 'BUSA ROLL D.10 PUTIH 0.3X206 CM', 2, 700, 'MTR', 0, 0, 0, 0, 0, 'Y', NULL, NULL),
('2203302000', 'BUSA ROLL D.10 PUTIH 0.3X210 CM', 2, 0, 'MTR', 0, 0, 0, 0, 0, 'Y', NULL, NULL),
('2203400205', 'BUSA ROLL D.10 PUTIH 0.4X206 CM', 2, 139, 'MTR', 0, 0, 0, 0, 0, 'Y', NULL, NULL),
('2203500205', 'BUSA ROLL D.10 PUTIH 0.5X206 CM', 2, 0, 'MTR', 0, 0, 0, 0, 0, 'Y', NULL, NULL),
('2203502005', 'BUSA ROLL D.10 PUTIH 0.5X210 CM', 2, 0, 'MTR', 0, 0, 0, 0, 0, 'Y', NULL, NULL),
('2203600205', 'BUSA ROLL D.10 PUTIH 0.6X206 CM', 2, 0, 'MTR', 0, 0, 0, 0, 0, 'Y', NULL, NULL),
('2203700205', 'BUSA ROLL D.10 PUTIH 0.8X206 CM', 2, 0, 'MTR', 0, 0, 0, 0, 0, 'Y', NULL, NULL),
('2203702005', 'BUSA ROLL D.10 PUTIH 0.8X210 CM', 2, 0, 'MTR', 0, 0, 0, 0, 0, 'Y', NULL, NULL),
('2203800205', 'BUSA ROLL D.10 PUTIH 1.0X206 CM', 2, 19, 'MTR', 0, 0, 0, 0, 0, 'Y', NULL, NULL),
('2203802005', 'BUSA ROLL D.10 PUTIH 1.0X210 CM', 2, 0, 'MTR', 0, 0, 0, 0, 0, 'Y', NULL, NULL),
('2203900204', 'BUSA ROLL D.12 PINK 0.4X206 CM', 2, 0, 'MTR', 0, 0, 0, 0, 0, 'Y', NULL, NULL),
('2203900205', 'BUSA ROLL D.12 PUTIH 0.4X206 CM', 2, 1444, 'MTR', 0, 0, 0, 0, 0, 'Y', NULL, NULL),
('2204000205', 'BUSA ROLL D.12 PUTIH 0.3X206 CM', 2, 14628, 'MTR', 0, 0, 0, 0, 0, 'Y', NULL, NULL),
('2204100205', 'BUSA ROLL D.12 PUTIH 0.5X206 CM', 2, 1322, 'MTR', 0, 0, 0, 0, 0, 'Y', NULL, NULL),
('2204200205', 'BUSA ROLL D.12 PUTIH 0.6X206 CM', 2, 100, 'MTR', 0, 0, 0, 0, 0, 'Y', NULL, NULL),
('2204300205', 'BUSA ROLL D.12 PUTIH 0.8X206 CM', 2, 4460, 'MTR', 0, 0, 0, 0, 0, 'Y', NULL, NULL),
('2204400205', 'BUSA ROLL D.12 PUTIH 1.0X206 CM', 2, 1400, 'MTR', 0, 0, 0, 0, 0, 'Y', NULL, NULL),
('2204500105', 'BUSA ROLL D.14 PUTIH 0.3X148 CM', 2, 0, 'MTR', 0, 0, 0, 0, 0, 'Y', NULL, NULL),
('2204600105', 'BUSA ROLL D.14 PUTIH 0.4X148 CM', 2, 0, 'MTR', 0, 0, 0, 0, 0, 'Y', NULL, NULL),
('2204700105', 'BUSA ROLL D.14 PUTIH 1.0X148 CM', 2, 0, 'MTR', 0, 0, 0, 0, 0, 'Y', NULL, NULL),
('2204800205', 'BUSA ROLL D.16 PUTIH 1.0X206 CM', 2, 0, 'MTR', 0, 0, 0, 0, 0, 'Y', NULL, NULL),
('2204900205', 'BUSA ROLL D.18 PUTIH 1.0 X 206 CM', 2, 0, 'MTR', 0, 0, 0, 0, 0, 'Y', NULL, NULL),
('2205000000', 'BUSA TITIPAN', 2, 0, 'LBR', 0, 0, 0, 0, 0, 'Y', NULL, NULL),
('2205101110(19)', 'BUSA LBR D.22 HITAM 200X110X2 CM (019)', 2, 2, 'LBR', 0, 0, 0, 0, 0, 'Y', NULL, NULL),
('2205201110(19)', 'BUSA LBR D.22 HITAM 200X110X5 CM (019)', 2, 3, 'LBR', 0, 0, 0, 0, 0, 'Y', NULL, NULL),
('2205301110(19)', 'BUSA LBR D.22 HITAM 200X110X7 CM (019)', 2, 3, 'LBR', 0, 0, 0, 0, 0, 'Y', NULL, NULL),
('2205401300', 'BUSA REBONDED D.50 200X140X15 CM', 2, 0, 'LBR', 0, 0, 0, 0, 0, 'Y', NULL, NULL),
('2205401400', 'BUSA REBONDED D.50 200X160X15 CM', 2, 0, 'MTR', 0, 0, 0, 0, 0, 'Y', NULL, NULL),
('2205501500', 'BUSA LATEX 200X180X20 CM', 2, 0, 'LBR', 0, 0, 0, 0, 0, 'Y', NULL, NULL),
('2205501600', 'BUSA LATEX 200X200X20 CM', 2, 0, 'LBR', 0, 0, 0, 0, 0, 'Y', NULL, NULL),
('2205600800', 'BUSA REBONDED D.70 190X120X10 CM', 2, 0, 'LBR', 0, 0, 0, 0, 0, 'Y', NULL, NULL),
('2205600900', 'BUSA REBONDED D.70 199X156X10 CM', 2, 0, 'LBR', 0, 0, 0, 0, 0, 'Y', NULL, NULL),
('2205601500', 'BUSA REBONDED D.70 200X180X10 CM', 2, 0, 'MTR', 0, 0, 0, 0, 0, 'Y', NULL, NULL),
('2205701000', 'BUSA REBONDED D.70 200X100X20 CM', 2, 0, 'LBR', 0, 0, 0, 0, 0, 'Y', NULL, NULL),
('2205701600', 'BUSA REBONDED D.70 200X200X20 CM', 2, 0, 'LBR', 0, 0, 0, 0, 0, 'Y', NULL, NULL),
('2205801400', 'BUSA REBONDED D.100 200X160X10 CM', 2, 0, 'LBR', 0, 0, 0, 0, 0, 'Y', NULL, NULL),
('2205900300', 'BUSA REBONDED D.70 100X100X2 CM', 2, 0, 'MTR', 0, 0, 0, 0, 0, 'Y', NULL, NULL),
('2206000600', 'BUSA REBONDED D.70 145X172X11 CM', 2, 0, 'LBR', 0, 0, 0, 0, 0, 'Y', NULL, NULL),
('2206101000', 'BUSA REBONDED D.70 200X100X1.8 CM', 2, 0, 'LBR', 0, 0, 0, 0, 0, 'Y', NULL, NULL),
('2206201400', 'BUSA LATEX 200X160X1 CM', 2, 0, 'LBR', 0, 0, 0, 0, 0, 'Y', NULL, NULL),
('2206301600', 'BUSA REBONDED D.50 200X200X20 CM', 2, 0, 'LBR', 0, 0, 0, 0, 0, 'Y', NULL, NULL),
('2206401500', 'BUSA REBONDED D.70 200X180X5 CM', 2, 0, 'LBR', 0, 0, 0, 0, 0, 'Y', NULL, NULL),
('2206401700', 'BUSA REBONDED D.70 200X90X5 CM', 2, 0, 'LBR', 0, 0, 0, 0, 0, 'Y', NULL, NULL),
('2206501500', 'BUSA LATEX 200X120X25 CM', 2, 0, 'LBR', 0, 0, 0, 0, 0, 'Y', NULL, NULL),
('2206601500', 'BUSA LBR D12 PUTIH 200 X 180 X 10 CM', 2, 0, 'LBR', 0, 0, 0, 0, 0, 'Y', NULL, NULL),
('2206701800', 'BUSA REBONDED D.70 60X60X7 CM', 2, 0, 'LBR', 0, 0, 0, 0, 0, 'Y', NULL, NULL),
('2206800400', 'BUSA REBONDED D.70 100X50X3 CM', 2, 0, 'MTR', 0, 0, 0, 0, 0, 'Y', NULL, NULL),
('2206900400', 'BUSA REBONDED D.70 100X50X4 CM', 2, 0, 'MTR', 0, 0, 0, 0, 0, 'Y', NULL, NULL),
('2207000400', 'BUSA REBONDED D.70 100X50X1 CM', 2, 0, 'MTR', 0, 0, 0, 0, 0, 'Y', NULL, NULL),
('2207101800', 'BUSA REBONDED D.50 60X60X7 CM', 2, 0, 'MTR', 0, 0, 0, 0, 0, 'Y', NULL, NULL),
('2207200000', 'BUSA BS', 2, 222, 'MTR', 0, 0, 0, 0, 0, 'Y', NULL, NULL),
('2207301000', 'BUSA REBONDED D.90 200X100X15 CM', 2, 0, 'LBR', 0, 0, 0, 0, 0, 'Y', NULL, NULL),
('2207301200', 'BUSA REBONDED D.90 200X120X15 CM', 2, 0, 'LBR', 0, 0, 0, 0, 0, 'Y', NULL, NULL),
('2207301400', 'BUSA REBONDED D.90 200X160X15 CM', 2, 0, 'LBR', 0, 0, 0, 0, 0, 'Y', NULL, NULL),
('2207301500', 'BUSA REBONDED D.90 200X180X15 CM', 2, 0, 'MTR', 0, 0, 0, 0, 0, 'Y', NULL, NULL),
('2207401000', 'BUSA REBONDED D.90 200X100X20 CM', 2, 0, 'MTR', 0, 0, 0, 0, 0, 'Y', NULL, NULL),
('2207401200', 'BUSA REBONDED D.90 200X120X20 CM', 2, 0, 'LBR', 0, 0, 0, 0, 0, 'Y', NULL, NULL),
('2207401400', 'BUSA REBONDED D.90 200X160X20 CM', 2, 0, 'MTR', 0, 0, 0, 0, 0, 'Y', NULL, NULL),
('2207401500', 'BUSA REBONDED D.90 200X180X20 CM', 2, 0, 'MTR', 0, 0, 0, 0, 0, 'Y', NULL, NULL),
('2207501205', 'BUSA LBR D.12 PUTIH 200X120X2 CM', 2, 0, 'LBR', 0, 0, 0, 0, 0, 'Y', NULL, NULL),
('2207501405', 'BUSA LBR D.12 PUTIH 200X160X2 CM', 2, 0, 'LBR', 0, 0, 0, 0, 0, 'Y', NULL, NULL),
('2207501418', 'BUSA LBR D.12 KUNING 200X160X2 CM', 2, 0, 'LBR', 0, 0, 0, 0, 0, 'Y', NULL, NULL),
('2207501505', 'BUSA LBR D.12 PUTIH 200X180X2 CM', 2, 0, 'LBR', 0, 0, 0, 0, 0, 'Y', NULL, NULL),
('2207602000', 'BUSA ROLL D.8 PUTIH 0.3X210 CM', 2, 0, 'MTR', 0, 0, 0, 0, 0, 'Y', NULL, NULL),
('2207702005', 'BUSA ROLL D.10 PUTIH 0.7X210 CM', 2, 0, 'MTR', 0, 0, 0, 0, 0, 'Y', NULL, NULL),
('2207802005', 'BUSA ROLL D.10 PUTIH 1.5X210 CM', 2, 0, 'MTR', 0, 0, 0, 0, 0, 'Y', NULL, NULL),
('2207902005', 'BUSA ROLL D.10 PUTIH 2.0X210 CM', 2, 0, 'MTR', 0, 0, 0, 0, 0, 'Y', NULL, NULL),
('230106', ' KAIN SOFA AMSTRONG ABU', 5, 264, 'MTR', 0, 0, 0, 0, 0, 'Y', NULL, NULL),
('230110', ' KAIN SOFA AMSTRONG HITAM', 5, 0, 'MTR', 0, 0, 0, 0, 0, 'Y', NULL, NULL),
('230111', ' KAIN SOFA AMSTRONG COKLAT MUDA', 5, 0, 'MTR', 0, 0, 0, 0, 0, 'Y', NULL, NULL),
('230112', ' KAIN SOFA AMSTRONG COKLAT TUA', 5, 124, 'MTR', 0, 0, 0, 0, 0, 'Y', NULL, NULL),
('230201-562', 'KAIN IMITASI HD HIJAU 562', 6, 120, 'MTR', 0, 0, 0, 0, 0, 'Y', NULL, NULL),
('230212-3820', 'KAIN IMITASI HD COKLAT TUA 3820', 6, 0, 'MTR', 0, 0, 0, 0, 0, 'Y', NULL, NULL),
('230236-307', 'KAIN IMITASI HD MOCHA 307', 6, 0, 'MTR', 0, 0, 0, 0, 0, 'Y', NULL, NULL),
('230312', 'KAIN IMITASI MASSA COKLAT', 6, 0, 'MTR', 0, 0, 0, 0, 0, 'Y', NULL, NULL),
('230405-5121', 'KAIN IMITASI OWEN PUTIH 5121', 6, 1980, 'MTR', 0, 0, 0, 0, 0, 'Y', NULL, NULL),
('230407-3037', 'KAIN IMITASI OWEN CREAM 3037', 6, 5515, 'MTR', 0, 0, 0, 0, 0, 'Y', NULL, NULL),
('230410-7210', 'KAIN IMITASI OWEN HITAM 7210', 6, 9433, 'MTR', 0, 0, 0, 0, 0, 'Y', NULL, NULL),
('230411-3912', 'KAIN IMITASI OWEN COKLAT MUDA 3912', 6, 4263, 'MTR', 0, 0, 0, 0, 0, 'Y', NULL, NULL),
('230412-3244', 'KAIN IMITASI OWEN COKLAT TUA 3244', 6, 17963, 'MTR', 0, 0, 0, 0, 0, 'Y', NULL, NULL),
('230412-3844', 'KAIN IMITASI OWEN COKLAT TUA 3844', 6, 3855, 'MTR', 0, 0, 0, 0, 0, 'Y', NULL, NULL),
('230417-2239', 'KAIN IMITASI OWEN BIRU BENHUR 2139', 6, 1673, 'MTR', 0, 0, 0, 0, 0, 'Y', NULL, NULL),
('23042C-2336', 'KAIN IMITASI OWEN MERAH CABE 1336', 6, 7419, 'MTR', 0, 0, 0, 0, 0, 'Y', NULL, NULL),
('230437-1110', 'KAIN IMITASI OWEN MERAH MAROON 1110', 6, 11067, 'MTR', 0, 0, 0, 0, 0, 'Y', NULL, NULL),
('230510-6089', 'KAIN IMITASI DAVE HITAM 6089', 6, 1447, 'MTR', 0, 0, 0, 0, 0, 'Y', NULL, NULL),
('2400100000(65)', 'JASA KAWAT CORNER GUARD (SL)', 4, 0, 'PCS', 0, 0, 0, 0, 0, 'Y', NULL, NULL),
('2400100000(66)', 'JASA KAWAT CORNER GUARD (ED)', 4, 0, 'PCS', 0, 0, 0, 0, 0, 'Y', NULL, NULL),
('2400200000(65)', 'JASA KAWAT M GUARD (SL)', 4, 0, 'PCS', 0, 0, 0, 0, 0, 'Y', NULL, NULL),
('2400200000(66)', 'JASA KAWAT M GUARD (ED)', 4, 0, 'PCS', 0, 0, 0, 0, 0, 'Y', NULL, NULL),
('2400300000(66)', 'JASA KAWAT M GUARD 2 LILIT (ED)', 4, 0, 'PCS', 0, 0, 0, 0, 0, 'Y', NULL, NULL),
('2400300000(67)', 'JASA QUILTING (DKS)', 4, 0, 'MTR', 0, 0, 0, 0, 0, 'Y', NULL, NULL),
('2400400000', 'JASA QUILTING + BUSA + NON WOVEN', 4, 0, 'MTR', 0, 0, 0, 0, 0, 'Y', NULL, NULL),
('2400500000', 'JASA QUILTING + NON WOVEN', 4, 0, 'MTR', 0, 0, 0, 0, 0, 'Y', NULL, NULL),
('2400600100', 'JASA QUILTING FLEXIBEL CLASSIC 2', 4, 0, 'MTR', 0, 0, 0, 0, 0, 'Y', NULL, NULL),
('2400600200', 'JASA QUILTING FLEXIBEL KOTAK 2', 4, 0, 'MTR', 0, 0, 0, 0, 0, 'Y', NULL, NULL),
('2400600300', 'JASA QUILTING FLEXIBEL SN 2', 4, 0, 'MTR', 0, 0, 0, 0, 0, 'Y', NULL, NULL),
('2400600400', 'JASA QUILTING FLEXIBEL TOL 2', 4, 0, 'MTR', 0, 0, 0, 0, 0, 'Y', NULL, NULL),
('2400600500', 'JASA QUILTING FLEXIBEL ULAR 2', 4, 0, 'MTR', 0, 0, 0, 0, 0, 'Y', NULL, NULL),
('2400600600', 'JASA QUILTING FLEXIBEL ULTRA 2', 4, 0, 'MTR', 0, 0, 0, 0, 0, 'Y', NULL, NULL),
('2400600700', 'JASA QUILTING FLEXIBLE KOTAK', 4, 0, 'MTR', 0, 0, 0, 0, 0, 'Y', NULL, NULL),
('2400700800', 'JASA QUILTING FOAMINDO 2', 4, 0, 'MTR', 0, 0, 0, 0, 0, 'Y', NULL, NULL),
('2400700900', 'JASA QUILTING FOAMINDO TJ', 4, 0, 'MTR', 0, 0, 0, 0, 0, 'Y', NULL, NULL),
('2400800900', 'JASA SERVICE GUN', 4, 0, 'PCS', 0, 0, 0, 0, 0, 'Y', NULL, NULL),
('2400900000', 'JASA KAWAT PERCOIL (09)', 4, 0, 'Pcs', 0, 0, 0, 0, 0, 'Y', NULL, NULL),
('2401000000', 'JASA QUILTING OCEAN', 4, 0, 'MTR', 0, 0, 0, 0, 0, 'Y', NULL, NULL),
('2401103100', 'JASA KQ 2 CM', 4, 310, 'MTR', 0, 0, 0, 0, 0, 'Y', NULL, NULL),
('2401103200', 'JASA KQ 1 CM', 4, 165, 'MTR', 0, 0, 0, 0, 0, 'Y', NULL, NULL),
('2402000000', 'JASA QUILTING (JQ)', 4, 0, 'MTR', 0, 0, 0, 0, 0, 'Y', NULL, NULL),
('25001001', 'BAHAN KIMIA TDI BY ', 9, 7500, 'KG', 0, 0, 0, 0, 0, 'Y', NULL, NULL),
('25001002', 'BAHAN KIMIA TDI BF ', 9, 3750, 'KG', 0, 0, 0, 0, 0, 'Y', NULL, NULL);

-- --------------------------------------------------------

--
-- Table structure for table `bbk`
--

CREATE TABLE `bbk` (
  `bbk` varchar(255) NOT NULL,
  `nomor_bck` varchar(255) NOT NULL,
  `tanggal` date NOT NULL,
  `keterangan` text,
  `status` enum('open','close') NOT NULL DEFAULT 'open',
  `created_at` timestamp NULL DEFAULT NULL,
  `updated_at` timestamp NULL DEFAULT NULL
) ENGINE=InnoDB DEFAULT CHARSET=latin1;

--
-- Dumping data for table `bbk`
--

INSERT INTO `bbk` (`bbk`, `nomor_bck`, `tanggal`, `keterangan`, `status`, `created_at`, `updated_at`) VALUES
('BBK-2020-10-0001', 'BCK-2020-10-0002', '2020-10-19', NULL, 'open', '2020-10-19 00:53:50', '2020-10-19 00:53:50');

-- --------------------------------------------------------

--
-- Table structure for table `bbm`
--

CREATE TABLE `bbm` (
  `bbm` varchar(255) NOT NULL,
  `nomor_bcm` varchar(255) NOT NULL,
  `tanggal` date NOT NULL,
  `keterangan` text,
  `status` enum('open','close') NOT NULL DEFAULT 'open',
  `created_at` timestamp NULL DEFAULT NULL,
  `updated_at` timestamp NULL DEFAULT NULL
) ENGINE=InnoDB DEFAULT CHARSET=latin1;

--
-- Dumping data for table `bbm`
--

INSERT INTO `bbm` (`bbm`, `nomor_bcm`, `tanggal`, `keterangan`, `status`, `created_at`, `updated_at`) VALUES
('BBM-2020-10-0001', 'BCM-2020-10-0001', '2020-10-20', NULL, 'open', '2020-10-19 21:02:58', '2020-10-19 21:02:58');

-- --------------------------------------------------------

--
-- Table structure for table `bck`
--

CREATE TABLE `bck` (
  `bck` varchar(255) NOT NULL,
  `nomor_so` varchar(255) NOT NULL,
  `tanggal` date NOT NULL,
  `keterangan` text,
  `id_kendaraan` int(11) NOT NULL,
  `status` enum('draft','open','close') NOT NULL DEFAULT 'open',
  `created_at` timestamp NULL DEFAULT NULL,
  `updated_at` timestamp NULL DEFAULT NULL
) ENGINE=InnoDB DEFAULT CHARSET=latin1;

--
-- Dumping data for table `bck`
--

INSERT INTO `bck` (`bck`, `nomor_so`, `tanggal`, `keterangan`, `id_kendaraan`, `status`, `created_at`, `updated_at`) VALUES
('BCK-2020-10-0001', 'SO-2020-10-0004A1', '2020-10-19', NULL, 2, 'open', '2020-10-19 00:37:20', '2020-10-19 00:37:20'),
('BCK-2020-10-0002', 'SO-2020-10-0001A2', '2020-10-19', 'Kirim bareng so lainnya', 2, 'close', '2020-10-19 00:42:54', '2020-10-19 00:53:52');

-- --------------------------------------------------------

--
-- Table structure for table `bcm`
--

CREATE TABLE `bcm` (
  `bcm` varchar(255) NOT NULL,
  `tanggal` date NOT NULL,
  `nomor_po` varchar(255) NOT NULL,
  `keterangan` text,
  `supir` varchar(255) DEFAULT NULL,
  `nopol` varchar(255) NOT NULL,
  `alastolak` text,
  `status` enum('draft','sent','open','tolak','close') NOT NULL DEFAULT 'draft',
  `created_at` timestamp NULL DEFAULT NULL,
  `updated_at` timestamp NULL DEFAULT NULL
) ENGINE=InnoDB DEFAULT CHARSET=latin1;

--
-- Dumping data for table `bcm`
--

INSERT INTO `bcm` (`bcm`, `tanggal`, `nomor_po`, `keterangan`, `supir`, `nopol`, `alastolak`, `status`, `created_at`, `updated_at`) VALUES
('BCM-2020-10-0001', '2020-10-19', 'PO-2020-10-0001', NULL, NULL, 'B.2718.KL', NULL, 'close', '2020-10-19 02:13:34', '2020-10-19 21:03:01');

-- --------------------------------------------------------

--
-- Table structure for table `cache`
--

CREATE TABLE `cache` (
  `key` varchar(191) COLLATE utf8mb4_unicode_ci NOT NULL,
  `value` mediumtext COLLATE utf8mb4_unicode_ci NOT NULL,
  `expiration` int(11) NOT NULL
) ENGINE=InnoDB DEFAULT CHARSET=utf8mb4 COLLATE=utf8mb4_unicode_ci;

-- --------------------------------------------------------

--
-- Table structure for table `customers`
--

CREATE TABLE `customers` (
  `kode` varchar(255) NOT NULL,
  `nama` varchar(255) NOT NULL,
  `alamat` text NOT NULL,
  `kontak` int(20) DEFAULT NULL,
  `status` enum('Aktif','Non Aktif') NOT NULL DEFAULT 'Aktif',
  `keterangan` text,
  `created_at` timestamp NULL DEFAULT NULL,
  `updated_at` timestamp NULL DEFAULT NULL
) ENGINE=InnoDB DEFAULT CHARSET=latin1;

--
-- Dumping data for table `customers`
--

INSERT INTO `customers` (`kode`, `nama`, `alamat`, `kontak`, `status`, `keterangan`, `created_at`, `updated_at`) VALUES
('BDG-09-AGS-01-P', 'AGUS SALIM', '', NULL, 'Aktif', NULL, NULL, NULL),
('BDG-09-CHR-01', 'CHRISTOPORUS ORION', '', NULL, 'Aktif', NULL, NULL, NULL),
('BDG-09-CIS-01-P', 'CI SIANI', '', NULL, 'Aktif', NULL, NULL, NULL),
('BDG-09-CRY-01', 'CRYPTON', '', NULL, 'Aktif', NULL, NULL, NULL),
('BDG-09-GMW-01-P', 'GADING MAS WIRAJAYA PT. ', '', NULL, 'Aktif', NULL, NULL, NULL),
('BDG-09-JAY-01', 'JAYA QUILTING', 'Jl. Raya Bogor No.28 Jawa Barat', NULL, 'Aktif', NULL, NULL, NULL),
('BDG-09-KAI-01', 'KAITEN ABANG INBA', '', NULL, 'Aktif', NULL, NULL, NULL),
('BDG-09-RAS-01-p', 'ROYAL ABADI SEJAHTERA PT.', '', NULL, 'Aktif', NULL, NULL, NULL),
('BDG-09-RBM-01-P', 'RENTANG BUANA NIAGA MAKMUR PT. ', '', NULL, 'Aktif', NULL, NULL, NULL),
('BDG-09-SCH-01-P', 'SCHERLING INDONESIA PT. ', '', NULL, 'Aktif', NULL, NULL, NULL),
('BDG-09-SCH-02', 'PRESIDENT', '', NULL, 'Aktif', NULL, NULL, NULL),
('BDG-09-TAP-01-P', 'TRIWIJAYA ABADI PERKASA PT.', '', NULL, 'Aktif', NULL, NULL, NULL),
('BDG-09-VCT-01', 'VICTORY', '', NULL, 'Aktif', NULL, NULL, NULL),
('BGR-09-261-VI-P', 'ZINUS GLOBAL INDONESIA.PT', '', NULL, 'Aktif', NULL, NULL, NULL),
('BGR-09-ADE-01', 'ADE KUSWANTO', '', NULL, 'Aktif', NULL, NULL, NULL),
('BGR-09-ADR-01', 'ANDRE', '', NULL, 'Aktif', NULL, NULL, NULL),
('BGR-09-AGG-01', 'AGUS GUNAWAN', '', NULL, 'Aktif', NULL, NULL, NULL),
('BGR-09-AJG-01', 'AJIANG', '', NULL, 'Aktif', NULL, NULL, NULL),
('BGR-09-ANB-01', 'ANDY BOGOR', '', NULL, 'Aktif', NULL, NULL, NULL),
('BGR-09-ARV-01', 'ARIFIN VASSA', '', NULL, 'Aktif', NULL, NULL, NULL),
('BGR-09-ARW-01', 'ARI WIDJAYA', '', NULL, 'Aktif', NULL, NULL, NULL),
('BGR-09-ATL-01', 'JONO (ATLANTA)', '', NULL, 'Aktif', NULL, NULL, NULL),
('BGR-09-AUR-01', 'AURORA UD.', '', NULL, 'Aktif', NULL, NULL, NULL),
('BGR-09-BAP-01', 'BANGUN PERKASA', '', NULL, 'Aktif', NULL, NULL, NULL),
('BGR-09-BEL-01', 'BELLA BOGOR', '', NULL, 'Aktif', NULL, NULL, NULL),
('BGR-09-BEN-01', 'BENI BANTAL', '', NULL, 'Aktif', NULL, NULL, NULL),
('BGR-09-BUS-01', 'BUSA MANDIRI', '', NULL, 'Aktif', NULL, NULL, NULL),
('BGR-09-CAS-01', 'CASH', '', NULL, 'Aktif', NULL, NULL, NULL),
('BGR-09-CUR-01', 'CURUG FURNITURE TK.', '', NULL, 'Aktif', NULL, NULL, NULL),
('BGR-09-DKS-01', 'DWI KARYA SUPRATAMA', '', NULL, 'Aktif', NULL, NULL, NULL),
('BGR-09-EAP-01', 'ELEPHANT AGUNG PERKASA PT. ', '', NULL, 'Aktif', NULL, NULL, NULL),
('BGR-09-EDW-01', 'EDWARD', '', NULL, 'Aktif', NULL, NULL, NULL),
('BGR-09-ERA-01', 'ERA FOAM', '', NULL, 'Aktif', NULL, NULL, NULL),
('BGR-09-GEM-01', 'GEMILANG TK.', '', NULL, 'Aktif', NULL, NULL, NULL),
('BGR-09-GUD-01', 'GUDANG CASH', '', NULL, 'Aktif', NULL, NULL, NULL),
('BGR-09-GUN-01', 'GUNAWAN KESUMAJAYA', '', NULL, 'Aktif', NULL, NULL, NULL),
('BGR-09-GVN-01', 'GIOVANI', '', NULL, 'Aktif', NULL, NULL, NULL),
('BGR-09-HRY-01', 'HARYANTO', '', NULL, 'Aktif', NULL, NULL, NULL),
('BGR-09-JKI-01', 'JAKARTA INDOMEGAH PT. ', '', NULL, 'Aktif', NULL, NULL, NULL),
('BGR-09-KKB-01', 'KIKI BP.', '', NULL, 'Aktif', NULL, NULL, NULL),
('BGR-09-KYP-01', 'KARYA PERSADA PT. ', '', NULL, 'Aktif', NULL, NULL, NULL),
('BGR-09-MHK-01-P', 'MAHA KALIBAN INDONESIA PT. ', '', NULL, 'Aktif', NULL, NULL, NULL),
('BGR-09-MPS-01-P', 'MITRA PUTRA SPRING CV.', '', NULL, 'Aktif', NULL, NULL, NULL),
('BGR-09-MSB-01-P', 'MEKARINDO SWADAYA BERDIKARI PT. ', '', NULL, 'Aktif', NULL, NULL, NULL),
('BGR-09-MSL-01', 'MITRA SUKSES LESTARI PT. ', '', NULL, 'Aktif', NULL, NULL, NULL),
('BGR-09-NOV-03', 'NOVAN', '', NULL, 'Aktif', NULL, NULL, NULL),
('BGR-09-OCC-02-P', 'OCEAN CENTRA FURNINDO(BOGOR) PT. ', '', NULL, 'Aktif', NULL, NULL, NULL),
('BGR-09-ORB-01', 'ORBIT PT. ', '', NULL, 'Aktif', NULL, NULL, NULL),
('BGR-09-PBK-01-P', 'PUTRA BINTANG KHARISMA PT. ', '', NULL, 'Aktif', NULL, NULL, NULL),
('BGR-09-PJY-01', 'PUTERA JAYA (ELEPHANT) PT.', '', NULL, 'Aktif', NULL, NULL, NULL),
('BGR-09-PLT-01-P', 'POLYTECT', '', NULL, 'Aktif', NULL, NULL, NULL),
('BGR-09-QTI-01-P', 'QUANTUM TOSSAN INTERNASIONAL PT. ', '', NULL, 'Aktif', NULL, NULL, NULL),
('BGR-09-QTI-02-P', 'LIGA JAYA MATRASINDO PT. ', '', NULL, 'Aktif', NULL, NULL, NULL),
('BGR-09-QTI-03-P', 'RUKUN ABADI SEJAHTERA PT. ', '', NULL, 'Aktif', NULL, NULL, NULL),
('BGR-09-QTI-04-P', 'LIGA JAYA MEGAH BUMI PT. ', '', NULL, 'Aktif', NULL, NULL, NULL),
('BGR-09-ROY-01', 'ROTAMBA', '', NULL, 'Aktif', NULL, NULL, NULL),
('BGR-09-RUD-01', 'RUDOLP', '', NULL, 'Aktif', NULL, NULL, NULL),
('BGR-09-SMB-01', 'SINAR MAJU BERSAMA', '', NULL, 'Aktif', NULL, NULL, NULL),
('BGR-09-SNT-03', 'SANTO', '', NULL, 'Aktif', NULL, NULL, NULL),
('BGR-09-SPI-01-P', 'SUPER POLY INDUSTRY PT. ', '', NULL, 'Aktif', NULL, NULL, NULL),
('BGR-09-SUR-01-P', 'SURYA MITRA PLASTINDO PT.', '', NULL, 'Aktif', NULL, NULL, NULL),
('BGR-09-SUT-01', 'SUTISNA', '', NULL, 'Aktif', NULL, NULL, NULL),
('BGR-09-SYA-01', 'SURYA ABADI', '', NULL, 'Aktif', NULL, NULL, NULL),
('BGR-09-TJA-01', 'JATI AGUNG TK.', '', NULL, 'Aktif', NULL, NULL, NULL),
('BGR-09-TNM-01', 'TUNAS KARYA MANDIRI', '', NULL, 'Aktif', NULL, NULL, NULL),
('BGR-09-TRF-01', 'TARUNA FURNITURE', '', NULL, 'Aktif', NULL, NULL, NULL),
('BGR-09-TTF-01', 'TOTAL FURNITURE', '', NULL, 'Aktif', NULL, NULL, NULL),
('BGR-09-TWL-01-P', 'TRI WISESA LESTARI PT. ', '', NULL, 'Aktif', NULL, NULL, NULL),
('BGR-09-TWL-02', 'ESCON', '', NULL, 'Aktif', NULL, NULL, NULL),
('BGR-09-ZFM-01', 'Z FOAM', '', NULL, 'Aktif', NULL, NULL, NULL),
('BKL-04-ABE-01', 'AGUNG BENGKULU TK.', '', NULL, 'Aktif', NULL, NULL, NULL),
('BKL-04-BBM-01-P', 'BENGKULU BUANA MAKMUR', '', NULL, 'Aktif', NULL, NULL, NULL),
('BKL-04-MAK-01', 'MAKMUR UD.', '', NULL, 'Aktif', NULL, NULL, NULL),
('BKS-09-ANW-01', 'ADITYA NUGRAHA WIARSA', '', NULL, 'Aktif', NULL, NULL, NULL),
('BKS-09-BUD-01', 'BUANA DISTRINDO', '', NULL, 'Aktif', NULL, NULL, NULL),
('BKS-09-CAB-01', 'CAHAYA BARU TK.', '', NULL, 'Aktif', NULL, NULL, NULL),
('BKS-09-CAT-01', 'CAHAYA TIMUR TK.', '', NULL, 'Aktif', NULL, NULL, NULL),
('BKS-09-CMK-01-P', 'CM KASINDO', '', NULL, 'Aktif', NULL, NULL, NULL),
('BKS-09-DAR-01-P', 'DARMA KUMARA IR', '', NULL, 'Aktif', NULL, NULL, NULL),
('BKS-09-EST-01', 'ESTERINDO 3CHEM', '', NULL, 'Aktif', NULL, NULL, NULL),
('BKS-09-HIF-01', 'HI FURNITURE', '', NULL, 'Aktif', NULL, NULL, NULL),
('BKS-09-KFM-01-P', 'KARYA FURNINDO MODERN', '', NULL, 'Aktif', NULL, NULL, NULL),
('BKS-09-KRA-01', 'KRAKATAU PUTRA PT.', '', NULL, 'Aktif', NULL, NULL, NULL),
('BKS-09-KSY-01', 'KASYANTO', '', NULL, 'Aktif', NULL, NULL, NULL),
('BKS-09-MEI-01-P', 'MEGA FOAMWORKS INDONESIA PT', '', NULL, 'Aktif', NULL, NULL, NULL),
('BKS-09-MKF-01', 'MULTI KARYA FURINDO', '', NULL, 'Aktif', NULL, NULL, NULL),
('BKS-09-MKK-01', 'MAHKOTA KURNIA CV. ', '', NULL, 'Aktif', NULL, NULL, NULL),
('BKS-09-MTM-01-P', 'MATRASTAMA MAESTRA PERKASA', '', NULL, 'Aktif', NULL, NULL, NULL),
('BKS-09-OMN-01', 'OMAN', '', NULL, 'Aktif', NULL, NULL, NULL),
('BKS-09-PDS-01', 'PADASUKA PT.', '', NULL, 'Aktif', NULL, NULL, NULL),
('BKS-09-PNL-01', 'PENIL TK.', '', NULL, 'Aktif', NULL, NULL, NULL),
('BKS-09-PUB-01', 'POLA USAHA BERSAMA SUKSES PT. ', '', NULL, 'Aktif', NULL, NULL, NULL),
('BRJ-19-BBR-01-P', 'BINTANG BATU RAJA PT. ', '', NULL, 'Aktif', NULL, NULL, NULL),
('BTM-18-AKA-06', 'ANUGRAH KARYA SENTOSA PT. ', '', NULL, 'Aktif', NULL, NULL, NULL),
('BTM-18-GMI-01-P', 'GUNUNG MAS INTERNASIONAL PT .', '', NULL, 'Aktif', NULL, NULL, NULL),
('BTM-18-GMI-02', 'ANDY BP', '', NULL, 'Aktif', NULL, NULL, NULL),
('BTM-18-IDF-01-P', 'INDO FOAM PT.', '', NULL, 'Aktif', NULL, NULL, NULL),
('BTM-18-IDF-02', 'ABDULAH', '', NULL, 'Aktif', NULL, NULL, NULL),
('BTM-18-LOI-01', 'LOISZ INTERNATIONAL', '', NULL, 'Aktif', NULL, NULL, NULL),
('BTM-18-LOI-02', 'LOISZ TK.', '', NULL, 'Aktif', NULL, NULL, NULL),
('BTN-03-EKS-01', 'EK SING', '', NULL, 'Aktif', NULL, NULL, NULL),
('CBN-09-AKA-08-P', 'ANUGERAH GERBANG EMAS PT. ', '', NULL, 'Aktif', NULL, NULL, NULL),
('CBN-09-CAK-01', 'CAKRA BERSAUDARA CV. ', '', NULL, 'Aktif', NULL, NULL, NULL),
('CBN-09-KRA-01-P', 'KIKI RIZKY AMALIAH', '', NULL, 'Aktif', NULL, NULL, NULL),
('CBN-09-PRP-01-P', 'PRIMA PERKASA', '', NULL, 'Aktif', NULL, NULL, NULL),
('CBN-09-SGJ-01-P', 'SINAR GUNUNG JATI PT. ', '', NULL, 'Aktif', NULL, NULL, NULL),
('CBN-09-SPL-01', 'SAMPORLAND PT. ', '', NULL, 'Aktif', NULL, NULL, NULL),
('CBN-09-TKA-01', 'ARIANA TK.', '', NULL, 'Aktif', NULL, NULL, NULL),
('CJR-09-SRE-01', 'SURYA ELECTRA', '', NULL, 'Aktif', NULL, NULL, NULL),
('CMK-09-SBJ-01', 'SUBUR JAYA CIKAMPEK', '', NULL, 'Aktif', NULL, NULL, NULL),
('CMK-09-SJC-01', 'SINAR JAYA CIKAMPEK TK.', '', NULL, 'Aktif', NULL, NULL, NULL),
('CMK-09-SKY-01-P', 'SKY FOAM', '', NULL, 'Aktif', NULL, NULL, NULL),
('CMK-09-SNA-01', 'SINAR ARAFAH', '', NULL, 'Aktif', NULL, NULL, NULL),
('CUST-388', 'TEDDY CHANDRA (PACIFIC)', 'Jl. Raya Bogor No.24 Jawa barat', NULL, 'Aktif', 'Ok', NULL, '0000-00-00 00:00:00'),
('CUST-406', 'DUTA ABADI PRIMANTARA PT', 'Jl. Raya Mauk Km.21 Galeong Rt.4/7 No.7 Tangerang', 0, 'Aktif', NULL, '2020-09-01 20:24:47', '2020-09-01 20:24:47'),
('default', 'Gudang Stok', 'PT. EKatunggal Tunas Mandiri', 2128373, 'Non Aktif', NULL, '0000-00-00 00:00:00', '0000-00-00 00:00:00'),
('DPK-09-INT-02', 'INTERNUSA TK.', '', NULL, 'Aktif', NULL, NULL, NULL),
('DPK-09-SNJ-01', 'SINAR JAYA TK.', '', NULL, 'Aktif', NULL, NULL, NULL),
('DPK-09-SUC-01', 'SUCI TK.', '', NULL, 'Aktif', NULL, NULL, NULL),
('DPK-09-TRK-01', 'AMRIZAL/NATASHA PD. (TOKO RAJA KASUR)', '', NULL, 'Aktif', NULL, NULL, NULL),
('JKT-06-AMS-01-P', 'ARJUNA MAHA SENTOSA PT. ', '', NULL, 'Aktif', NULL, NULL, NULL),
('JKT-06-ANM-01', 'ANUGRAH MANDIRI', '', NULL, 'Aktif', NULL, NULL, NULL),
('JKT-06-ANT-01', 'ANANTA', '', NULL, 'Aktif', NULL, NULL, NULL),
('JKT-06-ANT-02', 'DIANA TUMEWA', '', NULL, 'Aktif', NULL, NULL, NULL),
('JKT-06-BAM-01', 'BANG AMIR TK. ', '', NULL, 'Aktif', NULL, NULL, NULL),
('JKT-06-BRO-01', 'DE BROTHERS', '', NULL, 'Aktif', NULL, NULL, NULL),
('JKT-06-CHO-01', 'CHOLID', '', NULL, 'Aktif', NULL, NULL, NULL),
('JKT-06-FMP-01-P', 'FUYINDO MULTI PERDANA PT. ', '', NULL, 'Aktif', NULL, NULL, NULL),
('JKT-06-FOR-01', 'FORTUNA', '', NULL, 'Aktif', NULL, NULL, NULL),
('JKT-06-GAN-01', 'GANPATI JAYA TK.', '', NULL, 'Aktif', NULL, NULL, NULL),
('JKT-06-HER-01', 'HERY', '', NULL, 'Aktif', NULL, NULL, NULL),
('JKT-06-KUR-01', 'KURNIA SOFA', '', NULL, 'Aktif', NULL, NULL, NULL),
('JKT-06-MKP-01', 'MASSINDO KARYA PRIMA', '', NULL, 'Aktif', NULL, NULL, NULL),
('JKT-06-MPP-01-P', 'MASINDO PRIMA', '', NULL, 'Aktif', NULL, NULL, NULL),
('JKT-06-PAC-01', 'PACIFIC TOKO', '', NULL, 'Aktif', NULL, NULL, NULL),
('JKT-06-ROM-01-P', 'ROMANCE BEDDING & FURNITURE PT.', '', NULL, 'Aktif', NULL, NULL, NULL),
('JKT-06-SNR-01', 'SINAR MAS', '', NULL, 'Aktif', NULL, NULL, NULL),
('JKT-06-SUK-01', 'SUKSES TK.', '', NULL, 'Aktif', NULL, NULL, NULL),
('JKT-06-TED-01-P', 'TEDDY CHANDRA (PACIFIC)', '', NULL, 'Aktif', NULL, NULL, NULL),
('JKT-06-WAM-01-P', 'WIJAYA AKSINDO MANDIRI PT.', '', NULL, 'Aktif', NULL, NULL, NULL),
('JKT-06-WAM-02', 'PURNAMA CHANDRA TK.', '', NULL, 'Aktif', NULL, NULL, NULL),
('JMB-08-ABB-01', 'ABADI BARU CV. ', '', NULL, 'Aktif', NULL, NULL, NULL),
('JMB-08-AKA-04-P', 'ANUGERAH MULTIPLIKASI INDONESIA PT.', '', NULL, 'Aktif', NULL, NULL, NULL),
('JMB-08-BPI-01', 'IRWAN BP. ', '', NULL, 'Aktif', NULL, NULL, NULL),
('JMB-08-BPL-01-P', 'BUNGO PERMAI LESTARI PT. ', '', NULL, 'Aktif', NULL, NULL, NULL),
('JMB-08-CMA-01-P', 'CAHAYA MURNI ANGSODUO', '', NULL, 'Aktif', NULL, NULL, NULL),
('JMB-08-HNJ-01-P', 'HAND JANG', '', NULL, 'Aktif', NULL, NULL, NULL),
('JMB-08-HNJ-02', 'ALING', '', NULL, 'Aktif', NULL, NULL, NULL),
('JMB-08-HRD-01', 'HARIYADI', '', NULL, 'Aktif', NULL, NULL, NULL),
('JMB-08-JBL-01-P', 'JAMBI BINTANG LESTARI', '', NULL, 'Aktif', NULL, NULL, NULL),
('JMB-08-SAU-01', 'SAUDARA TK.', '', NULL, 'Aktif', NULL, NULL, NULL),
('JMB-08-SJM-01', 'SJM JAMBI', '', NULL, 'Aktif', NULL, NULL, NULL),
('JMB-08-SJM-02', 'FAHMI TK. ', '', NULL, 'Aktif', NULL, NULL, NULL),
('JMB-08-SJM-03', 'FATMI JUMIATI', '', NULL, 'Aktif', NULL, NULL, NULL),
('KBN-10-RDY-01', 'RUDY', '', NULL, 'Aktif', NULL, NULL, NULL),
('kode', 'nama', 'alamat', 0, '', 'keterangan', '0000-00-00 00:00:00', '0000-00-00 00:00:00'),
('KRW-09-SHB-01', 'SAHABAT BARU', '', NULL, 'Aktif', NULL, NULL, NULL),
('LLU-33-LLL-01-P', 'LUBUK LINGGAU LESTARI', '', NULL, 'Aktif', NULL, NULL, NULL),
('LLU-33-LPP-01-P', 'LINGGAU PRIMA PERKASA PT.', '', NULL, 'Aktif', NULL, NULL, NULL),
('LPG-19-ADC-01', 'ANDY CHANDRA', '', NULL, 'Aktif', NULL, NULL, NULL),
('LPG-19-AKA-07-P', 'ANUGRAH KARYA MEBELINDO PT.', '', NULL, 'Aktif', NULL, NULL, NULL),
('LPG-19-AND-01', 'ANDRE MALAGA', '', NULL, 'Aktif', NULL, NULL, NULL),
('LPG-19-ASG-01', 'ASGAR', '', NULL, 'Aktif', NULL, NULL, NULL),
('LPG-19-CIL-01-P', 'CM INDO LAMPUNG', '', NULL, 'Aktif', NULL, NULL, NULL),
('LPG-19-HTM-01-P', 'HUTOMO', '', NULL, 'Aktif', NULL, NULL, NULL),
('LPG-19-HTM-02', 'INTERNA', '', NULL, 'Aktif', NULL, NULL, NULL),
('LPG-19-KAF-01', 'KARYA ABADI FURNITURE', '', NULL, 'Aktif', NULL, NULL, NULL),
('LPG-19-KML-01', 'KARYA MANDIRI LAMPUNG / BP. CATUR HERMAWAN', '', NULL, 'Aktif', NULL, NULL, NULL),
('LPG-19-KYJ-01-P', 'KARYA JAYA', '', NULL, 'Aktif', NULL, NULL, NULL),
('LPG-19-LIM-01', 'LIMA TK.', '', NULL, 'Aktif', NULL, NULL, NULL),
('LPG-19-MKS-01-P', 'MUTIARA KARYA SUPER', '', NULL, 'Aktif', NULL, NULL, NULL),
('LPG-19-MKS-02', 'HENDRY', '', NULL, 'Aktif', NULL, NULL, NULL),
('LPG-19-MRJ-01', 'MURAH JAYA', '', NULL, 'Aktif', NULL, NULL, NULL),
('LPG-19-PRB-01', 'PURBA', '', NULL, 'Aktif', NULL, NULL, NULL),
('LPG-19-SBA-01', 'SARI BUMI ARTA', '', NULL, 'Aktif', NULL, NULL, NULL),
('LPG-19-TKN-01', 'NIKO TK.', '', NULL, 'Aktif', NULL, NULL, NULL),
('LPG-19-TNJ-01', 'TUNAS JAYA', '', NULL, 'Aktif', NULL, NULL, NULL),
('MDN-34-ABA-01', 'ABA-GUAN INDO MAKMUR CV', '', NULL, 'Aktif', NULL, NULL, NULL),
('MDN-34-ASM-01-P', 'ANUGERAH SINAR MUSTIKA', '', NULL, 'Aktif', NULL, NULL, NULL),
('MDN-34-BTL-01-P', 'BINTANG TOBA LESTARI PT. ', '', NULL, 'Aktif', NULL, NULL, NULL),
('MDN-34-CBS-01-P', 'CAHAYA BINTANG SELATAN PT. ', '', NULL, 'Aktif', NULL, NULL, NULL),
('MDN-34-CKU-01-P', 'CAHAYA KAWI ULTRA POLYINTRACO. PT (CM MEDAN)', '', NULL, 'Aktif', NULL, NULL, NULL),
('MDN-34-LMI-01-P', 'LOREN MULIA INDAH PT. ', '', NULL, 'Aktif', NULL, NULL, NULL),
('MDN-34-MJF-01', 'MAJU FOAM', '', NULL, 'Aktif', NULL, NULL, NULL),
('MDN-34-NGR-03', 'NINGRUM', '', NULL, 'Aktif', NULL, NULL, NULL),
('MDN-34-OCC-01-P', 'OCEAN CENTRA FURNINDO(MEDAN) PT. ', '', NULL, 'Aktif', NULL, NULL, NULL),
('MDN-34-OCC-03', 'NURAINI', '', NULL, 'Aktif', NULL, NULL, NULL),
('MDN-34-SKC-01-P', 'SINAR KAPUAS CEMERLANG PT.', '', NULL, 'Aktif', NULL, NULL, NULL),
('MDN-34-SLT-02', 'SULASTRI', '', NULL, 'Aktif', NULL, NULL, NULL),
('MDN-34-TMM-01', 'MITRA MAKMUR TK.', '', NULL, 'Aktif', NULL, NULL, NULL),
('MDN-34-TTY-01-P', 'TJEN TJEN YUNG', '', NULL, 'Aktif', NULL, NULL, NULL),
('MDN-34-TTY-02', 'ANUGRAH LESTARI', '', NULL, 'Aktif', NULL, NULL, NULL),
('MKS-28-MAK-03', 'EKATUNGGAL MAKASAR', '', NULL, 'Aktif', NULL, NULL, NULL),
('MND-31-MAN-04', 'EKATUNGGAL MANADO', '', NULL, 'Aktif', NULL, NULL, NULL),
('MND-31-MSD-02', 'MASSINDO TERANG PERKASA', '', NULL, 'Aktif', NULL, NULL, NULL),
('MND-31-MSD-04', 'MASSINDO SINAR PRATAMA', '', NULL, 'Aktif', NULL, NULL, NULL),
('PBA-10-LAS-01-P', 'LANCAR ABADI SEJAHTERA CV ', '', NULL, 'Aktif', NULL, NULL, NULL),
('PBO-11-LCP-01', 'LANCAR PLASTIK CV. ', '', NULL, 'Aktif', NULL, NULL, NULL),
('PBU-26-AKA-01-P', 'ANUGRAH KARYA ASLINDO PT. ', '', NULL, 'Aktif', NULL, NULL, NULL),
('PBU-26-BSR-01-P', 'BINTANG SINAR RIAU PT. ', '', NULL, 'Aktif', NULL, NULL, NULL),
('PBU-26-CMP-01-P', 'CAHAYA MURNI PAKANINDO.PT', '', NULL, 'Aktif', NULL, NULL, NULL),
('PBU-26-HNG-01', 'HENGKI', '', NULL, 'Aktif', NULL, NULL, NULL),
('PBU-26-SHT-01', 'SEHATI', '', NULL, 'Aktif', NULL, NULL, NULL),
('PBU-26-TSR-01-P', 'TRIMITRA SEJAHTERA SINAR RIAU CEMERLANG PT.', '', NULL, 'Aktif', NULL, NULL, NULL),
('PDG-32-AKA-03-P', 'ANUGRAH JAYA MULTIPLIKASI', '', NULL, 'Aktif', NULL, NULL, NULL),
('PDG-32-BBB-01-P', 'BINTANG BUKIT BARISAN PT. ', '', NULL, 'Aktif', NULL, NULL, NULL),
('PDG-32-CMD-01-P', 'CAHAYA MURNI ANDALAS PERMAI PT. ', '', NULL, 'Aktif', NULL, NULL, NULL),
('PDG-32-TAN-01', 'TAN BP', '', NULL, 'Aktif', NULL, NULL, NULL),
('PDG-32-WAI-01-P', 'WIRA ANDALAS INDAH PT. ', '', NULL, 'Aktif', NULL, NULL, NULL),
('PLU-29-MSD-06', 'MASSINDO UNGGUL TIMUR (PALU)', '', NULL, 'Aktif', NULL, NULL, NULL),
('PMG-33-AKA-05-P', 'ANUGRAH MUSI INDAH NUSANTARA PT. ', '', NULL, 'Aktif', NULL, NULL, NULL),
('PMG-33-AKS-01', 'AK SUHANDO', '', NULL, 'Aktif', NULL, NULL, NULL),
('PMG-33-CKS-01', 'CIPTA KARYA SEMESTA (LUXURY)', '', NULL, 'Aktif', NULL, NULL, NULL),
('PMG-33-DNT-01', 'DIANTO BPK.', '', NULL, 'Aktif', NULL, NULL, NULL),
('PMG-33-IDR-01', 'INDRA', '', NULL, 'Aktif', NULL, NULL, NULL),
('PMG-33-INO-01-P', 'INOCYCLE TECHNOLOGY GROUP TBK PT.', '', NULL, 'Aktif', NULL, NULL, NULL),
('PMG-33-KPM-01-P', 'KPMM PALEMBANG', '', NULL, 'Aktif', NULL, NULL, NULL),
('PMG-33-LMS-01-P', 'LESTARI MITRA SEJAHTERA CV.', '', NULL, 'Aktif', NULL, NULL, NULL),
('PMG-33-MHK-01', 'MAHKOTA', '', NULL, 'Aktif', NULL, NULL, NULL),
('PMG-33-MKM-01', 'MERPATI GASING HOOK FURNITURE', '', NULL, 'Aktif', NULL, NULL, NULL),
('PMG-33-MSI-01', 'MASA INDAH TK.', '', NULL, 'Aktif', NULL, NULL, NULL),
('PMG-33-PEL-01', 'PELANGI FURNITURE TK.', '', NULL, 'Aktif', NULL, NULL, NULL),
('PMG-33-SMC-06-P', 'SINAR MUSI CEMERLANG PT. ', '', NULL, 'Aktif', NULL, NULL, NULL),
('PMG-33-SRI-01-P', 'CM SRIWINDO', '', NULL, 'Aktif', NULL, NULL, NULL),
('PMG-33-TKA-01', 'AGUNG TK.', '', NULL, 'Aktif', NULL, NULL, NULL),
('PML-10-TKL-01', 'LESTARI TK.', '', NULL, 'Aktif', NULL, NULL, NULL),
('PPG-17-AGJ-01', 'AGUNG JAYA TK. ', '', NULL, 'Aktif', NULL, NULL, NULL),
('PPG-17-BBL-01-P', 'BANGKA BINTANG LESTARI', '', NULL, 'Aktif', NULL, NULL, NULL),
('PPG-17-CIB-01-P', 'CAHYANI INDONIAGA BANGKA RAYA PT', '', NULL, 'Aktif', NULL, NULL, NULL),
('PPG-17-DUN-01', 'DUNIA BARU', '', NULL, 'Aktif', NULL, NULL, NULL),
('PTK-12-AMF-01', 'ANDARIA MEGA FURINDO CV. ', '', NULL, 'Aktif', NULL, NULL, NULL),
('PTK-12-AMF-02', 'ANDARIA TK.', '', NULL, 'Aktif', NULL, NULL, NULL),
('PTK-12-AMG-01', 'AMONG', '', NULL, 'Aktif', NULL, NULL, NULL),
('PTK-12-ANE-01', 'ANEKA INDAH CV. ', '', NULL, 'Aktif', NULL, NULL, NULL),
('PTK-12-ANE-02', 'AMEI/LILIKAN', '', NULL, 'Aktif', NULL, NULL, NULL),
('PTK-12-ANE-03', 'SANTI', '', NULL, 'Aktif', NULL, NULL, NULL),
('PTK-12-BPR-01', 'RUBYANTO BP. ', '', NULL, 'Aktif', NULL, NULL, NULL),
('PTK-12-DLE-01-P', 'DAYAK LESTARI EKANIAGA PT', '', NULL, 'Aktif', NULL, NULL, NULL),
('PTK-12-KCM-01-P', 'KARYA CITRA NASINDO PT.', '', NULL, 'Aktif', NULL, NULL, NULL),
('PTK-12-PRL-01', 'PRALON', '', NULL, 'Aktif', NULL, NULL, NULL),
('PTK-12-SNM-01', 'SENTRAL MEBEL', '', NULL, 'Aktif', NULL, NULL, NULL),
('PTK-12-SRM-01', 'SINAR MANDIRI', '', NULL, 'Aktif', NULL, NULL, NULL),
('PTK-12-TKK-01', 'KEMENANGAN TK.', '', NULL, 'Aktif', NULL, NULL, NULL),
('PWT-10-BSF-01-P', 'CM PURWOKERTO / BUANA SPRING FOAM PT.', '', NULL, 'Aktif', NULL, NULL, NULL),
('PWT-10-CND-01', 'CHANDRA', '', NULL, 'Aktif', NULL, NULL, NULL),
('PWT-10-LCB-01', 'LANCAR BARU TK.', '', NULL, 'Aktif', NULL, NULL, NULL),
('PWT-10-MJR-01', 'MAJU JAYA RAYA', '', NULL, 'Aktif', NULL, NULL, NULL),
('PWT-10-STP-01', 'SENTRAL PLASTIK TK.', '', NULL, 'Aktif', NULL, NULL, NULL),
('RIU-26-AKA-02-P', 'ANUGRAH KARYA ASLINDO PT. ', '', NULL, 'Aktif', NULL, NULL, NULL),
('RIU-26-DNM-01', 'DUNIA MEBEL TK.', '', NULL, 'Aktif', NULL, NULL, NULL),
('RIU-26-INP-01-P', 'INDOSIAK PERMAI PT. ', '', NULL, 'Aktif', NULL, NULL, NULL),
('SBY-11-ETT-02', 'EKATUNGGAL TIMUR', '', NULL, 'Aktif', NULL, NULL, NULL),
('SKB-09-BSP-01', 'BIG SPRING PANEL PT. ', '', NULL, 'Aktif', NULL, NULL, NULL),
('SKB-09-GMB-01', 'GUMBIRA', '', NULL, 'Aktif', NULL, NULL, NULL),
('SMR-10-TRI-05', 'EKATUNGGAL TRI MANDIRI', '', NULL, 'Aktif', NULL, NULL, NULL),
('SR-03-LAK-01', 'LAKSANAJAYA', '', NULL, 'Aktif', NULL, NULL, NULL),
('SRG-03-AWS-01-P', 'AGUNG WIRA SINERGI PT. ', '', NULL, 'Aktif', NULL, NULL, NULL),
('SRG-03-SPL-01-P', 'CM SERANG / SPRING PANEL LAND PT.', '', NULL, 'Aktif', NULL, NULL, NULL),
('TGL-10-ACI-01', 'ACI TEGAL', '', NULL, 'Aktif', NULL, NULL, NULL),
('TGL-10-AWL-01', 'AZWELLI TK.', '', NULL, 'Aktif', NULL, NULL, NULL),
('TGR-03-ALI-01-P', 'ATMEJA LIMINDO INTERNATIONAL PT. ', '', NULL, 'Aktif', NULL, NULL, NULL),
('TGR-03-ALI-02', 'JIANG MR.', '', NULL, 'Aktif', NULL, NULL, NULL),
('TGR-03-AMP-01-P', 'ANUGRAH MAGNA PERKASA PT.', '', NULL, 'Aktif', NULL, NULL, NULL),
('TGR-03-AMP-02', 'ADRIYANTO', '', NULL, 'Aktif', NULL, NULL, NULL),
('TGR-03-BGF-01', 'BIG FOAM PT. ', '', NULL, 'Aktif', NULL, NULL, NULL),
('TGR-03-BPA-01', 'ANTHONI BPK. ', '', NULL, 'Aktif', NULL, NULL, NULL),
('TGR-03-CAJ-01', 'CITRA ABADI JAYA', '', NULL, 'Aktif', NULL, NULL, NULL),
('TGR-03-CJF-01', 'CISAUK JAYA FURNITURE', '', NULL, 'Aktif', NULL, NULL, NULL),
('TGR-03-CKG-01-P', 'CIPTA KREASINDO GRACIA PT. ', '', NULL, 'Aktif', NULL, NULL, NULL),
('TGR-03-DIP-01-P', 'DINAMIKA INDONUSA PRIMA PT. ', '', NULL, 'Aktif', NULL, NULL, NULL),
('TGR-03-FIU-01-P', 'FOAMINDO INDUSTRI URETAN PT. ', '', NULL, 'Aktif', NULL, NULL, NULL),
('TGR-03-FLR-01', 'FLORESTA', '', NULL, 'Aktif', NULL, NULL, NULL),
('TGR-03-GMM-01-P', 'GALINDO MITRA MAJU', '', NULL, 'Aktif', NULL, NULL, NULL),
('TGR-03-GQM-01-P', 'GLOSS & QOOL MATTRESS FOAM', '', NULL, 'Aktif', NULL, NULL, NULL),
('TGR-03-IKJ-01', 'IKA JAYA', '', NULL, 'Aktif', NULL, NULL, NULL),
('TGR-03-KBJ-01-P', 'KUMALA BUANA JAYA PT. ', '', NULL, 'Aktif', NULL, NULL, NULL),
('TGR-03-KKF-01', 'KIKI FURNITURE', '', NULL, 'Aktif', NULL, NULL, NULL),
('TGR-03-KSI-01-P', 'KENSSO SINDIO INDONESIA PT. ', '', NULL, 'Aktif', NULL, NULL, NULL),
('TGR-03-KSI-02', 'EURO STAR', '', NULL, 'Aktif', NULL, NULL, NULL),
('TGR-03-LTI-01', 'LATEXINDO INDONESIA PT. ', '', NULL, 'Aktif', NULL, NULL, NULL),
('TGR-03-MJF-01', 'MAJU JAYA FOAM', '', NULL, 'Aktif', NULL, NULL, NULL),
('TGR-03-MKM-01-P', 'MEGA KENCANA MANDIRI PT.', '', NULL, 'Aktif', NULL, NULL, NULL),
('TGR-03-MMV-01', 'MAMA VIVI', '', NULL, 'Aktif', NULL, NULL, NULL),
('TGR-03-SER-01-P', 'SERIM INDONESIA PT.', '', NULL, 'Aktif', NULL, NULL, NULL),
('TGR-03-SUN-01', 'SUNRISE INDONESIA PT.', '', NULL, 'Aktif', NULL, NULL, NULL),
('TGR-03-SVI-01', 'SPRINGVILLE INDONESIA', '', NULL, 'Aktif', NULL, NULL, NULL),
('TGR-03-TRI-01-P', 'TRI SUKSES JAYA PT', '', NULL, 'Aktif', NULL, NULL, NULL),
('TGR-03-UCI-01-P', 'URECEL INDONESIA PT.', '', NULL, 'Aktif', NULL, NULL, NULL),
('TGR-03-UPA-01-P', 'UREST PANN ASIA PT. ', '', NULL, 'Aktif', NULL, NULL, NULL),
('TGR-09-AMJ-01-P', 'ARTEXINDO MAJU JAYATAMA.PT', '', NULL, 'Aktif', NULL, NULL, NULL),
('TGR-09-DAP-01-P', 'DUTA ABADI PRIMANTARA.PT', '', NULL, 'Aktif', NULL, NULL, NULL),
('TGR-09-PEJ-01-P', 'PELANGI JAYA CV', '', NULL, 'Aktif', NULL, NULL, NULL),
('TSK-09-NSD-01', 'NUSINDO CV. ', '', NULL, 'Aktif', NULL, NULL, NULL),
('TSK-09-PAN-01', 'PANDA TK.', '', NULL, 'Aktif', NULL, NULL, NULL),
('TSK-09-RNT-01-P', 'RENTANG BUANA NIAGA TASIK PT. ', '', NULL, 'Aktif', NULL, NULL, NULL),
('TSK-09-SRA-01', 'SARI AGUNG TK.', '', NULL, 'Aktif', NULL, NULL, NULL),
('TSK-09-SUP-01', 'SUMBER USAHA PUTRA TK.', '', NULL, 'Aktif', NULL, NULL, NULL);

-- --------------------------------------------------------

--
-- Table structure for table `custprice`
--

CREATE TABLE `custprice` (
  `id` int(11) NOT NULL,
  `nomor_price` varchar(255) NOT NULL,
  `id_user` int(10) UNSIGNED NOT NULL,
  `tanggal` datetime NOT NULL,
  `kode_customer` varchar(255) NOT NULL,
  `kode_barang` varchar(255) NOT NULL,
  `harga` int(11) NOT NULL,
  `keterangan` text,
  `status` enum('Non Aktif','Aktif','Di Tolak') NOT NULL DEFAULT 'Non Aktif',
  `open` enum('N','Y') NOT NULL DEFAULT 'N',
  `alastolak` text,
  `created_at` timestamp NULL DEFAULT NULL,
  `updated_at` timestamp NULL DEFAULT NULL
) ENGINE=InnoDB DEFAULT CHARSET=latin1;

--
-- Dumping data for table `custprice`
--

INSERT INTO `custprice` (`id`, `nomor_price`, `id_user`, `tanggal`, `kode_customer`, `kode_barang`, `harga`, `keterangan`, `status`, `open`, `alastolak`, `created_at`, `updated_at`) VALUES
(13, 'CP-2020-10-0001A2', 16, '2020-10-03 22:26:25', 'TGR-03-GMM-01-P', '1701900000', 7000, NULL, 'Aktif', 'Y', NULL, '2020-10-03 08:26:25', '2020-10-04 23:44:29'),
(14, 'CP-2020-10-0001A2', 16, '2020-10-03 22:26:25', 'TGR-03-GMM-01-P', '1501300306', 11800, NULL, 'Di Tolak', 'Y', 'terlalu murah', '2020-10-03 08:26:25', '2020-10-04 23:44:30'),
(40, 'CP-2020-10-0002A1', 26, '2020-10-05 09:59:45', 'JMB-08-ABB-01', '1701900000', 6800, 'Permintaan ibu dita', 'Aktif', 'Y', NULL, '2020-10-04 19:59:46', '2020-10-04 23:44:15'),
(41, 'CP-2020-10-0002A1', 26, '2020-10-05 09:59:45', 'JMB-08-ABB-01', '1501300306', 11500, 'Permintaan ibu dita', 'Aktif', 'Y', NULL, '2020-10-04 19:59:46', '2020-10-04 23:44:15'),
(42, 'CP-2020-10-0002A1', 26, '2020-10-05 09:59:45', 'JMB-08-ABB-01', '1300800000(03)', 1000, 'Permintaan ibu dita', 'Di Tolak', 'Y', 'Harga tidak masuk', '2020-10-04 19:59:47', '2020-10-04 23:44:16'),
(43, 'CP-2020-10-0001GR', 36, '2020-10-05 11:42:58', 'SBY-11-ETT-02', '1200100700', 12000, NULL, 'Aktif', 'Y', NULL, '2020-10-04 21:42:58', '2020-10-04 23:38:48'),
(44, 'CP-2020-10-0001GR', 36, '2020-10-05 11:42:58', 'SBY-11-ETT-02', '1300800000(04)', 1000, NULL, 'Aktif', 'Y', NULL, '2020-10-04 21:42:59', '2020-10-04 23:38:49'),
(45, 'CP-2020-10-0001GR', 36, '2020-10-05 11:42:58', 'SBY-11-ETT-02', '1300400000(03)', 52000, NULL, 'Di Tolak', 'Y', 'harga terlalu murah', '2020-10-04 21:42:59', '2020-10-04 23:38:49'),
(46, 'CP-2020-10-0002A2', 16, '2020-10-05 13:12:54', 'PMG-33-AKS-01', '1200200100', 21000, NULL, 'Aktif', 'Y', NULL, '2020-10-04 23:12:55', '2020-10-17 01:38:51'),
(47, 'CP-2020-10-0002A2', 16, '2020-10-05 13:12:54', 'PMG-33-AKS-01', '1100300109(21)', 12000, NULL, 'Aktif', 'Y', NULL, '2020-10-04 23:12:55', '2020-10-17 01:38:52'),
(48, 'CP-2020-10-0001A1', 26, '2020-10-05 13:49:39', 'LPG-19-KAF-01', '1701900000', 6700, NULL, 'Aktif', 'Y', NULL, '2020-10-04 23:49:41', '2020-10-05 00:27:42'),
(49, 'CP-2020-10-0001A1', 26, '2020-10-05 13:49:39', 'LPG-19-KAF-01', '1501300306', 12000, NULL, 'Aktif', 'Y', NULL, '2020-10-04 23:49:41', '2020-10-05 00:27:41'),
(50, 'CP-2020-10-0003A1', 26, '2020-10-07 09:34:34', 'MDN-34-SLT-02', '1902402-1584', 15000, NULL, 'Aktif', 'Y', NULL, '2020-10-06 19:34:34', '2020-10-06 19:36:29'),
(51, 'CP-2020-10-0003A1', 26, '2020-10-07 09:34:34', 'MDN-34-SLT-02', '1100100000', 2000, NULL, 'Di Tolak', 'Y', 'jhyf', '2020-10-06 19:34:35', '2020-10-06 19:36:29'),
(53, 'CP-2020-10-0004A1', 26, '2020-10-07 16:00:41', 'BGR-09-AJG-01', '1701900000', 7000, NULL, 'Aktif', 'Y', NULL, '2020-10-07 02:00:42', '2020-10-07 02:02:20'),
(54, 'CP-2020-10-0005A1', 26, '2020-10-13 10:34:39', 'LPG-19-KAF-01', '1501300321', 12000, NULL, 'Aktif', 'Y', NULL, '2020-10-12 20:34:40', '2020-10-12 20:36:59'),
(55, 'CP-2020-10-0005A1', 26, '2020-10-13 10:34:39', 'LPG-19-KAF-01', '1501400312', 15000, NULL, 'Aktif', 'Y', NULL, '2020-10-12 20:34:40', '2020-10-12 20:37:00'),
(56, 'CP-2020-10-0005A1', 26, '2020-10-13 10:34:39', 'LPG-19-KAF-01', '1501400322', 11000, NULL, 'Aktif', 'Y', NULL, '2020-10-12 20:34:41', '2020-10-12 20:37:00'),
(57, 'CP-2020-10-0005A1', 26, '2020-10-13 10:34:39', 'LPG-19-KAF-01', '1501400319', 20000, NULL, 'Aktif', 'Y', NULL, '2020-10-12 20:34:41', '2020-10-12 20:37:01'),
(58, 'CP-2020-10-0002GR', 36, '2020-10-16 13:40:29', 'MKS-28-MAK-03', '1701900000', 6000, NULL, 'Aktif', 'Y', NULL, '2020-10-15 23:40:29', '2020-10-15 23:41:17'),
(59, 'CP-2020-10-0002GR', 36, '2020-10-16 13:40:29', 'MKS-28-MAK-03', '1501300306', 12000, NULL, 'Aktif', 'Y', NULL, '2020-10-15 23:40:29', '2020-10-15 23:41:18'),
(60, 'CP-2020-10-0002GR', 36, '2020-10-16 13:40:29', 'MKS-28-MAK-03', '2100300200', 10000, NULL, 'Aktif', 'Y', NULL, '2020-10-15 23:40:29', '2020-10-15 23:41:18'),
(67, 'CP-2020-10-0007A1', 26, '2020-10-17 21:07:05', 'BGR-09-ARV-01', '1100100000', 12000, 'Permintaan ibu heny', 'Non Aktif', 'N', NULL, '2020-10-17 07:07:06', '2020-10-17 07:07:06'),
(68, 'CP-2020-10-0007A1', 26, '2020-10-17 21:07:05', 'BGR-09-ARV-01', '1100300109(21)', 10000, 'Permintaan ibu heny', 'Non Aktif', 'N', NULL, '2020-10-17 07:07:06', '2020-10-17 07:07:06'),
(69, 'CP-2020-10-0008A1', 26, '2020-10-22 15:18:37', 'BTM-18-IDF-02', '1701900000', 1, NULL, 'Non Aktif', 'N', NULL, '2020-10-22 01:18:37', '2020-10-22 01:18:37'),
(70, 'CP-2020-10-0008A1', 26, '2020-10-22 15:18:37', 'BTM-18-IDF-02', '1501300306', 2, NULL, 'Non Aktif', 'N', NULL, '2020-10-22 01:18:37', '2020-10-22 01:18:37'),
(71, 'CP-2020-10-0008A1', 26, '2020-10-22 15:18:37', 'BTM-18-IDF-02', '230106', 3, NULL, 'Non Aktif', 'N', NULL, '2020-10-22 01:18:37', '2020-10-22 01:18:37'),
(72, 'CP-2020-10-0008A1', 26, '2020-10-22 15:18:37', 'BTM-18-IDF-02', '1102704400', 4, NULL, 'Non Aktif', 'N', NULL, '2020-10-22 01:18:38', '2020-10-22 01:18:38'),
(73, 'CP-2020-10-0008A1', 26, '2020-10-22 15:18:37', 'BTM-18-IDF-02', '1100700200', 5, NULL, 'Non Aktif', 'N', NULL, '2020-10-22 01:18:38', '2020-10-22 01:18:38'),
(74, 'CP-2020-10-0008A1', 26, '2020-10-22 15:18:37', 'BTM-18-IDF-02', '1101001909', 6, NULL, 'Non Aktif', 'N', NULL, '2020-10-22 01:18:38', '2020-10-22 01:18:38'),
(75, 'CP-2020-10-0512A2', 39, '2020-10-22 15:25:15', 'BGR-09-ATL-01', '1202000305', 14500, NULL, 'Non Aktif', 'N', NULL, '2020-10-22 01:25:15', '2020-10-22 01:25:15'),
(76, 'CP-2020-10-0512A2', 39, '2020-10-22 15:25:15', 'BGR-09-ATL-01', '1900400-2760-7', 17000, NULL, 'Non Aktif', 'N', NULL, '2020-10-22 01:25:15', '2020-10-22 01:25:15'),
(77, 'CP-2020-10-0512A2', 39, '2020-10-22 15:25:15', 'BGR-09-ATL-01', '1900403-1231', 19000, NULL, 'Non Aktif', 'N', NULL, '2020-10-22 01:25:15', '2020-10-22 01:25:15'),
(78, 'CP-2020-10-0512A2', 39, '2020-10-22 15:25:15', 'BGR-09-ATL-01', '2100200100', 210000, NULL, 'Non Aktif', 'N', NULL, '2020-10-22 01:25:16', '2020-10-22 01:25:16'),
(79, 'CP-2020-10-0246A2', 39, '2020-10-22 15:29:10', 'BGR-09-ARW-01', '1102003100', 1050, NULL, 'Non Aktif', 'N', NULL, '2020-10-22 01:29:11', '2020-10-22 01:29:11'),
(80, 'CP-2020-10-0246A2', 39, '2020-10-22 15:29:10', 'BGR-09-ARW-01', '1202000905', 14500, NULL, 'Non Aktif', 'N', NULL, '2020-10-22 01:29:11', '2020-10-22 01:29:11'),
(81, 'CP-2020-10-0246A2', 39, '2020-10-22 15:29:10', 'BGR-09-ARW-01', '2100200100', 80000, NULL, 'Non Aktif', 'N', NULL, '2020-10-22 01:29:11', '2020-10-22 01:29:11'),
(82, 'CP-2020-10-0246A2', 39, '2020-10-22 15:29:10', 'BGR-09-ARW-01', '180050100(45)', 16500, NULL, 'Non Aktif', 'N', NULL, '2020-10-22 01:29:11', '2020-10-22 01:29:11'),
(83, 'CP-2020-10-0246A2', 39, '2020-10-22 15:29:10', 'BGR-09-ARW-01', '1102003200', 2500, NULL, 'Non Aktif', 'N', NULL, '2020-10-22 01:29:12', '2020-10-22 01:29:12'),
(84, 'CP-2020-10-0009A1', 26, '2020-10-22 15:36:14', 'JMB-08-ABB-01', '1501300306', 1, NULL, 'Non Aktif', 'N', NULL, '2020-10-22 01:36:14', '2020-10-22 01:36:14'),
(85, 'CP-2020-10-0009A1', 26, '2020-10-22 15:36:14', 'JMB-08-ABB-01', '1100300005(06)', 2, NULL, 'Non Aktif', 'N', NULL, '2020-10-22 01:36:15', '2020-10-22 01:36:15'),
(86, 'CP-2020-10-0009A1', 26, '2020-10-22 15:36:14', 'JMB-08-ABB-01', '1100300409', 3, NULL, 'Non Aktif', 'N', NULL, '2020-10-22 01:36:15', '2020-10-22 01:36:15'),
(87, 'CP-2020-10-0009A1', 26, '2020-10-22 15:36:14', 'JMB-08-ABB-01', '1100200000', 4, NULL, 'Non Aktif', 'N', NULL, '2020-10-22 01:36:15', '2020-10-22 01:36:15'),
(88, 'CP-2020-10-0009A1', 26, '2020-10-22 15:36:14', 'JMB-08-ABB-01', '1102800000-E19Z', 5, NULL, 'Non Aktif', 'N', NULL, '2020-10-22 01:36:15', '2020-10-22 01:36:15'),
(89, 'CP-2020-10-0009A1', 26, '2020-10-22 15:36:14', 'JMB-08-ABB-01', '1100400010', 6, NULL, 'Non Aktif', 'N', NULL, '2020-10-22 01:36:16', '2020-10-22 01:36:16'),
(97, 'CP-2020-10-0006A1', 26, '2020-10-28 14:57:55', 'TGL-10-ACI-01', '230111', 1, NULL, 'Aktif', 'Y', NULL, '2020-10-28 00:57:56', '2020-10-28 01:06:19'),
(98, 'CP-2020-10-0006A1', 26, '2020-10-28 14:57:55', 'TGL-10-ACI-01', '1100402132', 2, NULL, 'Aktif', 'Y', NULL, '2020-10-28 00:57:56', '2020-10-28 01:06:19'),
(99, 'CP-2020-10-0006A1', 26, '2020-10-28 14:57:55', 'TGL-10-ACI-01', '1101900000(53)', 3, NULL, 'Aktif', 'Y', NULL, '2020-10-28 00:57:56', '2020-10-28 01:06:20'),
(100, 'CP-2020-10-0006A1', 26, '2020-10-28 14:57:55', 'TGL-10-ACI-01', '1100100000', 4, NULL, 'Aktif', 'Y', NULL, '2020-10-28 00:57:57', '2020-10-28 01:06:20');

-- --------------------------------------------------------

--
-- Table structure for table `divisi`
--

CREATE TABLE `divisi` (
  `id` int(10) UNSIGNED NOT NULL,
  `nama` varchar(191) COLLATE utf8mb4_unicode_ci NOT NULL,
  `keterangan` text COLLATE utf8mb4_unicode_ci NOT NULL,
  `created_at` timestamp NULL DEFAULT NULL,
  `updated_at` timestamp NULL DEFAULT NULL
) ENGINE=InnoDB DEFAULT CHARSET=utf8mb4 COLLATE=utf8mb4_unicode_ci;

--
-- Dumping data for table `divisi`
--

INSERT INTO `divisi` (`id`, `nama`, `keterangan`, `created_at`, `updated_at`) VALUES
(2, 'DIC', 'Distribution & Inventory Control', '2020-06-16 17:00:00', NULL),
(3, 'Purchasing', 'Bagian Pembelian/Penyediaan Barang Ekatunggal', '2020-06-16 17:00:00', NULL);

-- --------------------------------------------------------

--
-- Table structure for table `ekspedisi`
--

CREATE TABLE `ekspedisi` (
  `id` int(11) NOT NULL,
  `nama` varchar(255) NOT NULL,
  `alamat` text NOT NULL,
  `kontak` int(11) NOT NULL,
  `keterangan` text,
  `created_at` timestamp NULL DEFAULT NULL,
  `updated_at` timestamp NULL DEFAULT NULL
) ENGINE=InnoDB DEFAULT CHARSET=latin1;

--
-- Dumping data for table `ekspedisi`
--

INSERT INTO `ekspedisi` (`id`, `nama`, `alamat`, `kontak`, `keterangan`, `created_at`, `updated_at`) VALUES
(1, 'Exp. Mala Lestari', 'Jl. Kampung sawah, RT.001/002 Kel.Pasar Jambu. Jakarta Barat', 21776252, NULL, '2020-08-12 17:00:00', '2020-10-03 09:45:24'),
(2, 'Exp.Dharma Kumara', 'Jl.Tanjung Priok No.20 Blok.E Jakarta Utara 1729', 218364341, 'Kirim ke Lampung', '2020-08-18 07:14:44', '2020-08-18 07:23:56'),
(3, 'Exp.Putra Bintang Kharisma', 'Jl.Raya bogor No.25', 251728362, NULL, '2020-08-23 20:32:47', '2020-08-23 20:32:47');

-- --------------------------------------------------------

--
-- Table structure for table `failed_jobs`
--

CREATE TABLE `failed_jobs` (
  `id` bigint(20) UNSIGNED NOT NULL,
  `connection` text COLLATE utf8mb4_unicode_ci NOT NULL,
  `queue` text COLLATE utf8mb4_unicode_ci NOT NULL,
  `payload` longtext COLLATE utf8mb4_unicode_ci NOT NULL,
  `exception` longtext COLLATE utf8mb4_unicode_ci NOT NULL,
  `failed_at` timestamp NOT NULL DEFAULT CURRENT_TIMESTAMP
) ENGINE=InnoDB DEFAULT CHARSET=utf8mb4 COLLATE=utf8mb4_unicode_ci;

-- --------------------------------------------------------

--
-- Table structure for table `formprice`
--

CREATE TABLE `formprice` (
  `nomor_price` varchar(255) NOT NULL,
  `tanggal` date NOT NULL,
  `kode_customer` varchar(255) NOT NULL,
  `id_user` int(11) NOT NULL,
  `status` enum('Draft','Kordinator','Supervisor','Confirm','Tolak') NOT NULL DEFAULT 'Kordinator',
  `kode_groupso` varchar(255) NOT NULL,
  `keterangan` text,
  `created_at` timestamp NULL DEFAULT NULL,
  `updated_at` timestamp NULL DEFAULT NULL
) ENGINE=InnoDB DEFAULT CHARSET=latin1;

--
-- Dumping data for table `formprice`
--

INSERT INTO `formprice` (`nomor_price`, `tanggal`, `kode_customer`, `id_user`, `status`, `kode_groupso`, `keterangan`, `created_at`, `updated_at`) VALUES
('CP-2020-10-0001A1', '2020-10-03', 'LPG-19-KAF-01', 26, 'Confirm', 'A1', NULL, '2020-10-03 08:13:52', '2020-10-05 00:27:41'),
('CP-2020-10-0001A2', '2020-10-03', 'TGR-03-GMM-01-P', 16, 'Confirm', 'A2', NULL, '2020-10-03 08:26:25', '2020-10-04 23:44:29'),
('CP-2020-10-0001GR', '2020-10-05', 'SBY-11-ETT-02', 36, 'Confirm', 'GR', NULL, '2020-10-04 21:42:58', '2020-10-04 23:38:47'),
('CP-2020-10-0002A1', '2020-10-03', 'JMB-08-ABB-01', 26, 'Confirm', 'A1', 'Permintaan ibu dita', '2020-10-03 08:24:45', '2020-10-04 23:44:13'),
('CP-2020-10-0002A2', '2020-10-05', 'PMG-33-AKS-01', 16, 'Confirm', 'A2', NULL, '2020-10-04 23:12:54', '2020-10-17 01:38:51'),
('CP-2020-10-0002GR', '2020-10-16', 'MKS-28-MAK-03', 36, 'Confirm', 'GR', NULL, '2020-10-15 23:40:28', '2020-10-15 23:41:17'),
('CP-2020-10-0003A1', '2020-10-07', 'MDN-34-SLT-02', 26, 'Confirm', 'A1', NULL, '2020-10-06 19:34:34', '2020-10-06 19:36:28'),
('CP-2020-10-0004A1', '2020-10-07', 'BGR-09-AJG-01', 26, 'Confirm', 'A1', NULL, '2020-10-07 02:00:41', '2020-10-07 02:02:19'),
('CP-2020-10-0005A1', '2020-10-13', 'LPG-19-KAF-01', 26, 'Confirm', 'A1', NULL, '2020-10-12 20:34:39', '2020-10-12 20:36:59'),
('CP-2020-10-0006A1', '2020-10-17', 'TGL-10-ACI-01', 26, 'Confirm', 'A1', NULL, '2020-10-17 03:13:05', '2020-10-28 01:06:19'),
('CP-2020-10-0007A1', '2020-10-17', 'BGR-09-ARV-01', 26, 'Kordinator', 'A1', 'Permintaan ibu heny', '2020-10-17 07:07:05', '2020-10-17 07:07:05'),
('CP-2020-10-0008A1', '2020-10-22', 'BTM-18-IDF-02', 26, 'Kordinator', 'A1', NULL, '2020-10-22 01:18:36', '2020-10-22 01:18:36'),
('CP-2020-10-0009A1', '2020-10-22', 'JMB-08-ABB-01', 26, 'Kordinator', 'A1', NULL, '2020-10-22 01:36:14', '2020-10-22 01:36:14'),
('CP-2020-10-0246A2', '2020-10-22', 'BGR-09-ARW-01', 39, 'Kordinator', 'A2', NULL, '2020-10-22 01:29:10', '2020-10-22 01:29:10'),
('CP-2020-10-0512A2', '2020-10-22', 'BGR-09-ATL-01', 39, 'Kordinator', 'A2', NULL, '2020-10-22 01:25:14', '2020-10-22 01:25:14');

-- --------------------------------------------------------

--
-- Table structure for table `groupso`
--

CREATE TABLE `groupso` (
  `kode` varchar(255) NOT NULL,
  `area` varchar(255) NOT NULL,
  `keterangan` text,
  `status` enum('Aktif','Non Aktif') NOT NULL DEFAULT 'Aktif',
  `created_at` timestamp NULL DEFAULT NULL,
  `updated_at` timestamp NULL DEFAULT NULL
) ENGINE=InnoDB DEFAULT CHARSET=latin1;

--
-- Dumping data for table `groupso`
--

INSERT INTO `groupso` (`kode`, `area`, `keterangan`, `status`, `created_at`, `updated_at`) VALUES
('A1', 'Luar Pulau Jawa', 'Wilayah luar pulau jawa', 'Aktif', '2020-09-30 17:00:00', NULL),
('A2', 'Pulau Jawa', 'Wilayah pulau jawa', 'Aktif', '2020-09-30 17:00:00', NULL),
('GR', 'Ekatunggal Group', 'Cabang PT. Ekatunggal', 'Aktif', '2020-09-30 23:54:35', '2020-09-30 23:58:55');

-- --------------------------------------------------------

--
-- Table structure for table `history`
--

CREATE TABLE `history` (
  `id` int(11) NOT NULL,
  `nomor_dok` varchar(255) NOT NULL,
  `nomor_ref` varchar(255) DEFAULT NULL,
  `id_user` int(10) UNSIGNED NOT NULL,
  `notif` text NOT NULL,
  `keterangan` text NOT NULL,
  `jenis` varchar(255) NOT NULL,
  `tanggal` datetime NOT NULL,
  `aktif` enum('Y','N') NOT NULL DEFAULT 'Y',
  `created_at` timestamp NULL DEFAULT NULL,
  `updated_at` timestamp NULL DEFAULT NULL
) ENGINE=InnoDB DEFAULT CHARSET=latin1;

--
-- Dumping data for table `history`
--

INSERT INTO `history` (`id`, `nomor_dok`, `nomor_ref`, `id_user`, `notif`, `keterangan`, `jenis`, `tanggal`, `aktif`, `created_at`, `updated_at`) VALUES
(1, 'CP-2020-10-0001A1', NULL, 26, 'Anda mendapatkan permintaan  harga baru!', 'Form permintan di kirim ke kordinator', 'Cp', '2020-10-03 22:13:52', 'Y', '2020-10-03 08:13:53', '2020-10-03 08:13:53'),
(3, 'CP-2020-10-0002A1', NULL, 26, 'Anda mendapatkan permintaan  harga baru!', 'Form permintan di kirim ke kordinator Sales', 'Cp', '2020-10-03 22:24:45', 'Y', '2020-10-03 08:24:47', '2020-10-04 19:59:48'),
(4, 'CP-2020-10-0001A2', NULL, 16, 'Anda mendapatkan permintaan  harga baru!', 'Form permintan di kirim ke kordinator Sales', 'Cp', '2020-10-03 22:26:25', 'Y', '2020-10-03 08:26:26', '2020-10-03 08:26:26'),
(7, 'CP-2020-10-0002A1', NULL, 26, 'Permintaan ditarik!', 'Permintaan di tarik kembali (Request edit)', 'Cp', '2020-10-04 20:47:27', 'Y', '2020-10-04 06:47:28', '2020-10-04 19:59:49'),
(8, 'CP-2020-10-0002A1', NULL, 26, 'Anda mendapatkan permintaan  harga baru!', 'Form permintan di kirim ke kordinator Sales', 'Cp', '2020-10-05 09:35:28', 'Y', '2020-10-04 19:35:31', '2020-10-04 19:59:49'),
(9, 'CP-2020-10-0002A1', NULL, 26, 'Anda mendapatkan permintaan  harga baru!', 'Form permintan di kirim ke kordinator Sales', 'Cp', '2020-10-05 09:36:52', 'Y', '2020-10-04 19:36:54', '2020-10-04 19:59:49'),
(10, 'CP-2020-10-0002A1', NULL, 26, 'Permintaan ditarik!', 'Permintaan di tarik kembali (Request edit)', 'Cp', '2020-10-05 09:37:12', 'Y', '2020-10-04 19:37:12', '2020-10-04 19:59:50'),
(11, 'CP-2020-10-0002A1', NULL, 26, 'Anda mendapatkan permintaan  harga baru!', 'Form permintan di kirim ke kordinator Sales', 'Cp', '2020-10-05 09:37:46', 'Y', '2020-10-04 19:37:48', '2020-10-04 19:59:50'),
(12, 'CP-2020-10-0002A1', NULL, 26, 'Permintaan ditarik!', 'Permintaan di tarik kembali (Request edit)', 'Cp', '2020-10-05 09:43:40', 'Y', '2020-10-04 19:43:40', '2020-10-04 19:59:51'),
(13, 'CP-2020-10-0002A1', NULL, 26, 'Anda mendapatkan permintaan  harga baru!', 'Form permintan di kirim ke kordinator Sales', 'Cp', '2020-10-05 09:43:57', 'Y', '2020-10-04 19:44:00', '2020-10-04 19:59:51'),
(14, 'CP-2020-10-0002A1', NULL, 26, 'Permintaan ditarik!', 'Permintaan di tarik kembali (Request edit)', 'Cp', '2020-10-05 09:44:20', 'Y', '2020-10-04 19:44:20', '2020-10-04 19:59:52'),
(15, 'CP-2020-10-0002A1', NULL, 26, 'Anda mendapatkan permintaan  harga baru!', 'Merubah nomor permintaan : CP-2020-10-0002A1', 'Cp', '2020-10-05 09:44:57', 'Y', '2020-10-04 19:44:59', '2020-10-04 19:59:52'),
(16, 'CP-2020-10-0002A1', NULL, 26, 'Anda mendapatkan permintaan  harga baru!', 'Form permintan di kirim ke kordinator Sales', 'Cp', '2020-10-05 09:44:59', 'Y', '2020-10-04 19:45:00', '2020-10-04 19:59:53'),
(17, 'CP-2020-10-0002A1', NULL, 26, 'Permintaan ditarik!', 'Permintaan di tarik kembali (Request edit)', 'Cp', '2020-10-05 09:45:18', 'Y', '2020-10-04 19:45:19', '2020-10-04 19:59:53'),
(18, 'CP-2020-10-0002A1', NULL, 26, 'Anda mendapatkan permintaan  harga baru!', 'Merubah nomor permintaan : CP-2020-10-0003A1', 'Cp', '2020-10-05 09:51:53', 'Y', '2020-10-04 19:51:54', '2020-10-04 19:59:53'),
(19, 'CP-2020-10-0002A1', NULL, 26, 'Anda mendapatkan permintaan  harga baru!', 'Form permintan di kirim ke kordinator Sales', 'Cp', '2020-10-05 09:51:54', 'Y', '2020-10-04 19:51:55', '2020-10-04 19:59:54'),
(20, 'CP-2020-10-0002A1', NULL, 26, 'Permintaan ditarik!', 'Permintaan di tarik kembali (Request edit)', 'Cp', '2020-10-05 09:52:34', 'Y', '2020-10-04 19:52:34', '2020-10-04 19:59:54'),
(21, 'CP-2020-10-0002A1', NULL, 26, 'Anda mendapatkan permintaan  harga baru!', 'Form permintan di kirim ke kordinator Sales', 'Cp', '2020-10-05 09:52:56', 'Y', '2020-10-04 19:52:59', '2020-10-04 19:59:55'),
(22, 'CP-2020-10-0002A1', NULL, 26, 'Permintaan ditarik!', 'Permintaan di tarik kembali (Request edit)', 'Cp', '2020-10-05 09:57:45', 'Y', '2020-10-04 19:57:45', '2020-10-04 19:59:55'),
(23, 'CP-2020-10-0002A1', NULL, 26, 'Anda mendapatkan permintaan  harga baru!', 'Merubah nomor permintaan : CP-2020-10-0002A1', 'Cp', '2020-10-05 09:59:14', 'Y', '2020-10-04 19:59:18', '2020-10-04 19:59:56'),
(24, 'CP-2020-10-0002A1', NULL, 26, 'Anda mendapatkan permintaan  harga baru!', 'Merubah nomor permintaan : CP-2020-10-0003A1', 'Cp', '2020-10-05 09:59:48', 'Y', '2020-10-04 19:59:56', '2020-10-04 19:59:56'),
(25, 'CP-2020-10-0002A1', NULL, 26, 'Anda mendapatkan permintaan  harga baru!', 'Form permintan di kirim ke kordinator Sales', 'Cp', '2020-10-05 09:59:56', 'Y', '2020-10-04 19:59:57', '2020-10-04 19:59:57'),
(26, 'CP-2020-10-0001A1', NULL, 26, 'Permintaan ditarik!', 'Permintaan di tarik kembali (Request edit)', 'Cp', '2020-10-05 10:11:33', 'Y', '2020-10-04 20:11:33', '2020-10-04 20:11:33'),
(27, 'CP-2020-10-0002A1', NULL, 42, 'Permintaan di konfimasi!', 'Di konfirmasi Kordinator Sales', 'Cp', '2020-10-05 11:06:05', 'Y', '2020-10-04 21:06:06', '2020-10-04 21:06:06'),
(28, 'CP-2020-10-0001A2', NULL, 41, 'Permintaan di konfimasi!', 'Di konfirmasi Kordinator Sales', 'Cp', '2020-10-05 11:40:21', 'Y', '2020-10-04 21:40:23', '2020-10-04 21:40:23'),
(29, 'CP-2020-10-0001GR', NULL, 36, 'Anda mendapatkan permintaan  harga baru!', 'Form permintan di kirim ke kordinator Sales', 'Cp', '2020-10-05 11:42:58', 'Y', '2020-10-04 21:43:00', '2020-10-04 21:43:00'),
(30, 'CP-2020-10-0002A2', NULL, 16, 'Anda mendapatkan permintaan  harga baru!', 'Form permintan di kirim ke kordinator Sales', 'Cp', '2020-10-05 13:12:54', 'Y', '2020-10-04 23:12:55', '2020-10-04 23:12:55'),
(31, 'CP-2020-10-0001GR', NULL, 40, 'Permintaan di konfimasi!', 'Di konfirmasi Supervisor', 'Cp', '2020-10-05 13:21:43', 'Y', '2020-10-04 23:21:45', '2020-10-04 23:21:45'),
(32, 'CP-2020-10-0001GR', NULL, 40, 'Permintaan di konfimasi!', 'Di konfirmasi Supervisor', 'Cp', '2020-10-05 13:38:48', 'Y', '2020-10-04 23:38:50', '2020-10-04 23:38:50'),
(33, 'CP-2020-10-0002A1', NULL, 40, 'Permintaan di konfimasi!', 'Di konfirmasi Supervisor', 'Cp', '2020-10-05 13:44:14', 'Y', '2020-10-04 23:44:14', '2020-10-04 23:44:14'),
(34, 'CP-2020-10-0001A2', NULL, 40, 'Permintaan di konfimasi!', 'Di konfirmasi Supervisor', 'Cp', '2020-10-05 13:44:29', 'Y', '2020-10-04 23:44:30', '2020-10-04 23:44:30'),
(35, 'CP-2020-10-0001A1', NULL, 26, 'Anda mendapatkan permintaan  harga baru!', 'Form permintan di kirim ke kordinator Sales', 'Cp', '2020-10-05 13:49:39', 'Y', '2020-10-04 23:49:42', '2020-10-04 23:49:42'),
(36, 'CP-2020-10-0001A1', NULL, 42, 'Permintaan di konfimasi!', 'Di konfirmasi Kordinator Sales', 'Cp', '2020-10-05 13:52:29', 'Y', '2020-10-04 23:52:29', '2020-10-04 23:52:29'),
(37, 'CP-2020-10-0001A1', NULL, 42, 'Permintaan di konfimasi!', 'Di konfirmasi Kordinator Sales', 'Cp', '2020-10-05 14:01:09', 'Y', '2020-10-05 00:01:09', '2020-10-05 00:01:09'),
(38, 'CP-2020-10-0001A1', NULL, 40, 'Permintaan di konfimasi!', 'Di konfirmasi Supervisor', 'Cp', '2020-10-05 14:27:41', 'Y', '2020-10-05 00:27:42', '2020-10-05 00:27:42'),
(43, 'RSO-2020-10-0001A1', NULL, 26, 'Anda mendapatkan permintaan RSO baru!', 'RSO di kirim ke Inventory Control', 'RSO', '2020-10-05 15:16:54', 'Y', '2020-10-05 01:16:55', '2020-10-05 01:16:55'),
(46, 'PR-2020-10-0001', NULL, 18, 'Anda mendapatkan permintaan PR baru!', 'Mengirim permintaan ke purchasing', 'RSO', '2020-10-05 15:34:25', 'Y', '2020-10-05 01:34:26', '2020-10-05 01:34:26'),
(47, 'PR-2020-10-0001', NULL, 23, 'PR nomor : PR-2020-10-0001 Siap di pesankan', 'Purchase menerima PR untuk di bukakan PO', 'RSO', '2020-10-05 15:38:02', 'Y', '2020-10-05 01:38:03', '2020-10-05 01:38:03'),
(48, 'PR-2020-10-0001', NULL, 23, 'PR nomor : PR-2020-10-0001 Siap di pesankan', 'Purchase menerima PR untuk di bukakan PO', 'RSO', '2020-10-05 15:39:34', 'Y', '2020-10-05 01:39:35', '2020-10-05 01:39:35'),
(57, 'RSO-2020-10-0001A1', NULL, 18, 'Nomor RSO RSO-2020-10-0001A1 di konfirmasi Inventory Control', 'RSO di konfirmasi Inventory Control', 'RSO', '2020-10-05 16:04:22', 'Y', '2020-10-05 02:04:23', '2020-10-05 02:04:23'),
(58, 'SO-2020-10-0001A1', 'RSO-2020-10-0001A1', 26, 'Anda mendapatkan permintaan SO baru', 'SO di kirim ke Sales Kordinator', 'So', '2020-10-05 16:05:12', 'Y', '2020-10-05 02:05:14', '2020-10-05 02:05:14'),
(59, 'RSO-2020-10-0001A1', 'SO-2020-10-0001A1', 26, 'Anda mendapatkan permintaan SO baru', 'Membuat SO Tersedia nomor : SO-2020-10-0001A1', 'RSO', '2020-10-05 16:05:12', 'N', '2020-10-05 02:05:14', '2020-10-05 02:05:14'),
(60, 'SO-2020-10-0001A1', NULL, 42, 'So nomor : SO-2020-10-0001A1 DI konfirmasi Kordinator Sales', 'SO di terima Sales Kordinator', 'So', '2020-10-05 16:06:00', 'Y', '2020-10-05 02:06:00', '2020-10-05 02:06:00'),
(61, 'SO-2020-10-0001A1', NULL, 42, 'So nomor : SO-2020-10-0001A1 DI konfirmasi kordinator', 'Menunggu konfirmasi Sales SPV', 'So', '2020-10-05 16:06:00', 'Y', '2020-10-05 02:06:01', '2020-10-05 02:06:01'),
(62, 'SO-2020-10-0001A1', NULL, 40, 'So nomor : SO-2020-10-0001A1 DI konfirmasi SPV', 'SO di terima Sales Supervisor', 'So', '2020-10-05 16:06:22', 'Y', '2020-10-05 02:06:23', '2020-10-05 02:06:23'),
(63, 'SO-2020-10-0001A1', NULL, 40, 'So nomor : SO-2020-10-0001A1 DI konfirmasi SPV', 'Menunggu konfirmasi DIC', 'So', '2020-10-05 16:06:22', 'Y', '2020-10-05 02:06:23', '2020-10-05 02:06:23'),
(64, 'SO-2020-10-0001A1', NULL, 30, 'So nomor : SO-2020-10-0001A1 di terima DIC', 'SO di terima DIC', 'So', '2020-10-05 16:07:19', 'Y', '2020-10-05 02:07:20', '2020-10-05 02:07:20'),
(65, 'SO-2020-10-0001A1', NULL, 30, 'Anda mendapatkan BCK baru!', 'Membuka BCK nomor : BCK-2020-10-0001', 'So', '2020-10-05 16:15:52', 'Y', '2020-10-05 02:15:53', '2020-10-05 02:15:53'),
(67, 'SO-2020-10-0001A1', NULL, 30, 'BBK dibuka!', 'membuat BBK nomor : BBK-2020-10-0001', 'So', '2020-10-05 16:19:27', 'Y', '2020-10-05 02:19:29', '2020-10-05 02:19:29'),
(70, 'RSO-2020-10-0002A1', NULL, 26, 'Anda mendapatkan permintaan RSO baru!', 'RSO di kirim ke Inventory Control', 'RSO', '2020-10-07 09:31:57', 'Y', '2020-10-06 19:31:58', '2020-10-06 19:31:58'),
(71, 'CP-2020-10-0003A1', NULL, 26, 'Anda mendapatkan permintaan  harga baru!', 'Form permintan di kirim ke kordinator Sales', 'Cp', '2020-10-07 09:34:34', 'Y', '2020-10-06 19:34:35', '2020-10-06 19:34:35'),
(72, 'CP-2020-10-0003A1', NULL, 42, 'Permintaan di konfimasi!', 'Di konfirmasi Kordinator Sales', 'Cp', '2020-10-07 09:35:28', 'Y', '2020-10-06 19:35:29', '2020-10-06 19:35:29'),
(73, 'CP-2020-10-0003A1', NULL, 40, 'Permintaan di konfimasi!', 'Di konfirmasi Supervisor', 'Cp', '2020-10-07 09:36:28', 'Y', '2020-10-06 19:36:30', '2020-10-06 19:36:30'),
(74, 'RSO-2020-10-0004A1', NULL, 26, 'Anda mendapatkan permintaan RSO baru', 'RSO di kirim ke Inventory Control', 'RSO', '2020-10-07 15:24:33', 'Y', '2020-10-07 01:24:34', '2020-10-07 01:24:34'),
(80, 'CP-2020-10-0004A1', NULL, 26, 'Anda mendapatkan permintaan  harga baru!', 'Form permintan di kirim ke kordinator Sales', 'Cp', '2020-10-07 15:54:10', 'Y', '2020-10-07 01:54:11', '2020-10-07 01:54:11'),
(81, 'CP-2020-10-0004A1', NULL, 42, 'Permintaan di konfimasi!', 'Di konfirmasi Kordinator Sales', 'Cp', '2020-10-07 15:54:48', 'Y', '2020-10-07 01:54:49', '2020-10-07 01:54:49'),
(82, 'CP-2020-10-0004A1', NULL, 40, 'Permintaan di konfimasi!', 'Di konfirmasi Supervisor', 'Cp', '2020-10-07 15:55:14', 'Y', '2020-10-07 01:55:15', '2020-10-07 01:55:15'),
(83, 'CP-2020-10-0004A1', NULL, 26, 'Anda mendapatkan permintaan  harga baru!', 'Form permintan di kirim ke kordinator Sales', 'Cp', '2020-10-07 16:00:41', 'Y', '2020-10-07 02:00:43', '2020-10-07 02:00:43'),
(84, 'CP-2020-10-0004A1', NULL, 42, 'Permintaan di konfimasi!', 'Di konfirmasi Kordinator Sales', 'Cp', '2020-10-07 16:01:35', 'Y', '2020-10-07 02:01:36', '2020-10-07 02:01:36'),
(85, 'CP-2020-10-0004A1', NULL, 40, 'Permintaan di konfimasi!', 'Di konfirmasi Supervisor', 'Cp', '2020-10-07 16:02:19', 'Y', '2020-10-07 02:02:20', '2020-10-07 02:02:20'),
(86, 'RSO-2020-10-0002A1', NULL, 18, 'Nomor RSO RSO-2020-10-0002A1 di konfirmasi Inventory Control', 'RSO di konfirmasi Inventory Control', 'RSO', '2020-10-07 16:03:57', 'Y', '2020-10-07 02:03:58', '2020-10-07 02:03:58'),
(87, 'RSO-2020-10-0002A1', NULL, 26, 'RSO nomor RSO-2020-10-0002A1 Di tarik kembali Sales', 'Sales menarik kembali RSO (Edit RSO)', 'RSO', '2020-10-07 16:10:18', 'Y', '2020-10-07 02:10:19', '2020-10-07 02:10:19'),
(88, 'RSO-2020-10-0002A1', NULL, 26, 'Anda mendapatkan permintaan RSO baru', 'RSO di kirim ke Inventory Control', 'RSO', '2020-10-07 16:10:51', 'Y', '2020-10-07 02:10:52', '2020-10-07 02:10:52'),
(89, 'RSO-2020-10-0004A1', NULL, 18, 'Nomor RSO RSO-2020-10-0004A1 di konfirmasi Inventory Control', 'RSO di konfirmasi Inventory Control', 'RSO', '2020-10-07 16:15:32', 'Y', '2020-10-07 02:15:32', '2020-10-07 02:15:32'),
(90, 'RSO-2020-10-0004A1', NULL, 26, 'RSO nomor RSO-2020-10-0004A1 Di tarik kembali Sales', 'Sales menarik kembali RSO (Edit RSO)', 'RSO', '2020-10-07 16:16:37', 'Y', '2020-10-07 02:16:38', '2020-10-07 02:16:38'),
(91, 'RSO-2020-10-0002A1', NULL, 18, 'Nomor RSO RSO-2020-10-0002A1 di konfirmasi Inventory Control', 'RSO di konfirmasi Inventory Control', 'RSO', '2020-10-08 09:08:21', 'Y', '2020-10-07 19:08:22', '2020-10-07 19:08:22'),
(92, 'RSO-2020-10-0002A1', NULL, 18, 'Menunggu konfirmasi Purchasing', 'Menunggu konfirmasi Purchasing', 'RSO', '2020-10-08 09:08:21', 'Y', '2020-10-07 19:08:22', '2020-10-07 19:08:22'),
(93, 'RSO-2020-10-0002A1', NULL, 23, 'RSO nomor : RSO-2020-10-0002A1 di konfirmasi Purchasing', 'RSO di konfirmasi Purchasing', 'RSO', '2020-10-08 09:08:44', 'Y', '2020-10-07 19:08:45', '2020-10-07 19:08:45'),
(94, 'SO-2020-10-0002A1', 'RSO-2020-10-0002A1', 26, 'Anda mendapatkan permintaan SO baru', 'SO di kirim ke Sales Kordinator', 'So', '2020-10-08 09:09:15', 'Y', '2020-10-07 19:09:16', '2020-10-07 19:09:16'),
(95, 'RSO-2020-10-0002A1', 'SO-2020-10-0002A1', 26, 'Anda mendapatkan permintaan SO baru', 'Membuat SO Tersedia nomor : SO-2020-10-0002A1', 'RSO', '2020-10-08 09:09:15', 'N', '2020-10-07 19:09:16', '2020-10-07 19:09:16'),
(96, 'SO-2020-10-0003A1', 'RSO-2020-10-0002A1', 26, 'Anda mendapatkan permintaan SO baru', 'SO di kirim ke Sales Kordinator', 'So', '2020-10-08 09:09:35', 'Y', '2020-10-07 19:09:36', '2020-10-07 19:09:36'),
(97, 'RSO-2020-10-0002A1', 'SO-2020-10-0003A1', 26, 'Anda mendapatkan permintaan SO baru', 'Membuat SO Tidak Tersedia nomor : SO-2020-10-0003A1', 'RSO', '2020-10-08 09:09:35', 'N', '2020-10-07 19:09:36', '2020-10-07 19:09:36'),
(98, 'SO-2020-10-0002A1', NULL, 42, 'So nomor : SO-2020-10-0002A1 DI konfirmasi Kordinator Sales', 'SO di terima Sales Kordinator', 'So', '2020-10-08 09:10:21', 'Y', '2020-10-07 19:10:22', '2020-10-07 19:10:22'),
(99, 'SO-2020-10-0002A1', NULL, 42, 'So nomor : SO-2020-10-0002A1 DI konfirmasi kordinator', 'Menunggu konfirmasi Sales SPV', 'So', '2020-10-08 09:10:21', 'Y', '2020-10-07 19:10:22', '2020-10-07 19:10:22'),
(100, 'SO-2020-10-0003A1', NULL, 42, 'So nomor : SO-2020-10-0003A1 DI konfirmasi Kordinator Sales', 'SO di terima Sales Kordinator', 'So', '2020-10-08 09:10:27', 'Y', '2020-10-07 19:10:27', '2020-10-07 19:10:27'),
(101, 'SO-2020-10-0003A1', NULL, 42, 'So nomor : SO-2020-10-0003A1 DI konfirmasi kordinator', 'Menunggu konfirmasi Sales SPV', 'So', '2020-10-08 09:10:27', 'Y', '2020-10-07 19:10:28', '2020-10-07 19:10:28'),
(102, 'SO-2020-10-0002A1', NULL, 40, 'So nomor : SO-2020-10-0002A1 DI konfirmasi SPV', 'SO di terima Sales Supervisor', 'So', '2020-10-08 09:10:55', 'Y', '2020-10-07 19:10:56', '2020-10-07 19:10:56'),
(103, 'SO-2020-10-0002A1', NULL, 40, 'So nomor : SO-2020-10-0002A1 DI konfirmasi SPV', 'Menunggu konfirmasi DIC', 'So', '2020-10-08 09:10:55', 'Y', '2020-10-07 19:10:56', '2020-10-07 19:10:56'),
(104, 'SO-2020-10-0003A1', NULL, 40, 'So nomor : SO-2020-10-0003A1 DI konfirmasi SPV', 'SO di terima Sales Supervisor', 'So', '2020-10-08 09:11:01', 'Y', '2020-10-07 19:11:01', '2020-10-07 19:11:01'),
(105, 'SO-2020-10-0003A1', NULL, 40, 'So nomor : SO-2020-10-0003A1 DI konfirmasi SPV', 'Menunggu konfirmasi DIC', 'So', '2020-10-08 09:11:01', 'Y', '2020-10-07 19:11:02', '2020-10-07 19:11:02'),
(106, 'SO-2020-10-0002A1', NULL, 30, 'So nomor : SO-2020-10-0002A1 di terima DIC', 'SO di terima DIC', 'So', '2020-10-08 09:11:18', 'Y', '2020-10-07 19:11:18', '2020-10-07 19:11:18'),
(107, 'SO-2020-10-0003A1', NULL, 30, 'So nomor : SO-2020-10-0003A1 di terima DIC', 'SO di terima DIC', 'So', '2020-10-08 09:11:24', 'Y', '2020-10-07 19:11:25', '2020-10-07 19:11:25'),
(110, 'RT-2020-10-0001A1', NULL, 26, 'Anda mendapatkan permintaan Retur baru!', 'Mengirim permintaan ke Kordinator Sales', 'Rt', '2020-10-09 14:36:25', 'Y', '2020-10-09 00:36:26', '2020-10-09 00:36:26'),
(111, 'RT-2020-10-0002A1', NULL, 26, 'Anda mendapatkan permintaan Retur baru!', 'Mengirim permintaan ke Kordinator Sales', 'Rt', '2020-10-09 15:22:29', 'Y', '2020-10-09 01:22:29', '2020-10-09 01:22:29'),
(112, 'CP-2020-10-0005A1', NULL, 26, 'Anda mendapatkan permintaan  harga baru!', 'Form permintan di kirim ke kordinator Sales', 'Cp', '2020-10-13 10:34:39', 'Y', '2020-10-12 20:34:41', '2020-10-12 20:34:41'),
(113, 'CP-2020-10-0005A1', NULL, 42, 'Permintaan di konfimasi!', 'Di konfirmasi Kordinator Sales', 'Cp', '2020-10-13 10:36:26', 'Y', '2020-10-12 20:36:28', '2020-10-12 20:36:28'),
(114, 'CP-2020-10-0005A1', NULL, 40, 'Permintaan di konfimasi!', 'Di konfirmasi Supervisor', 'Cp', '2020-10-13 10:36:59', 'Y', '2020-10-12 20:37:01', '2020-10-12 20:37:01'),
(115, 'RSO-2020-10-0005A1', NULL, 26, 'Anda mendapatkan permintaan RSO baru!', 'RSO di kirim ke Inventory Control', 'RSO', '2020-10-13 10:39:47', 'Y', '2020-10-12 20:39:51', '2020-10-12 20:39:51'),
(116, 'RSO-2020-10-0005A1', NULL, 18, 'Nomor RSO RSO-2020-10-0005A1 di konfirmasi Inventory Control', 'RSO di konfirmasi Inventory Control', 'RSO', '2020-10-13 10:40:44', 'Y', '2020-10-12 20:40:45', '2020-10-12 20:40:45'),
(117, 'SO-2020-10-0004A1', 'RSO-2020-10-0005A1', 26, 'Anda mendapatkan permintaan SO baru', 'SO di kirim ke Sales Kordinator', 'So', '2020-10-13 10:41:48', 'Y', '2020-10-12 20:41:51', '2020-10-12 20:41:51'),
(118, 'RSO-2020-10-0005A1', 'SO-2020-10-0004A1', 26, 'Anda mendapatkan permintaan SO baru', 'Membuat SO Tersedia nomor : SO-2020-10-0004A1', 'RSO', '2020-10-13 10:41:48', 'N', '2020-10-12 20:41:51', '2020-10-12 20:41:51'),
(119, 'SO-2020-10-0004A1', NULL, 42, 'So nomor : SO-2020-10-0004A1 DI konfirmasi Kordinator Sales', 'SO di terima Sales Kordinator', 'So', '2020-10-13 10:42:26', 'Y', '2020-10-12 20:42:26', '2020-10-12 20:42:26'),
(120, 'SO-2020-10-0004A1', NULL, 42, 'So nomor : SO-2020-10-0004A1 DI konfirmasi kordinator', 'Menunggu konfirmasi Sales SPV', 'So', '2020-10-13 10:42:26', 'Y', '2020-10-12 20:42:27', '2020-10-12 20:42:27'),
(121, 'SO-2020-10-0004A1', NULL, 40, 'So nomor : SO-2020-10-0004A1 DI konfirmasi SPV', 'SO di terima Sales Supervisor', 'So', '2020-10-13 10:42:46', 'Y', '2020-10-12 20:42:47', '2020-10-12 20:42:47'),
(122, 'SO-2020-10-0004A1', NULL, 40, 'So nomor : SO-2020-10-0004A1 DI konfirmasi SPV', 'Menunggu konfirmasi DIC', 'So', '2020-10-13 10:42:46', 'Y', '2020-10-12 20:42:47', '2020-10-12 20:42:47'),
(123, 'SO-2020-10-0004A1', NULL, 30, 'So nomor : SO-2020-10-0004A1 di terima DIC', 'SO di terima DIC', 'So', '2020-10-13 10:43:08', 'Y', '2020-10-12 20:43:09', '2020-10-12 20:43:09'),
(124, 'CP-2020-10-0002GR', NULL, 36, 'Anda mendapatkan permintaan  harga baru!', 'Form permintan di kirim ke kordinator Sales', 'Cp', '2020-10-16 13:40:29', 'Y', '2020-10-15 23:40:30', '2020-10-15 23:40:30'),
(125, 'CP-2020-10-0002GR', NULL, 40, 'Permintaan di konfimasi!', 'Di konfirmasi Supervisor', 'Cp', '2020-10-16 13:41:17', 'Y', '2020-10-15 23:41:18', '2020-10-15 23:41:18'),
(126, 'RSO-2020-10-0001GR', NULL, 36, 'Anda mendapatkan permintaan RSO baru', 'RSO di kirim ke Inventory Control', 'RSO', '2020-10-16 13:46:14', 'Y', '2020-10-15 23:46:15', '2020-10-15 23:46:15'),
(127, 'RSO-2020-10-0001GR', NULL, 18, 'Nomor RSO RSO-2020-10-0001GR di konfirmasi Inventory Control', 'RSO di konfirmasi Inventory Control', 'RSO', '2020-10-16 13:46:51', 'Y', '2020-10-15 23:46:51', '2020-10-15 23:46:51'),
(128, 'RSO-2020-10-0001GR', NULL, 18, 'Menunggu konfirmasi Purchasing', 'Menunggu konfirmasi Purchasing', 'RSO', '2020-10-16 13:46:51', 'Y', '2020-10-15 23:46:52', '2020-10-15 23:46:52'),
(129, 'RSO-2020-10-0001GR', NULL, 23, 'RSO nomor : RSO-2020-10-0001GR di konfirmasi Purchasing', 'RSO di konfirmasi Purchasing', 'RSO', '2020-10-16 13:47:12', 'Y', '2020-10-15 23:47:13', '2020-10-15 23:47:13'),
(130, 'SO-2020-10-0001GR', 'RSO-2020-10-0001GR', 36, 'Anda mendapatkan permintaan SO baru', 'SO di kirim ke Sales Kordinator', 'So', '2020-10-16 13:47:52', 'Y', '2020-10-15 23:47:53', '2020-10-15 23:47:53'),
(131, 'RSO-2020-10-0001GR', 'SO-2020-10-0001GR', 36, 'Anda mendapatkan permintaan SO baru', 'Membuat SO Tersedia nomor : SO-2020-10-0001GR', 'RSO', '2020-10-16 13:47:52', 'N', '2020-10-15 23:47:54', '2020-10-15 23:47:54'),
(132, 'SO-2020-10-0002GR', 'RSO-2020-10-0001GR', 36, 'Anda mendapatkan permintaan SO baru', 'SO di kirim ke Sales Kordinator', 'So', '2020-10-16 13:48:13', 'Y', '2020-10-15 23:48:14', '2020-10-15 23:48:14'),
(133, 'RSO-2020-10-0001GR', 'SO-2020-10-0002GR', 36, 'Anda mendapatkan permintaan SO baru', 'Membuat SO Tidak Tersedia nomor : SO-2020-10-0002GR', 'RSO', '2020-10-16 13:48:13', 'N', '2020-10-15 23:48:17', '2020-10-15 23:48:17'),
(134, 'SO-2020-10-0001GR', NULL, 40, 'So nomor : SO-2020-10-0001GR DI konfirmasi Kordinator Sales', 'SO di terima Sales Kordinator', 'So', '2020-10-16 13:55:25', 'Y', '2020-10-15 23:55:25', '2020-10-15 23:55:25'),
(135, 'SO-2020-10-0001GR', NULL, 40, 'So nomor : SO-2020-10-0001GR DI konfirmasi kordinator', 'Menunggu konfirmasi Sales SPV', 'So', '2020-10-16 13:55:25', 'Y', '2020-10-15 23:55:25', '2020-10-15 23:55:25'),
(136, 'SO-2020-10-0002GR', NULL, 40, 'So nomor : SO-2020-10-0002GR DI konfirmasi Kordinator Sales', 'SO di terima Sales Kordinator', 'So', '2020-10-16 13:55:31', 'Y', '2020-10-15 23:55:31', '2020-10-15 23:55:31'),
(137, 'SO-2020-10-0002GR', NULL, 40, 'So nomor : SO-2020-10-0002GR DI konfirmasi kordinator', 'Menunggu konfirmasi Sales SPV', 'So', '2020-10-16 13:55:31', 'Y', '2020-10-15 23:55:31', '2020-10-15 23:55:31'),
(138, 'SO-2020-10-0001GR', NULL, 40, 'So nomor : SO-2020-10-0001GR DI konfirmasi SPV', 'SO di terima Sales Supervisor', 'So', '2020-10-16 13:56:40', 'Y', '2020-10-15 23:56:40', '2020-10-15 23:56:40'),
(139, 'SO-2020-10-0001GR', NULL, 40, 'So nomor : SO-2020-10-0001GR DI konfirmasi SPV', 'Menunggu konfirmasi DIC', 'So', '2020-10-16 13:56:40', 'Y', '2020-10-15 23:56:41', '2020-10-15 23:56:41'),
(140, 'SO-2020-10-0002GR', NULL, 40, 'So nomor : SO-2020-10-0002GR DI konfirmasi SPV', 'SO di terima Sales Supervisor', 'So', '2020-10-16 13:56:44', 'Y', '2020-10-15 23:56:45', '2020-10-15 23:56:45'),
(141, 'SO-2020-10-0002GR', NULL, 40, 'So nomor : SO-2020-10-0002GR DI konfirmasi SPV', 'Menunggu konfirmasi DIC', 'So', '2020-10-16 13:56:44', 'Y', '2020-10-15 23:56:45', '2020-10-15 23:56:45'),
(142, 'SO-2020-10-0001GR', NULL, 30, 'So nomor : SO-2020-10-0001GR di terima DIC', 'SO di terima DIC', 'So', '2020-10-16 13:57:03', 'Y', '2020-10-15 23:57:03', '2020-10-15 23:57:03'),
(143, 'SO-2020-10-0002GR', NULL, 30, 'So nomor : SO-2020-10-0002GR di terima DIC', 'SO di terima DIC', 'So', '2020-10-16 13:57:07', 'Y', '2020-10-15 23:57:08', '2020-10-15 23:57:08'),
(144, 'CP-2020-10-0002A2', NULL, 41, 'Permintaan di konfimasi!', 'Di konfirmasi Kordinator Sales', 'Cp', '2020-10-17 15:37:47', 'Y', '2020-10-17 01:37:48', '2020-10-17 01:37:48'),
(145, 'CP-2020-10-0002A2', NULL, 40, 'Permintaan di konfimasi!', 'Di konfirmasi Supervisor', 'Cp', '2020-10-17 15:38:51', 'Y', '2020-10-17 01:38:52', '2020-10-17 01:38:52'),
(146, 'RSO-2020-10-0001A2', NULL, 16, 'Anda mendapatkan permintaan RSO baru!', 'RSO di kirim ke Inventory Control', 'RSO', '2020-10-17 15:40:53', 'Y', '2020-10-17 01:40:54', '2020-10-17 01:40:54'),
(147, 'RSO-2020-10-0001A2', NULL, 18, 'Nomor RSO RSO-2020-10-0001A2 di konfirmasi Inventory Control', 'RSO di konfirmasi Inventory Control', 'RSO', '2020-10-17 15:41:25', 'Y', '2020-10-17 01:41:26', '2020-10-17 01:41:26'),
(148, 'SO-2020-10-0001A2', 'RSO-2020-10-0001A2', 16, 'Anda mendapatkan permintaan SO baru', 'SO di kirim ke Sales Kordinator', 'So', '2020-10-17 15:43:29', 'Y', '2020-10-17 01:43:30', '2020-10-17 01:43:30'),
(149, 'RSO-2020-10-0001A2', 'SO-2020-10-0001A2', 16, 'Anda mendapatkan permintaan SO baru', 'Membuat SO Tersedia nomor : SO-2020-10-0001A2', 'RSO', '2020-10-17 15:43:29', 'N', '2020-10-17 01:43:30', '2020-10-17 01:43:30'),
(150, 'SO-2020-10-0001A2', NULL, 41, 'So nomor : SO-2020-10-0001A2 DI konfirmasi Kordinator Sales', 'SO di terima Sales Kordinator', 'So', '2020-10-17 15:43:56', 'Y', '2020-10-17 01:43:56', '2020-10-17 01:43:56'),
(151, 'SO-2020-10-0001A2', NULL, 41, 'So nomor : SO-2020-10-0001A2 DI konfirmasi kordinator', 'Menunggu konfirmasi Sales SPV', 'So', '2020-10-17 15:43:56', 'Y', '2020-10-17 01:43:57', '2020-10-17 01:43:57'),
(152, 'SO-2020-10-0001A2', NULL, 40, 'So nomor : SO-2020-10-0001A2 DI konfirmasi SPV', 'SO di terima Sales Supervisor', 'So', '2020-10-17 15:44:17', 'Y', '2020-10-17 01:44:17', '2020-10-17 01:44:17'),
(153, 'SO-2020-10-0001A2', NULL, 40, 'So nomor : SO-2020-10-0001A2 DI konfirmasi SPV', 'Menunggu konfirmasi DIC', 'So', '2020-10-17 15:44:17', 'Y', '2020-10-17 01:44:17', '2020-10-17 01:44:17'),
(154, 'SO-2020-10-0001A2', NULL, 30, 'So nomor : SO-2020-10-0001A2 di terima DIC', 'SO di terima DIC', 'So', '2020-10-17 15:44:43', 'Y', '2020-10-17 01:44:44', '2020-10-17 01:44:44'),
(155, 'CP-2020-10-0006A1', NULL, 26, 'Anda mendapatkan permintaan  harga baru!', 'Form permintan di kirim ke kordinator Sales', 'Cp', '2020-10-17 17:13:05', 'Y', '2020-10-17 03:13:08', '2020-10-17 03:13:08'),
(156, 'CP-2020-10-0007A1', NULL, 26, 'Anda mendapatkan permintaan  harga baru!', 'Form permintan di kirim ke kordinator Sales', 'Cp', '2020-10-17 21:07:05', 'Y', '2020-10-17 07:07:06', '2020-10-17 07:07:06'),
(157, 'RSO-2020-10-0003A1', NULL, 26, 'Anda mendapatkan permintaan RSO baru', 'RSO di kirim ke Inventory Control', 'RSO', '2020-10-17 22:11:36', 'Y', '2020-10-17 08:11:37', '2020-10-17 08:11:37'),
(158, 'RSO-2020-10-0003A1', NULL, 18, 'Nomor RSO RSO-2020-10-0003A1 di konfirmasi Inventory Control', 'RSO di konfirmasi Inventory Control', 'RSO', '2020-10-17 22:12:13', 'Y', '2020-10-17 08:12:14', '2020-10-17 08:12:14'),
(159, 'RSO-2020-10-0003A1', NULL, 18, 'Menunggu konfirmasi Purchasing', 'Menunggu konfirmasi Purchasing', 'RSO', '2020-10-17 22:12:13', 'Y', '2020-10-17 08:12:14', '2020-10-17 08:12:14'),
(160, 'RSO-2020-10-0003A1', NULL, 23, 'RSO nomor : RSO-2020-10-0003A1 di konfirmasi Purchasing', 'RSO di konfirmasi Purchasing', 'RSO', '2020-10-17 22:13:07', 'Y', '2020-10-17 08:13:07', '2020-10-17 08:13:07'),
(161, 'PO-2020-10-0001', NULL, 23, 'Terdapat permintaan PO baru', 'Mengirim PO ke Purch Supervisor', 'Po', '2020-10-19 09:08:56', 'Y', '2020-10-18 19:08:57', '2020-10-18 19:08:57'),
(162, 'SO-2020-10-0001A2', NULL, 30, 'Anda mendapatkan BCK baru!', 'Membuka BCK nomor : BCK-2020-10-0001', 'So', '2020-10-19 09:39:59', 'Y', '2020-10-18 19:40:00', '2020-10-18 19:40:00'),
(164, 'BCK-2020-10-0001', NULL, 30, 'BCK BCK-2020-10-0001 di batalkan', 'Membatalkan BCK nomor : BCK-2020-10-0001', 'So', '2020-10-19 14:35:10', 'Y', '2020-10-19 00:35:12', '2020-10-19 00:35:12'),
(165, 'SO-2020-10-0004A1', NULL, 30, 'Anda mendapatkan BCK baru!', 'Membuka BCK nomor : BCK-2020-10-0001', 'So', '2020-10-19 14:37:20', 'Y', '2020-10-19 00:37:22', '2020-10-19 00:37:22'),
(166, 'BCK-2020-10-0001', NULL, 30, 'Anda mendapatkan BCK baru!', 'Mengirim form bck ke warehouse', 'Bck', '2020-10-19 14:37:20', 'Y', '2020-10-19 00:37:22', '2020-10-19 00:37:22'),
(167, 'SO-2020-10-0001A2', NULL, 30, 'Anda mendapatkan BCK baru!', 'Membuka BCK nomor : BCK-2020-10-0002', 'So', '2020-10-19 14:42:54', 'Y', '2020-10-19 00:42:55', '2020-10-19 00:42:55'),
(168, 'BCK-2020-10-0002', NULL, 30, 'Anda mendapatkan BCK baru!', 'Mengirim form bck ke warehouse', 'Bck', '2020-10-19 14:42:54', 'Y', '2020-10-19 00:42:56', '2020-10-19 00:42:56'),
(169, 'SO-2020-10-0001A2', NULL, 30, 'BBK dibuka!', 'membuat BBK nomor : BBK-2020-10-0001', 'So', '2020-10-19 14:53:51', 'Y', '2020-10-19 00:53:52', '2020-10-19 00:53:52'),
(170, 'BBK-2020-10-0001', NULL, 30, 'BBK dibuka!', 'Membuat BBK nomor : BBK-2020-10-0001', 'Bbk', '2020-10-19 14:53:53', 'Y', '2020-10-19 00:53:53', '2020-10-19 00:53:53'),
(171, 'BCK-2020-10-0002', NULL, 30, 'BBK dibuka!', 'Bck selesai, membuka BBK nomor : BBK-2020-10-0001', 'Bck', '2020-10-19 14:53:53', 'Y', '2020-10-19 00:53:54', '2020-10-19 00:53:54'),
(172, 'PO-2020-10-0001', NULL, 37, 'PO PO-2020-10-0001 Di terima Purch SPV', 'PO di terima Purch SPV', 'Po', '2020-10-19 16:06:21', 'Y', '2020-10-19 02:06:22', '2020-10-19 02:06:22'),
(173, 'PO-2020-10-0001', 'BCM-2020-10-0001', 24, 'Anda mendapatkan permintaan BCM baru', 'Membuka form checker masuk nomor : BCM-2020-10-0001', 'Po', '2020-10-19 16:13:34', 'Y', '2020-10-19 02:13:38', '2020-10-19 02:13:38'),
(174, 'BCM-2020-10-0001', 'PO-2020-10-0001', 24, 'Anda mendapatkan permintaan BCM baru', 'Mengirim form checker ke gudang bongkar', 'Bcm', '2020-10-19 16:13:34', 'Y', '2020-10-19 02:13:39', '2020-10-19 02:13:39'),
(175, 'BCM-2020-10-0001', 'BBM-2020-10-0001', 24, 'Anda mendapatkan permintaan BBM baru', 'BBM di buat dan BCM selesai nomor : BBM-2020-10-0001', 'Bcm', '2020-10-20 11:03:01', 'Y', '2020-10-19 21:03:03', '2020-10-19 21:03:03'),
(176, 'BBM-2020-10-0001', 'BCM-2020-10-0001', 24, 'Anda mendapatkan permintaan BBM baru', 'Membuat BBM nomor : BBM-2020-10-0001', 'Bbm', '2020-10-20 11:03:03', 'Y', '2020-10-19 21:03:05', '2020-10-19 21:03:05'),
(179, 'RSO-2020-10-0006A1', NULL, 35, 'Anda mendapatkan permintaan RSO baru!', 'RSO di kirim ke Inventory Control', 'RSO', '2020-10-20 16:15:48', 'Y', '2020-10-20 02:15:48', '2020-10-20 02:15:48'),
(186, 'RSO-2020-10-0007A1', NULL, 26, 'Anda mendapatkan permintaan RSO baru!', 'RSO di kirim ke Inventory Control', 'RSO', '2020-10-20 16:38:04', 'Y', '2020-10-20 02:38:05', '2020-10-20 02:38:05'),
(187, 'RSO-2020-10-0002GR', NULL, 36, 'Anda mendapatkan permintaan RSO baru!', 'RSO di kirim ke Inventory Control', 'RSO', '2020-10-21 11:01:12', 'Y', '2020-10-20 21:01:13', '2020-10-20 21:01:13'),
(188, 'RSO-2020-10-0006A1', NULL, 18, 'Nomor RSO RSO-2020-10-0006A1 di konfirmasi Inventory Control', 'RSO di konfirmasi Inventory Control', 'RSO', '2020-10-21 11:01:46', 'Y', '2020-10-20 21:01:46', '2020-10-20 21:01:46'),
(189, 'RSO-2020-10-0007A1', NULL, 18, 'Nomor RSO RSO-2020-10-0007A1 di konfirmasi Inventory Control', 'RSO di konfirmasi Inventory Control', 'RSO', '2020-10-21 11:01:57', 'Y', '2020-10-20 21:01:58', '2020-10-20 21:01:58'),
(190, 'RSO-2020-10-0002GR', NULL, 18, 'Nomor RSO RSO-2020-10-0002GR di konfirmasi Inventory Control', 'RSO di konfirmasi Inventory Control', 'RSO', '2020-10-21 11:02:17', 'Y', '2020-10-20 21:02:17', '2020-10-20 21:02:17'),
(191, 'SO-2020-10-0003GR', 'RSO-2020-10-0002GR', 36, 'Anda mendapatkan permintaan SO baru', 'SO di kirim ke Sales Kordinator', 'So', '2020-10-21 11:02:49', 'Y', '2020-10-20 21:02:50', '2020-10-20 21:02:50'),
(192, 'RSO-2020-10-0002GR', 'SO-2020-10-0003GR', 36, 'Anda mendapatkan permintaan SO baru', 'Membuat SO Tersedia nomor : SO-2020-10-0003GR', 'RSO', '2020-10-21 11:02:49', 'N', '2020-10-20 21:02:50', '2020-10-20 21:02:50'),
(193, 'RSO-2020-10-0002A2', NULL, 39, 'Anda mendapatkan permintaan RSO baru!', 'RSO di kirim ke Inventory Control', 'RSO', '2020-10-21 11:04:40', 'Y', '2020-10-20 21:04:41', '2020-10-20 21:04:41'),
(194, 'RSO-2020-10-0002A2', NULL, 18, 'Nomor RSO RSO-2020-10-0002A2 di konfirmasi Inventory Control', 'RSO di konfirmasi Inventory Control', 'RSO', '2020-10-21 11:05:03', 'Y', '2020-10-20 21:05:03', '2020-10-20 21:05:03'),
(195, 'SO-2020-10-0002A2', 'RSO-2020-10-0002A2', 39, 'Anda mendapatkan permintaan SO baru', 'SO di kirim ke Sales Kordinator', 'So', '2020-10-21 11:05:29', 'Y', '2020-10-20 21:05:30', '2020-10-20 21:05:30'),
(196, 'RSO-2020-10-0002A2', 'SO-2020-10-0002A2', 39, 'Anda mendapatkan permintaan SO baru', 'Membuat SO Tersedia nomor : SO-2020-10-0002A2', 'RSO', '2020-10-21 11:05:29', 'N', '2020-10-20 21:05:31', '2020-10-20 21:05:31'),
(197, 'RSO-2020-10-0004A1', NULL, 26, 'Anda mendapatkan permintaan RSO baru', 'RSO di kirim ke Inventory Control', 'RSO', '2020-10-22 10:07:39', 'Y', '2020-10-21 20:07:40', '2020-10-21 20:07:40'),
(198, 'RSO-2020-10-0004A1', NULL, 18, 'Nomor RSO RSO-2020-10-0004A1 di konfirmasi Inventory Control', 'RSO di konfirmasi Inventory Control', 'RSO', '2020-10-22 10:08:00', 'Y', '2020-10-21 20:08:01', '2020-10-21 20:08:01'),
(199, 'RSO-2020-10-0008A1', NULL, 26, 'Anda mendapatkan permintaan RSO baru!', 'RSO di kirim ke Inventory Control', 'RSO', '2020-10-22 10:54:05', 'Y', '2020-10-21 20:54:07', '2020-10-21 20:54:07'),
(200, 'RSO-2020-10-0008A1', NULL, 18, 'Nomor RSO RSO-2020-10-0008A1 di konfirmasi Inventory Control', 'RSO di konfirmasi Inventory Control', 'RSO', '2020-10-22 10:58:21', 'Y', '2020-10-21 20:58:21', '2020-10-21 20:58:21'),
(201, 'RSO-2020-10-0008A1', NULL, 18, 'Menunggu konfirmasi Purchasing', 'Menunggu konfirmasi Purchasing', 'RSO', '2020-10-22 10:58:21', 'Y', '2020-10-21 20:58:22', '2020-10-21 20:58:22'),
(202, 'RSO-2020-10-0004A1', NULL, 18, 'Nomor RSO RSO-2020-10-0004A1 di konfirmasi Inventory Control', 'RSO di konfirmasi Inventory Control', 'RSO', '2020-10-22 10:58:27', 'Y', '2020-10-21 20:58:28', '2020-10-21 20:58:28'),
(203, 'RSO-2020-10-0004A1', NULL, 18, 'Menunggu konfirmasi Purchasing', 'Menunggu konfirmasi Purchasing', 'RSO', '2020-10-22 10:58:27', 'Y', '2020-10-21 20:58:28', '2020-10-21 20:58:28'),
(204, 'RSO-2020-10-0008A1', NULL, 23, 'RSO nomor : RSO-2020-10-0008A1 di konfirmasi Purchasing', 'RSO di konfirmasi Purchasing', 'RSO', '2020-10-22 10:59:23', 'Y', '2020-10-21 20:59:23', '2020-10-21 20:59:23'),
(205, 'RSO-2020-10-0004A1', NULL, 23, 'RSO nomor : RSO-2020-10-0004A1 di konfirmasi Purchasing', 'RSO di konfirmasi Purchasing', 'RSO', '2020-10-22 10:59:34', 'Y', '2020-10-21 20:59:34', '2020-10-21 20:59:34'),
(206, 'RSO-2020-10-0009A1', NULL, 26, 'Anda mendapatkan permintaan RSO baru!', 'RSO di kirim ke Inventory Control', 'RSO', '2020-10-22 11:00:46', 'Y', '2020-10-21 21:00:47', '2020-10-21 21:00:47'),
(207, 'RSO-2020-10-0009A1', NULL, 18, 'Nomor RSO RSO-2020-10-0009A1 di konfirmasi Inventory Control', 'RSO di konfirmasi Inventory Control', 'RSO', '2020-10-22 11:01:35', 'Y', '2020-10-21 21:01:35', '2020-10-21 21:01:35'),
(208, 'RSO-2020-10-0009A1', NULL, 18, 'Menunggu konfirmasi Purchasing', 'Menunggu konfirmasi Purchasing', 'RSO', '2020-10-22 11:01:35', 'Y', '2020-10-21 21:01:35', '2020-10-21 21:01:35'),
(209, 'RSO-2020-10-0009A1', NULL, 23, 'RSO nomor : RSO-2020-10-0009A1 di konfirmasi Purchasing', 'RSO di konfirmasi Purchasing', 'RSO', '2020-10-22 11:01:55', 'Y', '2020-10-21 21:01:55', '2020-10-21 21:01:55'),
(212, 'SO-2020-10-0005A1', 'RSO-2020-10-0008A1', 26, 'Anda mendapatkan permintaan SO baru', 'SO di kirim ke Sales Kordinator', 'So', '2020-10-22 14:01:56', 'Y', '2020-10-22 00:01:57', '2020-10-22 00:01:57'),
(213, 'RSO-2020-10-0008A1', 'SO-2020-10-0005A1', 26, 'Anda mendapatkan permintaan SO baru', 'Membuat SO Tidak Tersedia nomor : SO-2020-10-0005A1', 'RSO', '2020-10-22 14:01:56', 'N', '2020-10-22 00:01:58', '2020-10-22 00:01:58'),
(214, 'SO-2020-10-0006A1', 'RSO-2020-10-0009A1', 26, 'Anda mendapatkan permintaan SO baru', 'SO di kirim ke Sales Kordinator', 'So', '2020-10-22 14:02:23', 'Y', '2020-10-22 00:02:23', '2020-10-22 00:02:23'),
(215, 'RSO-2020-10-0009A1', 'SO-2020-10-0006A1', 26, 'Anda mendapatkan permintaan SO baru', 'Membuat SO Tersedia nomor : SO-2020-10-0006A1', 'RSO', '2020-10-22 14:02:23', 'N', '2020-10-22 00:02:24', '2020-10-22 00:02:24'),
(216, 'SO-2020-10-0005A1', NULL, 42, 'So nomor : SO-2020-10-0005A1 DI konfirmasi Kordinator Sales', 'SO di terima Sales Kordinator', 'So', '2020-10-22 14:02:52', 'Y', '2020-10-22 00:02:53', '2020-10-22 00:02:53'),
(217, 'SO-2020-10-0005A1', NULL, 42, 'So nomor : SO-2020-10-0005A1 DI konfirmasi kordinator', 'Menunggu konfirmasi Sales SPV', 'So', '2020-10-22 14:02:52', 'Y', '2020-10-22 00:02:53', '2020-10-22 00:02:53'),
(218, 'SO-2020-10-0006A1', NULL, 42, 'So nomor : SO-2020-10-0006A1 DI konfirmasi Kordinator Sales', 'SO di terima Sales Kordinator', 'So', '2020-10-22 14:03:03', 'Y', '2020-10-22 00:03:04', '2020-10-22 00:03:04'),
(219, 'SO-2020-10-0006A1', NULL, 42, 'So nomor : SO-2020-10-0006A1 DI konfirmasi kordinator', 'Menunggu konfirmasi Sales SPV', 'So', '2020-10-22 14:03:03', 'Y', '2020-10-22 00:03:04', '2020-10-22 00:03:04'),
(220, 'SO-2020-10-0005A1', NULL, 40, 'So nomor : SO-2020-10-0005A1 DI konfirmasi SPV', 'SO di terima Sales Supervisor', 'So', '2020-10-22 14:03:38', 'Y', '2020-10-22 00:03:38', '2020-10-22 00:03:38'),
(221, 'SO-2020-10-0005A1', NULL, 40, 'So nomor : SO-2020-10-0005A1 DI konfirmasi SPV', 'Menunggu konfirmasi DIC', 'So', '2020-10-22 14:03:38', 'Y', '2020-10-22 00:03:38', '2020-10-22 00:03:38'),
(222, 'SO-2020-10-0006A1', NULL, 40, 'So nomor : SO-2020-10-0006A1 DI konfirmasi SPV', 'SO di terima Sales Supervisor', 'So', '2020-10-22 14:03:44', 'Y', '2020-10-22 00:03:44', '2020-10-22 00:03:44'),
(223, 'SO-2020-10-0006A1', NULL, 40, 'So nomor : SO-2020-10-0006A1 DI konfirmasi SPV', 'Menunggu konfirmasi DIC', 'So', '2020-10-22 14:03:44', 'Y', '2020-10-22 00:03:44', '2020-10-22 00:03:44'),
(224, 'SO-2020-10-0005A1', NULL, 30, 'So nomor : SO-2020-10-0005A1 di terima DIC', 'SO di terima DIC', 'So', '2020-10-22 14:04:36', 'Y', '2020-10-22 00:04:38', '2020-10-22 00:04:38'),
(225, 'SO-2020-10-0006A1', NULL, 30, 'So nomor : SO-2020-10-0006A1 di terima DIC', 'SO di terima DIC', 'So', '2020-10-22 14:04:43', 'Y', '2020-10-22 00:04:43', '2020-10-22 00:04:43'),
(234, 'CP-2020-10-0008A1', NULL, 26, 'Anda mendapatkan permintaan  harga baru!', 'Form permintan di kirim ke kordinator Sales', 'Cp', '2020-10-22 15:18:37', 'Y', '2020-10-22 01:18:39', '2020-10-22 01:18:39'),
(235, 'CP-2020-10-0512A2', NULL, 39, 'Anda mendapatkan permintaan  harga baru!', 'Form permintan di kirim ke kordinator Sales', 'Cp', '2020-10-22 15:25:15', 'Y', '2020-10-22 01:25:16', '2020-10-22 01:25:16'),
(236, 'CP-2020-10-0246A2', NULL, 39, 'Anda mendapatkan permintaan  harga baru!', 'Form permintan di kirim ke kordinator Sales', 'Cp', '2020-10-22 15:29:10', 'Y', '2020-10-22 01:29:12', '2020-10-22 01:29:12'),
(237, 'CP-2020-10-0009A1', NULL, 26, 'Anda mendapatkan permintaan  harga baru!', 'Form permintan di kirim ke kordinator Sales', 'Cp', '2020-10-22 15:36:14', 'Y', '2020-10-22 01:36:16', '2020-10-22 01:36:16'),
(238, 'RSO-2020-10-0010A1', NULL, 26, 'Anda mendapatkan permintaan RSO baru!', 'RSO di kirim ke Inventory Control', 'RSO', '2020-10-22 16:29:08', 'Y', '2020-10-22 02:29:09', '2020-10-22 02:29:09'),
(239, 'RSO-2020-10-0010A1', NULL, 18, 'Nomor RSO RSO-2020-10-0010A1 di konfirmasi Inventory Control', 'RSO di konfirmasi Inventory Control', 'RSO', '2020-10-22 16:31:09', 'Y', '2020-10-22 02:31:10', '2020-10-22 02:31:10'),
(240, 'RSO-2020-10-0010A1', NULL, 18, 'Menunggu konfirmasi Purchasing', 'Menunggu konfirmasi Purchasing', 'RSO', '2020-10-22 16:31:09', 'Y', '2020-10-22 02:31:10', '2020-10-22 02:31:10'),
(241, 'RSO-2020-10-0010A1', NULL, 23, 'RSO nomor : RSO-2020-10-0010A1 di konfirmasi Purchasing', 'RSO di konfirmasi Purchasing', 'RSO', '2020-10-22 16:31:31', 'Y', '2020-10-22 02:31:31', '2020-10-22 02:31:31'),
(242, 'RT-2020-10-0001A1', NULL, 26, 'Anda mendapatkan permintaan Retur baru!', 'Mengirim permintaan ke Kordinator Sales', 'Rt', '2020-10-23 09:43:33', 'Y', '2020-10-22 19:43:34', '2020-10-22 19:43:34'),
(243, 'RT-2020-10-0001A1', NULL, 26, 'Anda mendapatkan permintaan Retur baru!', 'Mengirim permintaan ke Kordinator Sales', 'Rt', '2020-10-23 09:48:00', 'Y', '2020-10-22 19:48:01', '2020-10-22 19:48:01'),
(244, 'RT-2020-10-0001A1', NULL, 26, 'Anda mendapatkan permintaan Retur baru!', 'Mengirim permintaan ke Kordinator Sales', 'Rt', '2020-10-23 10:03:03', 'Y', '2020-10-22 20:03:04', '2020-10-22 20:03:04'),
(245, 'RT-2020-10-0001A1', NULL, 26, 'Anda mendapatkan permintaan Retur baru!', 'Mengirim permintaan ke Kordinator Sales', 'Rt', '2020-10-23 14:08:41', 'Y', '2020-10-23 00:08:42', '2020-10-23 00:08:42'),
(246, 'RT-2020-10-0002A1', NULL, 26, 'Anda mendapatkan permintaan Retur baru!', 'Mengirim permintaan ke Kordinator Sales', 'Rt', '2020-10-23 14:09:12', 'Y', '2020-10-23 00:09:12', '2020-10-23 00:09:12'),
(247, 'RT-2020-10-0003A1', NULL, 26, 'Anda mendapatkan permintaan Retur baru!', 'Mengirim permintaan ke Kordinator Sales', 'Rt', '2020-10-23 14:13:16', 'Y', '2020-10-23 00:13:17', '2020-10-23 00:13:17'),
(248, 'RT-2020-10-0001A1', NULL, 26, 'Anda mendapatkan permintaan Retur baru!', 'Mengirim permintaan ke Kordinator Sales', 'Rt', '2020-10-23 14:18:05', 'Y', '2020-10-23 00:18:06', '2020-10-23 00:18:06'),
(249, 'RT-2020-10-0002A1', NULL, 26, 'Anda mendapatkan permintaan Retur baru!', 'Mengirim permintaan ke Kordinator Sales', 'Rt', '2020-10-23 14:19:31', 'Y', '2020-10-23 00:19:32', '2020-10-23 00:19:32'),
(250, 'RT-2020-10-0001A1', NULL, 26, 'Anda mendapatkan permintaan Retur baru!', 'Mengirim permintaan ke Kordinator Sales', 'Rt', '2020-10-23 15:00:28', 'Y', '2020-10-23 01:00:29', '2020-10-23 01:00:29'),
(251, 'RT-2020-10-0002A1', NULL, 26, 'Anda mendapatkan permintaan Retur baru!', 'Mengirim permintaan ke Kordinator Sales', 'Rt', '2020-10-23 16:39:53', 'Y', '2020-10-23 02:39:54', '2020-10-23 02:39:54'),
(252, 'RT-2020-10-0003A1', NULL, 26, 'Anda mendapatkan permintaan Retur baru!', 'Mengirim permintaan ke Kordinator Sales', 'Rt', '2020-10-23 16:42:40', 'Y', '2020-10-23 02:42:41', '2020-10-23 02:42:41'),
(253, 'RT-2020-10-0004A1', NULL, 26, 'Anda mendapatkan permintaan Retur baru!', 'Mengirim permintaan ke Kordinator Sales', 'Rt', '2020-10-23 16:43:48', 'Y', '2020-10-23 02:43:48', '2020-10-23 02:43:48'),
(256, 'PR-2020-10-0002', NULL, 18, 'Anda mendapatkan permintaan PR baru!', 'Mengirim permintaan ke purchasing', 'RSO', '2020-10-28 09:33:42', 'Y', '2020-10-27 19:33:43', '2020-10-27 19:33:43'),
(257, 'PR-2020-10-0002', NULL, 23, 'PR nomor : PR-2020-10-0002 Siap di pesankan', 'Purchase menerima PR untuk di bukakan PO', 'RSO', '2020-10-28 09:34:05', 'Y', '2020-10-27 19:34:05', '2020-10-27 19:34:05'),
(258, 'SO-2020-10-0002GR', 'RSO-2020-10-0001GR', 36, 'Anda mendapatkan permintaan Selesai SO baru', 'Mengirim permintaan penyelesaian SO', 'So', '2020-10-28 09:56:54', 'Y', '2020-10-27 19:56:55', '2020-10-27 19:56:55'),
(259, 'SO-2020-10-0002GR', 'RSO-2020-10-0001GR', 40, 'permintaan penyelesaian di Acc', 'SO di Selesaikan (Acc Sales SPV)', 'So', '2020-10-28 09:57:16', 'Y', '2020-10-27 19:57:17', '2020-10-27 19:57:17'),
(260, 'RSO-2020-10-0001GR', 'SO-2020-10-0002GR', 40, 'permintaan penyelesaian di Acc', 'So nomor : SO-2020-10-0002GR Di Selesaikan', 'RSO', '2020-10-28 09:57:16', 'Y', '2020-10-27 19:57:17', '2020-10-27 19:57:17'),
(261, 'CP-2020-10-0006A1', NULL, 26, 'Permintaan ditarik!', 'Permintaan di tarik kembali (Request edit)', 'Cp', '2020-10-28 14:45:29', 'Y', '2020-10-28 00:45:29', '2020-10-28 00:45:29'),
(262, 'CP-2020-10-0006A1', NULL, 26, 'Anda mendapatkan permintaan  harga baru!', 'Form permintan di kirim ke kordinator Sales', 'Cp', '2020-10-28 14:48:01', 'Y', '2020-10-28 00:48:02', '2020-10-28 00:48:02'),
(263, 'CP-2020-10-0006A1', NULL, 26, 'Permintaan ditarik!', 'Permintaan di tarik kembali (Request edit)', 'Cp', '2020-10-28 14:53:59', 'Y', '2020-10-28 00:54:00', '2020-10-28 00:54:00'),
(264, 'CP-2020-10-0006A1', NULL, 26, 'Anda mendapatkan permintaan  harga baru!', 'Form permintan di kirim ke kordinator Sales', 'Cp', '2020-10-28 14:55:26', 'Y', '2020-10-28 00:55:27', '2020-10-28 00:55:27'),
(265, 'CP-2020-10-0006A1', NULL, 26, 'Permintaan ditarik!', 'Permintaan di tarik kembali (Request edit)', 'Cp', '2020-10-28 14:56:55', 'Y', '2020-10-28 00:56:56', '2020-10-28 00:56:56'),
(266, 'CP-2020-10-0006A1', NULL, 26, 'Anda mendapatkan permintaan  harga baru!', 'Form permintan di kirim ke kordinator Sales', 'Cp', '2020-10-28 14:57:17', 'Y', '2020-10-28 00:57:19', '2020-10-28 00:57:19'),
(267, 'CP-2020-10-0006A1', NULL, 26, 'Permintaan ditarik!', 'Permintaan di tarik kembali (Request edit)', 'Cp', '2020-10-28 14:57:39', 'Y', '2020-10-28 00:57:39', '2020-10-28 00:57:39'),
(268, 'CP-2020-10-0006A1', NULL, 26, 'Anda mendapatkan permintaan  harga baru!', 'Form permintan di kirim ke kordinator Sales', 'Cp', '2020-10-28 14:57:55', 'Y', '2020-10-28 00:57:57', '2020-10-28 00:57:57'),
(269, 'CP-2020-10-0006A1', NULL, 42, 'Permintaan di konfimasi!', 'Di konfirmasi Kordinator Sales', 'Cp', '2020-10-28 15:01:03', 'Y', '2020-10-28 01:01:04', '2020-10-28 01:01:04'),
(270, 'CP-2020-10-0006A1', NULL, 40, 'Permintaan di konfimasi!', 'Di konfirmasi Supervisor', 'Cp', '2020-10-28 15:06:19', 'Y', '2020-10-28 01:06:20', '2020-10-28 01:06:20'),
(271, 'PO-2020-10-0002', NULL, 23, 'Terdapat permintaan PO baru', 'Mengirim PO ke Purch Supervisor', 'Po', '2020-10-30 13:32:28', 'Y', '2020-10-29 23:32:29', '2020-10-29 23:32:29');

-- --------------------------------------------------------

--
-- Table structure for table `jeniskendaraan`
--

CREATE TABLE `jeniskendaraan` (
  `id` int(11) NOT NULL,
  `nama` varchar(255) NOT NULL,
  `keterangan` text NOT NULL,
  `created_at` timestamp NULL DEFAULT NULL,
  `updated_at` timestamp NULL DEFAULT NULL
) ENGINE=InnoDB DEFAULT CHARSET=latin1;

--
-- Dumping data for table `jeniskendaraan`
--

INSERT INTO `jeniskendaraan` (`id`, `nama`, `keterangan`, `created_at`, `updated_at`) VALUES
(1, 'Engkel', 'truk dengan 2 sumbu roda', '2020-08-17 17:00:00', NULL),
(2, 'Double Engkel', 'Rata-rata kapasitas tonase 5000 KG', '2020-08-17 17:00:00', NULL),
(3, 'Pick Up', 'Minibus bak terbuka', '2020-08-18 20:20:03', '2020-08-18 20:21:26');

-- --------------------------------------------------------

--
-- Table structure for table `kategoribarang`
--

CREATE TABLE `kategoribarang` (
  `id` int(11) NOT NULL,
  `nama` varchar(255) NOT NULL,
  `keterangan` text,
  `aktif` enum('Y','N') NOT NULL DEFAULT 'Y',
  `created_at` timestamp NULL DEFAULT NULL,
  `updated_at` timestamp NULL DEFAULT NULL
) ENGINE=InnoDB DEFAULT CHARSET=latin1;

--
-- Dumping data for table `kategoribarang`
--

INSERT INTO `kategoribarang` (`id`, `nama`, `keterangan`, `aktif`, `created_at`, `updated_at`) VALUES
(1, 'Accesorries', NULL, 'Y', NULL, NULL),
(2, 'Busa', NULL, 'Y', NULL, NULL),
(3, 'Hdp', NULL, 'Y', NULL, NULL),
(4, 'Jasa', NULL, 'Y', NULL, NULL),
(5, 'Kain Polos Sofa', NULL, 'Y', NULL, NULL),
(6, 'Kain Polos Springbed', NULL, 'Y', NULL, NULL),
(7, 'Kain Quilting', NULL, 'Y', NULL, NULL),
(8, 'Kawat', NULL, 'Y', NULL, NULL),
(9, 'Kimia', NULL, 'Y', NULL, NULL),
(10, 'Non Woven', NULL, 'Y', NULL, NULL),
(11, 'Other', NULL, 'Y', NULL, NULL),
(12, 'Percoil', NULL, 'Y', NULL, NULL),
(13, 'Pita List', NULL, 'Y', NULL, NULL),
(14, 'Plastic', NULL, 'Y', NULL, NULL),
(15, 'Stapless', NULL, 'Y', NULL, NULL);

-- --------------------------------------------------------

--
-- Table structure for table `kendaraan`
--

CREATE TABLE `kendaraan` (
  `id` int(11) NOT NULL,
  `nama` varchar(255) NOT NULL,
  `id_jenis` int(11) NOT NULL,
  `nopol` varchar(255) NOT NULL,
  `kubikasi` float NOT NULL,
  `tonase` float NOT NULL,
  `created_at` timestamp NULL DEFAULT NULL,
  `updated_at` timestamp NULL DEFAULT NULL
) ENGINE=InnoDB DEFAULT CHARSET=latin1;

--
-- Dumping data for table `kendaraan`
--

INSERT INTO `kendaraan` (`id`, `nama`, `id_jenis`, `nopol`, `kubikasi`, `tonase`, `created_at`, `updated_at`) VALUES
(1, 'Dyna 115', 1, 'F.8504.CH', 14, 3000, '2020-08-17 17:00:00', '2020-09-26 07:58:19'),
(2, 'Canter M23', 2, 'F.8887.AZ', 16, 5000, '2020-08-17 17:00:00', '2020-09-26 07:58:32'),
(10, 'Suzuki Carry', 3, 'F.8551.CW', 4, 500, '2020-08-18 20:23:37', '2020-08-18 20:23:44');

-- --------------------------------------------------------

--
-- Table structure for table `listbbk`
--

CREATE TABLE `listbbk` (
  `id` int(11) NOT NULL,
  `nomor_bbk` varchar(255) NOT NULL,
  `kode_barang` varchar(255) NOT NULL,
  `qty` int(11) NOT NULL,
  `harga` int(11) NOT NULL,
  `diskon` float NOT NULL DEFAULT '0',
  `keterangan` text,
  `created_at` timestamp NULL DEFAULT NULL,
  `updated_at` timestamp NULL DEFAULT NULL
) ENGINE=InnoDB DEFAULT CHARSET=latin1;

--
-- Dumping data for table `listbbk`
--

INSERT INTO `listbbk` (`id`, `nomor_bbk`, `kode_barang`, `qty`, `harga`, `diskon`, `keterangan`, `created_at`, `updated_at`) VALUES
(1, 'BBK-2020-10-0001', '1200200100', 2000, 21000, 500, NULL, '2020-10-19 00:53:51', '2020-10-19 00:53:51'),
(2, 'BBK-2020-10-0001', '1100300109(21)', 500, 12000, 200, NULL, '2020-10-19 00:53:51', '2020-10-19 00:53:51');

-- --------------------------------------------------------

--
-- Table structure for table `listbbm`
--

CREATE TABLE `listbbm` (
  `id` int(11) NOT NULL,
  `nomor_bbm` varchar(255) NOT NULL,
  `kode_barang` varchar(255) NOT NULL,
  `qty` int(11) NOT NULL,
  `harga` float NOT NULL DEFAULT '0',
  `diskon` float NOT NULL DEFAULT '0',
  `keterangan` text,
  `created_at` timestamp NULL DEFAULT NULL,
  `updated_at` timestamp NULL DEFAULT NULL
) ENGINE=InnoDB DEFAULT CHARSET=latin1;

--
-- Dumping data for table `listbbm`
--

INSERT INTO `listbbm` (`id`, `nomor_bbm`, `kode_barang`, `qty`, `harga`, `diskon`, `keterangan`, `created_at`, `updated_at`) VALUES
(1, 'BBM-2020-10-0001', '1701900000', 2000, 0, 0, NULL, '2020-10-19 21:03:00', '2020-10-19 21:03:00'),
(2, 'BBM-2020-10-0001', '1501300306', 3000, 0, 0, NULL, '2020-10-19 21:03:00', '2020-10-19 21:03:00');

-- --------------------------------------------------------

--
-- Table structure for table `listmasuk`
--

CREATE TABLE `listmasuk` (
  `id` int(11) NOT NULL,
  `nomor_bbm` varchar(255) NOT NULL,
  `kode_barang` varchar(255) NOT NULL,
  `qty` int(11) NOT NULL,
  `created_at` timestamp NULL DEFAULT NULL,
  `updated_at` timestamp NULL DEFAULT NULL
) ENGINE=InnoDB DEFAULT CHARSET=latin1;

-- --------------------------------------------------------

--
-- Table structure for table `listpo`
--

CREATE TABLE `listpo` (
  `id` int(11) NOT NULL,
  `nomor_po` varchar(255) NOT NULL,
  `kode_barang` varchar(255) NOT NULL,
  `harga` float NOT NULL DEFAULT '0',
  `qty` float NOT NULL DEFAULT '0',
  `bcm` float NOT NULL DEFAULT '0',
  `bbm` float NOT NULL DEFAULT '0',
  `closepo` enum('Y','N') NOT NULL DEFAULT 'N',
  `sisapo` float NOT NULL DEFAULT '0',
  `created_at` timestamp NULL DEFAULT NULL,
  `updated_at` timestamp NULL DEFAULT NULL
) ENGINE=InnoDB DEFAULT CHARSET=latin1;

--
-- Dumping data for table `listpo`
--

INSERT INTO `listpo` (`id`, `nomor_po`, `kode_barang`, `harga`, `qty`, `bcm`, `bbm`, `closepo`, `sisapo`, `created_at`, `updated_at`) VALUES
(1, 'PO-2020-10-0001', '1501300306', 10000, 3000, 0, 3000, 'Y', 0, '2020-10-18 19:08:56', '2020-10-19 21:03:04'),
(2, 'PO-2020-10-0001', '1701900000', 5000, 2000, 0, 2000, 'Y', 0, '2020-10-18 19:08:57', '2020-10-19 21:03:06'),
(7, 'PO-2020-10-0002', '1501300306', 20000, 6000, 0, 0, 'N', 6000, '2020-10-29 23:32:29', '2020-10-29 23:32:29');

-- --------------------------------------------------------

--
-- Table structure for table `listretur`
--

CREATE TABLE `listretur` (
  `id` int(11) NOT NULL,
  `nomor_retur` varchar(255) NOT NULL,
  `nomor_so` varchar(255) NOT NULL,
  `kode_barang` varchar(255) NOT NULL,
  `qty` float NOT NULL,
  `catatan` text,
  `created_at` timestamp NULL DEFAULT NULL,
  `updated_at` timestamp NULL DEFAULT NULL
) ENGINE=InnoDB DEFAULT CHARSET=latin1;

--
-- Dumping data for table `listretur`
--

INSERT INTO `listretur` (`id`, `nomor_retur`, `nomor_so`, `kode_barang`, `qty`, `catatan`, `created_at`, `updated_at`) VALUES
(19, 'RT-2020-10-0001A1', 'SO-2020-10-0001A1', '1701900000', 1500, 'Barang jelek', '2020-10-23 01:00:28', '2020-10-23 01:00:28'),
(20, 'RT-2020-10-0002A1', 'SO-2020-10-0001A1', '1701900000', 201, NULL, '2020-10-23 02:39:54', '2020-10-23 02:39:54'),
(21, 'RT-2020-10-0003A1', 'SO-2020-10-0001A1', '1701900000', 200.53, NULL, '2020-10-23 02:42:40', '2020-10-23 02:42:40'),
(22, 'RT-2020-10-0004A1', 'SO-2020-10-0001A1', '1501300306', 500.5, NULL, '2020-10-23 02:43:48', '2020-10-23 02:43:48');

-- --------------------------------------------------------

--
-- Table structure for table `listrso`
--

CREATE TABLE `listrso` (
  `id` int(11) NOT NULL,
  `nomor_rso` varchar(255) NOT NULL,
  `nomor_po` varchar(255) DEFAULT NULL,
  `tanggal_rso` date NOT NULL,
  `kode_barang` varchar(255) NOT NULL,
  `harga` float NOT NULL DEFAULT '0',
  `diskon` float NOT NULL DEFAULT '0',
  `harga_supplier` float DEFAULT NULL,
  `id_custprice` int(11) DEFAULT NULL,
  `qty` float NOT NULL DEFAULT '0',
  `qty_tersedia` float DEFAULT NULL,
  `qty_tdktersedia` float DEFAULT NULL,
  `status` enum('Tersedia','Tersedia Sebagian','Tidak Tersedia') DEFAULT NULL,
  `alastolak` text,
  `tanggal_datang` date DEFAULT NULL,
  `acc_purch` enum('Y','N') DEFAULT 'Y',
  `so_open` enum('N','Y') NOT NULL DEFAULT 'N',
  `open_po` enum('N','Y') NOT NULL DEFAULT 'N',
  `so_tersedia` enum('N','Y') NOT NULL DEFAULT 'N',
  `so_tdktersedia` enum('N','Y') NOT NULL DEFAULT 'N',
  `catatan` text,
  `dateaccso` datetime DEFAULT NULL,
  `booking` enum('N','Y') DEFAULT 'N',
  `created_at` timestamp NULL DEFAULT NULL,
  `updated_at` timestamp NULL DEFAULT NULL,
  `po_close` enum('N','Y') NOT NULL DEFAULT 'N',
  `sotersedia_close` enum('Y','N') NOT NULL DEFAULT 'N',
  `sotdk_close` enum('Y','N') NOT NULL DEFAULT 'N',
  `qty_masuk` float NOT NULL DEFAULT '0',
  `out_no` float DEFAULT '0',
  `out_yes` float DEFAULT '0',
  `bbk_tersedia` float DEFAULT '0',
  `bbk_tdktersedia` float DEFAULT '0',
  `statusso` enum('N','Y') NOT NULL DEFAULT 'N',
  `pr` enum('Y','N') NOT NULL DEFAULT 'N'
) ENGINE=InnoDB DEFAULT CHARSET=latin1;

--
-- Dumping data for table `listrso`
--

INSERT INTO `listrso` (`id`, `nomor_rso`, `nomor_po`, `tanggal_rso`, `kode_barang`, `harga`, `diskon`, `harga_supplier`, `id_custprice`, `qty`, `qty_tersedia`, `qty_tdktersedia`, `status`, `alastolak`, `tanggal_datang`, `acc_purch`, `so_open`, `open_po`, `so_tersedia`, `so_tdktersedia`, `catatan`, `dateaccso`, `booking`, `created_at`, `updated_at`, `po_close`, `sotersedia_close`, `sotdk_close`, `qty_masuk`, `out_no`, `out_yes`, `bbk_tersedia`, `bbk_tdktersedia`, `statusso`, `pr`) VALUES
(1, 'RSO-2020-10-0001A1', NULL, '2020-10-05', '1701900000', 6700, 0, NULL, 48, 2000, 2000, NULL, 'Tersedia', NULL, NULL, 'Y', 'N', 'N', 'Y', 'Y', NULL, NULL, 'Y', '2020-10-05 01:16:54', '2020-10-05 02:05:15', 'N', 'N', 'N', 0, 0, 0, 0, 0, 'N', 'N'),
(2, 'RSO-2020-10-0001A1', NULL, '2020-10-05', '1501300306', 12000, 0, NULL, 49, 1000, 1000, NULL, 'Tersedia', NULL, NULL, 'Y', 'N', 'N', 'Y', 'Y', NULL, NULL, 'Y', '2020-10-05 01:16:55', '2020-10-05 02:05:15', 'N', 'N', 'N', 0, 0, 0, 0, 0, 'N', 'N'),
(4, 'PR-2020-10-0001', NULL, '2020-10-05', '1701900000', 0, 0, NULL, NULL, 2000, NULL, 2000, 'Tidak Tersedia', NULL, '2020-10-23', 'Y', 'N', 'N', 'N', 'N', NULL, '2020-10-05 15:34:25', 'N', '2020-10-05 01:34:26', '2020-10-05 01:37:55', 'N', 'N', 'N', 0, 0, 0, 0, 0, 'N', 'Y'),
(5, 'PR-2020-10-0001', NULL, '2020-10-05', '1501300306', 0, 0, NULL, NULL, 1000, NULL, 1000, 'Tidak Tersedia', NULL, '2020-10-29', 'Y', 'N', 'N', 'N', 'N', NULL, '2020-10-05 15:34:25', 'N', '2020-10-05 01:34:26', '2020-10-05 01:38:00', 'N', 'N', 'N', 0, 0, 0, 0, 0, 'N', 'Y'),
(39, 'RSO-2020-10-0002A1', NULL, '2020-10-07', '1701900000', 6700, 1000, NULL, 48, 1000, 1000, NULL, 'Tersedia', NULL, NULL, 'Y', 'N', 'N', 'Y', 'Y', NULL, NULL, 'Y', '2020-10-07 02:10:54', '2020-10-07 19:09:17', 'N', 'N', 'N', 0, 0, 0, 0, 0, 'N', 'N'),
(40, 'RSO-2020-10-0002A1', NULL, '2020-10-07', '1501300306', 12000, 0, NULL, 49, 2000, NULL, 2000, 'Tidak Tersedia', NULL, '2020-10-27', 'Y', 'N', 'N', 'Y', 'Y', NULL, NULL, 'Y', '2020-10-07 02:10:55', '2020-10-07 19:09:37', 'N', 'N', 'N', 0, 0, 0, 0, 0, 'N', 'N'),
(48, 'RSO-2020-10-0005A1', NULL, '2020-10-13', '1501300306', 12000, 0, NULL, 49, 200, 200, NULL, 'Tersedia', NULL, NULL, 'Y', 'N', 'N', 'Y', 'Y', NULL, NULL, 'Y', '2020-10-12 20:39:48', '2020-10-12 20:42:00', 'N', 'N', 'N', 0, 0, 0, 0, 0, 'N', 'N'),
(49, 'RSO-2020-10-0005A1', NULL, '2020-10-13', '1501300321', 12000, 0, NULL, 54, 200, 200, NULL, 'Tersedia', NULL, NULL, 'Y', 'N', 'N', 'Y', 'Y', NULL, NULL, 'Y', '2020-10-12 20:39:49', '2020-10-12 20:42:00', 'N', 'N', 'N', 0, 0, 0, 0, 0, 'N', 'N'),
(50, 'RSO-2020-10-0005A1', NULL, '2020-10-13', '1501400322', 11000, 0, NULL, 56, 400, 400, NULL, 'Tersedia', NULL, NULL, 'Y', 'N', 'N', 'Y', 'Y', NULL, NULL, 'Y', '2020-10-12 20:39:49', '2020-10-12 20:42:01', 'N', 'N', 'N', 0, 0, 0, 0, 0, 'N', 'N'),
(51, 'RSO-2020-10-0005A1', NULL, '2020-10-13', '1501400319', 20000, 0, NULL, 57, 350, 350, NULL, 'Tersedia', NULL, NULL, 'Y', 'N', 'N', 'Y', 'Y', NULL, NULL, 'Y', '2020-10-12 20:39:50', '2020-10-12 20:42:01', 'N', 'N', 'N', 0, 0, 0, 0, 0, 'N', 'N'),
(52, 'RSO-2020-10-0005A1', NULL, '2020-10-13', '1501400312', 15000, 0, NULL, 55, 300, 300, NULL, 'Tersedia', NULL, NULL, 'Y', 'N', 'N', 'Y', 'Y', NULL, NULL, 'Y', '2020-10-12 20:39:50', '2020-10-12 20:42:02', 'N', 'N', 'N', 0, 0, 0, 0, 0, 'N', 'N'),
(56, 'RSO-2020-10-0001GR', NULL, '2020-10-16', '1501300306', 12000, 0, NULL, NULL, 1600, 1600, NULL, 'Tersedia', NULL, NULL, 'Y', 'N', 'N', 'Y', 'Y', NULL, NULL, 'Y', '2020-10-15 23:46:17', '2020-10-15 23:47:55', 'N', 'N', 'N', 0, 0, 0, 0, 0, 'N', 'N'),
(57, 'RSO-2020-10-0001GR', NULL, '2020-10-16', '2100300200', 10000, 0, NULL, NULL, 700, NULL, 700, 'Tidak Tersedia', NULL, '2020-10-24', 'Y', 'N', 'N', 'Y', 'Y', NULL, NULL, 'Y', '2020-10-15 23:46:17', '2020-10-15 23:48:18', 'N', 'N', 'N', 0, 0, 0, 0, 0, 'N', 'N'),
(58, 'RSO-2020-10-0001GR', NULL, '2020-10-16', '1701900000', 6000, 0, NULL, 58, 1000, 1000, NULL, 'Tersedia', NULL, NULL, 'Y', 'N', 'N', 'Y', 'Y', NULL, NULL, 'Y', '2020-10-15 23:46:18', '2020-10-15 23:47:56', 'N', 'N', 'N', 0, 0, 0, 0, 0, 'N', 'N'),
(59, 'RSO-2020-10-0001A2', NULL, '2020-10-17', '1200200100', 21000, 500, NULL, 46, 2000, 2000, NULL, 'Tersedia', NULL, NULL, 'Y', 'N', 'N', 'Y', 'Y', NULL, NULL, 'Y', '2020-10-17 01:40:54', '2020-10-17 01:43:31', 'N', 'N', 'N', 0, 0, 0, 0, 0, 'N', 'N'),
(60, 'RSO-2020-10-0001A2', NULL, '2020-10-17', '1100300109(21)', 12000, 200, NULL, 47, 500, 500, NULL, 'Tersedia', NULL, NULL, 'Y', 'N', 'N', 'Y', 'Y', NULL, NULL, 'Y', '2020-10-17 01:40:54', '2020-10-17 01:43:31', 'N', 'N', 'N', 0, 0, 0, 0, 0, 'N', 'N'),
(61, 'RSO-2020-10-0003A1', NULL, '2020-10-07', '1701900000', 7000, 0, NULL, NULL, 10000, NULL, 10000, 'Tidak Tersedia', NULL, '2020-10-23', 'Y', 'N', 'N', 'Y', 'N', NULL, NULL, 'Y', '2020-10-17 08:11:39', '2020-10-17 08:13:05', 'N', 'N', 'N', 0, 0, 0, 0, 0, 'N', 'N'),
(62, 'RSO-2020-10-0006A1', NULL, '2020-10-20', '1701900000', 6700, 0, NULL, 48, 1000, 1000, NULL, 'Tersedia', NULL, NULL, 'Y', 'N', 'N', 'N', 'Y', NULL, NULL, 'Y', '2020-10-20 02:15:48', '2020-10-20 21:01:46', 'N', 'N', 'N', 0, 0, 0, 0, 0, 'N', 'N'),
(66, 'RSO-2020-10-0007A1', NULL, '2020-10-20', '1501300306', 12000, 0, NULL, 49, 1000, 1000, NULL, 'Tersedia', NULL, NULL, 'Y', 'N', 'N', 'N', 'Y', NULL, NULL, 'Y', '2020-10-20 02:38:05', '2020-10-20 21:01:58', 'N', 'N', 'N', 0, 0, 0, 0, 0, 'N', 'N'),
(67, 'RSO-2020-10-0002GR', NULL, '2020-10-21', '1701900000', 6000, 0, NULL, 58, 2000, 2000, NULL, 'Tersedia', NULL, NULL, 'Y', 'N', 'N', 'Y', 'Y', NULL, NULL, 'Y', '2020-10-20 21:01:12', '2020-10-20 21:02:51', 'N', 'N', 'N', 0, 0, 0, 0, 0, 'N', 'N'),
(68, 'RSO-2020-10-0002GR', NULL, '2020-10-21', '1501300306', 12000, 0, NULL, 59, 3000, 3000, NULL, 'Tersedia', NULL, NULL, 'Y', 'N', 'N', 'Y', 'Y', NULL, NULL, 'Y', '2020-10-20 21:01:12', '2020-10-20 21:02:52', 'N', 'N', 'N', 0, 0, 0, 0, 0, 'N', 'N'),
(69, 'RSO-2020-10-0002A2', NULL, '2020-10-21', '1501300306', 12000, 500, NULL, 49, 1000, 1000, NULL, 'Tersedia', NULL, NULL, 'Y', 'N', 'N', 'Y', 'Y', NULL, NULL, 'Y', '2020-10-20 21:04:41', '2020-10-20 21:05:31', 'N', 'N', 'N', 0, 0, 0, 0, 0, 'N', 'N'),
(70, 'RSO-2020-10-0004A1', NULL, '2020-10-07', '1701900000', 6700, 0, NULL, 48, 1000, 1000, NULL, 'Tersedia', NULL, NULL, 'Y', 'N', 'N', 'N', 'Y', NULL, NULL, 'Y', '2020-10-21 20:07:41', '2020-10-21 20:58:28', 'N', 'N', 'N', 0, 0, 0, 0, 0, 'N', 'N'),
(71, 'RSO-2020-10-0004A1', NULL, '2020-10-07', '1501300306', 12000, 0, NULL, 49, 2000, NULL, 2000, 'Tidak Tersedia', NULL, '2020-11-05', 'Y', 'N', 'N', 'Y', 'N', NULL, NULL, 'Y', '2020-10-21 20:07:42', '2020-10-21 20:59:31', 'N', 'N', 'N', 0, 0, 0, 0, 0, 'N', 'N'),
(72, 'RSO-2020-10-0008A1', NULL, '2020-10-22', '1701900000', 6700, 0, NULL, 48, 1000, 500, 500, 'Tersedia Sebagian', NULL, '2020-10-30', 'Y', 'N', 'N', 'N', 'Y', NULL, NULL, 'Y', '2020-10-21 20:54:06', '2020-10-22 00:02:01', 'N', 'N', 'N', 0, 0, 0, 0, 0, 'N', 'N'),
(73, 'RSO-2020-10-0008A1', NULL, '2020-10-22', '1501300306', 12000, 0, NULL, 49, 2000, NULL, 2000, 'Tidak Tersedia', NULL, '2020-10-30', 'Y', 'N', 'N', 'Y', 'Y', NULL, NULL, 'Y', '2020-10-21 20:54:06', '2020-10-22 00:02:01', 'N', 'N', 'N', 0, 0, 0, 0, 0, 'N', 'N'),
(74, 'RSO-2020-10-0009A1', NULL, '2020-10-22', '1501300306', 12000, 0, NULL, 49, 1000, NULL, 1000, 'Tidak Tersedia', NULL, '2020-10-23', 'Y', 'N', 'N', 'Y', 'N', NULL, NULL, 'Y', '2020-10-21 21:00:46', '2020-10-21 21:01:53', 'N', 'N', 'N', 0, 0, 0, 0, 0, 'N', 'N'),
(75, 'RSO-2020-10-0009A1', NULL, '2020-10-22', '1701900000', 6700, 0, NULL, 48, 1600, 1600, NULL, 'Tersedia', NULL, NULL, 'Y', 'N', 'N', 'Y', 'Y', NULL, NULL, 'Y', '2020-10-21 21:00:46', '2020-10-22 00:02:25', 'N', 'N', 'N', 0, 0, 0, 0, 0, 'N', 'N'),
(78, 'RSO-2020-10-0010A1', NULL, '2020-10-22', '1501300306', 12000, 0, NULL, 49, 700, 700, NULL, 'Tersedia', NULL, NULL, 'Y', 'N', 'N', 'N', 'Y', NULL, NULL, 'Y', '2020-10-22 02:29:08', '2020-10-22 02:31:10', 'N', 'N', 'N', 0, 0, 0, 0, 0, 'N', 'N'),
(79, 'RSO-2020-10-0010A1', NULL, '2020-10-22', '1701900000', 6700, 0, NULL, 48, 1200, NULL, 1200, 'Tidak Tersedia', NULL, '2020-10-23', 'Y', 'N', 'N', 'Y', 'N', NULL, NULL, 'Y', '2020-10-22 02:29:08', '2020-10-22 02:31:28', 'N', 'N', 'N', 0, 0, 0, 0, 0, 'N', 'N'),
(80, 'PR-2020-10-0002', NULL, '2020-10-28', '1501300306', 0, 0, NULL, NULL, 5000, NULL, 5000, 'Tidak Tersedia', NULL, '2020-10-30', 'Y', 'N', 'N', 'N', 'N', NULL, '2020-10-28 09:33:42', 'N', '2020-10-27 19:33:42', '2020-10-27 19:34:03', 'N', 'N', 'N', 0, 0, 0, 0, 0, 'N', 'Y');

-- --------------------------------------------------------

--
-- Table structure for table `listso`
--

CREATE TABLE `listso` (
  `id` int(11) NOT NULL,
  `nomor_so` varchar(255) NOT NULL,
  `kode_barang` varchar(255) NOT NULL,
  `harga` float NOT NULL,
  `diskon` float NOT NULL DEFAULT '0',
  `id_custprice` int(10) UNSIGNED DEFAULT NULL,
  `qty` float NOT NULL,
  `qtyretur` double DEFAULT '0',
  `qtyrso` float NOT NULL,
  `accdate` datetime DEFAULT NULL,
  `catatan` text,
  `status` enum('Y','N') NOT NULL DEFAULT 'Y',
  `bck` float DEFAULT '0',
  `bbk` float DEFAULT '0',
  `statusso` enum('Tersedia','Tidak Tersedia') NOT NULL DEFAULT 'Tersedia',
  `openso` enum('Y','N') NOT NULL DEFAULT 'N',
  `sisapo` float NOT NULL DEFAULT '0',
  `openpo` float NOT NULL DEFAULT '0',
  `statuspo` enum('N','Y') NOT NULL DEFAULT 'N',
  `closeso` enum('N','Y') NOT NULL DEFAULT 'N',
  `pr` enum('N','Y') NOT NULL DEFAULT 'N',
  `tanggal_datang` date DEFAULT NULL,
  `tersedia` float NOT NULL DEFAULT '0',
  `created_at` timestamp NULL DEFAULT NULL,
  `updated_at` timestamp NULL DEFAULT NULL
) ENGINE=InnoDB DEFAULT CHARSET=latin1;

--
-- Dumping data for table `listso`
--

INSERT INTO `listso` (`id`, `nomor_so`, `kode_barang`, `harga`, `diskon`, `id_custprice`, `qty`, `qtyretur`, `qtyrso`, `accdate`, `catatan`, `status`, `bck`, `bbk`, `statusso`, `openso`, `sisapo`, `openpo`, `statuspo`, `closeso`, `pr`, `tanggal_datang`, `tersedia`, `created_at`, `updated_at`) VALUES
(1, 'PR-2020-10-0001', '1701900000', 0, 0, NULL, 2000, 0, 2000, '2020-10-05 15:39:36', NULL, 'Y', 0, 0, 'Tidak Tersedia', 'Y', 500, 1500, 'N', 'N', 'Y', NULL, 2000, '2020-10-05 01:39:36', '2020-10-29 23:30:41'),
(2, 'PR-2020-10-0001', '1501300306', 0, 0, NULL, 1000, 0, 1000, '2020-10-05 15:39:36', NULL, 'Y', 0, 0, 'Tidak Tersedia', 'Y', 0, 1000, 'Y', 'N', 'Y', NULL, 1000, '2020-10-05 01:39:36', '2020-10-29 23:32:31'),
(5, 'SO-2020-10-0001A1', '1701900000', 6700, 0, 48, 2000, 1900, 2000, '2020-10-05 16:07:19', NULL, 'Y', 2000, 2000, 'Tersedia', 'Y', 0, 0, 'Y', 'Y', 'N', NULL, 2000, '2020-10-05 02:05:13', '2020-10-23 02:42:41'),
(6, 'SO-2020-10-0001A1', '1501300306', 12000, 0, 49, 1000, 500, 1000, '2020-10-05 16:07:19', NULL, 'Y', 1000, 1000, 'Tersedia', 'Y', 0, 0, 'Y', 'Y', 'N', NULL, 1000, '2020-10-05 02:05:13', '2020-10-23 02:43:49'),
(7, 'SO-2020-10-0002A1', '1701900000', 6700, 1000, 48, 1000, 0, 1000, '2020-10-08 09:11:18', NULL, 'Y', 0, 0, 'Tersedia', 'Y', 0, 0, 'Y', 'N', 'N', NULL, 1000, '2020-10-07 19:09:15', '2020-10-07 19:11:19'),
(8, 'SO-2020-10-0003A1', '1501300306', 12000, 0, 49, 2000, 0, 2000, '2020-10-08 09:11:25', NULL, 'Y', 0, 0, 'Tidak Tersedia', 'Y', 0, 2000, 'Y', 'N', 'N', '2020-10-27', 2000, '2020-10-07 19:09:35', '2020-10-29 23:30:40'),
(9, 'SO-2020-10-0004A1', '1501300306', 12000, 0, 49, 200, 0, 200, '2020-10-13 10:43:08', NULL, 'Y', 200, 0, 'Tersedia', 'Y', 0, 0, 'Y', 'Y', 'N', NULL, 200, '2020-10-12 20:41:49', '2020-10-19 00:37:24'),
(10, 'SO-2020-10-0004A1', '1501300321', 12000, 0, 54, 200, 0, 200, '2020-10-13 10:43:08', NULL, 'Y', 200, 0, 'Tersedia', 'Y', 0, 0, 'Y', 'Y', 'N', NULL, 200, '2020-10-12 20:41:49', '2020-10-19 00:37:25'),
(11, 'SO-2020-10-0004A1', '1501400322', 11000, 0, 56, 400, 0, 400, '2020-10-13 10:43:08', NULL, 'Y', 400, 0, 'Tersedia', 'Y', 0, 0, 'Y', 'Y', 'N', NULL, 400, '2020-10-12 20:41:50', '2020-10-19 00:37:25'),
(12, 'SO-2020-10-0004A1', '1501400319', 20000, 0, 57, 350, 0, 350, '2020-10-13 10:43:08', NULL, 'Y', 350, 0, 'Tersedia', 'Y', 0, 0, 'Y', 'Y', 'N', NULL, 350, '2020-10-12 20:41:50', '2020-10-19 00:37:25'),
(13, 'SO-2020-10-0004A1', '1501400312', 15000, 0, 55, 300, 0, 300, '2020-10-13 10:43:08', NULL, 'Y', 300, 0, 'Tersedia', 'Y', 0, 0, 'Y', 'Y', 'N', NULL, 300, '2020-10-12 20:41:50', '2020-10-19 00:37:26'),
(14, 'SO-2020-10-0001GR', '1501300306', 12000, 0, NULL, 1600, 0, 1600, '2020-10-16 13:57:03', NULL, 'Y', 0, 0, 'Tersedia', 'Y', 0, 0, 'Y', 'N', 'N', NULL, 1600, '2020-10-15 23:47:52', '2020-10-15 23:57:04'),
(15, 'SO-2020-10-0001GR', '1701900000', 6000, 0, 58, 1000, 0, 1000, '2020-10-16 13:57:03', NULL, 'Y', 0, 0, 'Tersedia', 'Y', 0, 0, 'Y', 'N', 'N', NULL, 1000, '2020-10-15 23:47:53', '2020-10-15 23:57:04'),
(16, 'SO-2020-10-0002GR', '2100300200', 10000, 0, NULL, 700, 0, 700, '2020-10-16 13:57:07', NULL, 'Y', 0, 100, 'Tidak Tersedia', 'Y', 700, 0, 'N', 'N', 'N', '2020-10-24', 0, '2020-10-15 23:48:13', '2020-10-27 19:10:11'),
(17, 'SO-2020-10-0001A2', '1200200100', 21000, 500, 46, 2000, 0, 2000, '2020-10-17 15:44:44', NULL, 'Y', 2000, 2000, 'Tersedia', 'Y', 0, 0, 'Y', 'Y', 'N', NULL, 2000, '2020-10-17 01:43:29', '2020-10-19 00:53:53'),
(18, 'SO-2020-10-0001A2', '1100300109(21)', 12000, 200, 47, 500, 0, 500, '2020-10-17 15:44:44', NULL, 'Y', 500, 500, 'Tersedia', 'Y', 0, 0, 'Y', 'Y', 'N', NULL, 500, '2020-10-17 01:43:29', '2020-10-19 00:53:53'),
(19, 'SO-2020-10-0003GR', '1701900000', 6000, 0, 58, 2000, 0, 2000, NULL, NULL, 'Y', 0, 0, 'Tersedia', 'N', 0, 0, 'Y', 'N', 'N', NULL, 2000, '2020-10-20 21:02:49', '2020-10-20 21:02:49'),
(20, 'SO-2020-10-0003GR', '1501300306', 12000, 0, 59, 3000, 0, 3000, NULL, NULL, 'Y', 0, 0, 'Tersedia', 'N', 0, 0, 'Y', 'N', 'N', NULL, 3000, '2020-10-20 21:02:50', '2020-10-20 21:02:50'),
(21, 'SO-2020-10-0002A2', '1501300306', 12000, 500, 49, 1000, 0, 1000, NULL, NULL, 'Y', 0, 0, 'Tersedia', 'N', 0, 0, 'Y', 'N', 'N', NULL, 1000, '2020-10-20 21:05:30', '2020-10-20 21:05:30'),
(24, 'SO-2020-10-0005A1', '1701900000', 6700, 0, 48, 500, 0, 500, '2020-10-22 14:04:37', NULL, 'Y', 0, 0, 'Tidak Tersedia', 'Y', 0, 500, 'Y', 'N', 'N', '0000-00-00', 0, '2020-10-22 00:01:56', '2020-10-29 23:30:42'),
(25, 'SO-2020-10-0005A1', '1501300306', 12000, 0, 49, 2000, 0, 2000, '2020-10-22 14:04:37', NULL, 'Y', 0, 0, 'Tidak Tersedia', 'Y', 0, 2000, 'Y', 'N', 'N', '2020-10-30', 0, '2020-10-22 00:01:57', '2020-10-29 23:32:31'),
(26, 'SO-2020-10-0006A1', '1701900000', 6700, 0, 48, 1600, 0, 1600, '2020-10-22 14:04:43', NULL, 'Y', 0, 0, 'Tersedia', 'Y', 0, 0, 'Y', 'N', 'N', NULL, 1600, '2020-10-22 00:02:23', '2020-10-22 00:04:44'),
(27, 'PR-2020-10-0002', '1501300306', 0, 0, NULL, 5000, 0, 5000, '2020-10-28 09:34:06', NULL, 'Y', 0, 0, 'Tidak Tersedia', 'Y', 1000, 4000, 'N', 'N', 'Y', NULL, 0, '2020-10-27 19:34:06', '2020-10-29 23:32:32');

-- --------------------------------------------------------

--
-- Table structure for table `list_bck`
--

CREATE TABLE `list_bck` (
  `id` int(11) NOT NULL,
  `nomor_bck` varchar(255) NOT NULL,
  `kode_barang` varchar(255) NOT NULL,
  `qty` float NOT NULL,
  `harga` float NOT NULL,
  `diskon` float NOT NULL DEFAULT '0',
  `keterangan` text,
  `close_bck` enum('N','Y') NOT NULL DEFAULT 'N',
  `created_at` timestamp NULL DEFAULT NULL,
  `updated_at` timestamp NULL DEFAULT NULL
) ENGINE=InnoDB DEFAULT CHARSET=latin1;

--
-- Dumping data for table `list_bck`
--

INSERT INTO `list_bck` (`id`, `nomor_bck`, `kode_barang`, `qty`, `harga`, `diskon`, `keterangan`, `close_bck`, `created_at`, `updated_at`) VALUES
(5, 'BCK-2020-10-0001', '1501300306', 200, 12000, 0, NULL, 'N', '2020-10-19 00:37:20', '2020-10-19 00:37:20'),
(6, 'BCK-2020-10-0001', '1501300321', 200, 12000, 0, NULL, 'N', '2020-10-19 00:37:21', '2020-10-19 00:37:21'),
(7, 'BCK-2020-10-0001', '1501400322', 400, 11000, 0, NULL, 'N', '2020-10-19 00:37:21', '2020-10-19 00:37:21'),
(8, 'BCK-2020-10-0001', '1501400319', 350, 20000, 0, NULL, 'N', '2020-10-19 00:37:21', '2020-10-19 00:37:21'),
(9, 'BCK-2020-10-0001', '1501400312', 300, 15000, 0, NULL, 'N', '2020-10-19 00:37:22', '2020-10-19 00:37:22'),
(10, 'BCK-2020-10-0002', '1200200100', 2000, 21000, 500, NULL, 'N', '2020-10-19 00:42:55', '2020-10-19 00:42:55'),
(11, 'BCK-2020-10-0002', '1100300109(21)', 500, 12000, 200, NULL, 'N', '2020-10-19 00:42:55', '2020-10-19 00:42:55');

-- --------------------------------------------------------

--
-- Table structure for table `list_bcm`
--

CREATE TABLE `list_bcm` (
  `id` int(11) NOT NULL,
  `nomor_bcm` varchar(255) NOT NULL,
  `nomor_po` varchar(255) NOT NULL,
  `kode_barang` varchar(255) NOT NULL,
  `sj` float NOT NULL,
  `bongkar` float NOT NULL,
  `sisapo` int(11) NOT NULL,
  `keterangan` text,
  `close_bcm` enum('N','Y') NOT NULL DEFAULT 'N',
  `created_at` timestamp NULL DEFAULT NULL,
  `updated_at` timestamp NULL DEFAULT NULL
) ENGINE=InnoDB DEFAULT CHARSET=latin1;

--
-- Dumping data for table `list_bcm`
--

INSERT INTO `list_bcm` (`id`, `nomor_bcm`, `nomor_po`, `kode_barang`, `sj`, `bongkar`, `sisapo`, `keterangan`, `close_bcm`, `created_at`, `updated_at`) VALUES
(1, 'BCM-2020-10-0001', 'PO-2020-10-0001', '1501300306', 3000, 3000, 3000, NULL, 'N', '2020-10-19 02:13:35', '2020-10-19 02:13:35'),
(2, 'BCM-2020-10-0001', 'PO-2020-10-0001', '1701900000', 2000, 2000, 2000, NULL, 'N', '2020-10-19 02:13:36', '2020-10-19 02:13:36');

-- --------------------------------------------------------

--
-- Table structure for table `messages`
--

CREATE TABLE `messages` (
  `id` bigint(20) UNSIGNED NOT NULL,
  `user_id` int(10) UNSIGNED NOT NULL,
  `message` text COLLATE utf8mb4_unicode_ci NOT NULL,
  `created_at` timestamp NULL DEFAULT NULL,
  `updated_at` timestamp NULL DEFAULT NULL
) ENGINE=InnoDB DEFAULT CHARSET=utf8mb4 COLLATE=utf8mb4_unicode_ci;

--
-- Dumping data for table `messages`
--

INSERT INTO `messages` (`id`, `user_id`, `message`, `created_at`, `updated_at`) VALUES
(45, 26, 'd', '2020-09-13 22:48:33', '2020-09-13 22:48:33'),
(46, 2, 'eee', '2020-09-13 22:48:51', '2020-09-13 22:48:51'),
(47, 2, 'fsfs', '2020-09-13 22:56:36', '2020-09-13 22:56:36'),
(48, 26, 'dd', '2020-09-13 22:58:19', '2020-09-13 22:58:19'),
(49, 2, 'dd', '2020-09-13 22:58:59', '2020-09-13 22:58:59'),
(50, 2, 'sfs', '2020-09-13 22:59:04', '2020-09-13 22:59:04'),
(51, 2, 'd', '2020-09-13 22:59:36', '2020-09-13 22:59:36'),
(52, 2, 'gg', '2020-09-13 22:59:54', '2020-09-13 22:59:54'),
(53, 2, 'dde', '2020-09-13 23:02:40', '2020-09-13 23:02:40'),
(54, 26, 'ba', '2020-09-13 23:03:01', '2020-09-13 23:03:01'),
(55, 26, 'dsds', '2020-09-13 23:03:35', '2020-09-13 23:03:35'),
(56, 2, 'ds', '2020-09-14 06:30:12', '2020-09-14 06:30:12'),
(57, 2, 'f', '2020-09-14 06:30:19', '2020-09-14 06:30:19'),
(58, 2, 'jj', '2020-09-16 07:34:16', '2020-09-16 07:34:16'),
(59, 2, 'hj', '2020-09-16 07:35:40', '2020-09-16 07:35:40');

-- --------------------------------------------------------

--
-- Table structure for table `migrations`
--

CREATE TABLE `migrations` (
  `id` int(10) UNSIGNED NOT NULL,
  `migration` varchar(191) COLLATE utf8mb4_unicode_ci NOT NULL,
  `batch` int(11) NOT NULL
) ENGINE=InnoDB DEFAULT CHARSET=utf8mb4 COLLATE=utf8mb4_unicode_ci;

--
-- Dumping data for table `migrations`
--

INSERT INTO `migrations` (`id`, `migration`, `batch`) VALUES
(1, '2019_08_19_000000_create_failed_jobs_table', 1),
(2, '2020_06_17_053645_create_divisis_table', 1),
(3, '2014_10_12_000000_create_users_table', 2),
(4, '2020_06_17_054513_create_customers_table', 3),
(5, '2020_06_17_054818_create_barangs_table', 4),
(6, '2020_06_17_055203_create_rsos_table', 5),
(7, '2020_06_17_082020_create_listrsos_table', 6),
(8, '0000_00_00_000000_create_websockets_statistics_entries_table', 7),
(9, '2014_10_12_100000_create_password_resets_table', 7),
(10, '2020_09_12_145743_create_cache_table', 7),
(11, '2020_09_12_175620_create_messages_table', 8);

-- --------------------------------------------------------

--
-- Table structure for table `password_resets`
--

CREATE TABLE `password_resets` (
  `email` varchar(191) COLLATE utf8mb4_unicode_ci NOT NULL,
  `token` varchar(191) COLLATE utf8mb4_unicode_ci NOT NULL,
  `created_at` timestamp NULL DEFAULT NULL
) ENGINE=InnoDB DEFAULT CHARSET=utf8mb4 COLLATE=utf8mb4_unicode_ci;

-- --------------------------------------------------------

--
-- Table structure for table `po`
--

CREATE TABLE `po` (
  `nomor_po` varchar(255) NOT NULL,
  `tanggal_po` date NOT NULL,
  `kode_supplier` varchar(255) NOT NULL,
  `tanggal_datang` date NOT NULL,
  `keterangan` text,
  `id_user` int(11) UNSIGNED NOT NULL,
  `status` enum('Draft','Request','Acc','Tolak','Selesai','Di Selesaikan') NOT NULL DEFAULT 'Request',
  `poselesai` enum('N','Y') NOT NULL DEFAULT 'N',
  `alastolak` text,
  `rs` enum('Y','N','T') NOT NULL DEFAULT 'N',
  `alasselesai` text,
  `created_at` timestamp NULL DEFAULT NULL,
  `updated_at` timestamp NULL DEFAULT NULL,
  `alastolakrequest` text
) ENGINE=InnoDB DEFAULT CHARSET=latin1;

--
-- Dumping data for table `po`
--

INSERT INTO `po` (`nomor_po`, `tanggal_po`, `kode_supplier`, `tanggal_datang`, `keterangan`, `id_user`, `status`, `poselesai`, `alastolak`, `rs`, `alasselesai`, `created_at`, `updated_at`, `alastolakrequest`) VALUES
('PO-2020-10-0001', '2020-10-19', '0B-09-MB-01', '2020-10-21', NULL, 23, 'Selesai', 'Y', NULL, 'N', NULL, '2020-10-18 19:08:55', '2020-10-19 21:03:07', NULL),
('PO-2020-10-0002', '2020-10-30', '04-09-SKY-01-P', '2020-11-06', NULL, 23, 'Request', 'N', NULL, 'N', NULL, '2020-10-29 23:32:28', '2020-10-29 23:32:28', NULL);

-- --------------------------------------------------------

--
-- Table structure for table `pr`
--

CREATE TABLE `pr` (
  `nomor_pr` varchar(255) NOT NULL,
  `tanggal` date NOT NULL,
  `id_user` int(11) NOT NULL,
  `kode_customer` varchar(255) NOT NULL,
  `keterangan` text,
  `status` enum('Draft','Sent','Acc','Tolak','Selesai') NOT NULL DEFAULT 'Sent',
  `created_at` timestamp NULL DEFAULT NULL,
  `updated_at` timestamp NULL DEFAULT NULL
) ENGINE=InnoDB DEFAULT CHARSET=latin1;

--
-- Dumping data for table `pr`
--

INSERT INTO `pr` (`nomor_pr`, `tanggal`, `id_user`, `kode_customer`, `keterangan`, `status`, `created_at`, `updated_at`) VALUES
('PR-2020-09-0001', '2020-09-12', 1, 'default', 'urgent', 'Sent', '2020-09-28 17:00:00', NULL);

-- --------------------------------------------------------

--
-- Table structure for table `purchasing`
--

CREATE TABLE `purchasing` (
  `nip` varchar(255) NOT NULL,
  `nama` varchar(255) NOT NULL,
  `status` enum('Y','N') NOT NULL DEFAULT 'Y',
  `created_at` timestamp NULL DEFAULT NULL,
  `updated_at` timestamp NULL DEFAULT NULL
) ENGINE=InnoDB DEFAULT CHARSET=latin1;

--
-- Dumping data for table `purchasing`
--

INSERT INTO `purchasing` (`nip`, `nama`, `status`, `created_at`, `updated_at`) VALUES
('2008001', 'Dida Halpiah', 'Y', '2020-07-31 17:00:00', NULL);

-- --------------------------------------------------------

--
-- Table structure for table `retur`
--

CREATE TABLE `retur` (
  `nomor_retur` varchar(255) NOT NULL,
  `tanggal` date NOT NULL,
  `kode_groupso` varchar(255) NOT NULL,
  `nomor_so` varchar(255) NOT NULL,
  `status` enum('Draft','Kordinator','Supervisor','Dic','Acc','tolak','Selesai') NOT NULL DEFAULT 'Kordinator',
  `keterangan` text,
  `alastolak` text,
  `created_at` timestamp NULL DEFAULT NULL,
  `updated_at` timestamp NULL DEFAULT NULL
) ENGINE=InnoDB DEFAULT CHARSET=latin1;

--
-- Dumping data for table `retur`
--

INSERT INTO `retur` (`nomor_retur`, `tanggal`, `kode_groupso`, `nomor_so`, `status`, `keterangan`, `alastolak`, `created_at`, `updated_at`) VALUES
('RT-2020-10-0001A1', '2020-10-23', 'A1', 'SO-2020-10-0001A1', 'Kordinator', NULL, NULL, '2020-10-23 01:00:28', '2020-10-23 01:00:28'),
('RT-2020-10-0002A1', '2020-10-23', 'A1', 'SO-2020-10-0001A1', 'Kordinator', NULL, NULL, '2020-10-23 02:39:53', '2020-10-23 02:39:53'),
('RT-2020-10-0003A1', '2020-10-23', 'A1', 'SO-2020-10-0001A1', 'Kordinator', NULL, NULL, '2020-10-23 02:42:40', '2020-10-23 02:42:40'),
('RT-2020-10-0004A1', '2020-10-23', 'A1', 'SO-2020-10-0001A1', 'Kordinator', NULL, NULL, '2020-10-23 02:43:48', '2020-10-23 02:43:48');

-- --------------------------------------------------------

--
-- Table structure for table `rso`
--

CREATE TABLE `rso` (
  `nomor_rso` varchar(255) NOT NULL,
  `tanggal_rso` date NOT NULL,
  `nomor_so` varchar(255) DEFAULT NULL,
  `id_user` int(11) NOT NULL,
  `kode_customer` varchar(255) NOT NULL,
  `kode_groupso` varchar(255) NOT NULL,
  `keterangan` text,
  `status` enum('Draft','Sent','Purch','Confirmed','So') DEFAULT 'Draft',
  `pr` enum('N','Y') NOT NULL DEFAULT 'N',
  `created_at` timestamp NULL DEFAULT NULL,
  `updated_at` timestamp NULL DEFAULT NULL
) ENGINE=InnoDB DEFAULT CHARSET=latin1;

--
-- Dumping data for table `rso`
--

INSERT INTO `rso` (`nomor_rso`, `tanggal_rso`, `nomor_so`, `id_user`, `kode_customer`, `kode_groupso`, `keterangan`, `status`, `pr`, `created_at`, `updated_at`) VALUES
('PR-2020-10-0001', '2020-10-05', NULL, 18, 'default', 'GR', NULL, 'So', 'Y', '2020-10-05 01:34:25', '2020-10-05 01:39:34'),
('PR-2020-10-0002', '2020-10-28', NULL, 18, 'default', 'GR', NULL, 'So', 'Y', '2020-10-27 19:33:42', '2020-10-27 19:34:05'),
('RSO-2020-10-0001A1', '2020-10-05', NULL, 26, 'LPG-19-KAF-01', 'A1', NULL, 'So', 'N', '2020-10-05 01:16:53', '2020-10-05 02:05:19'),
('RSO-2020-10-0001A2', '2020-10-17', NULL, 16, 'PMG-33-AKS-01', 'A2', NULL, 'So', 'N', '2020-10-17 01:40:53', '2020-10-17 01:43:34'),
('RSO-2020-10-0001GR', '2020-10-16', NULL, 36, 'MKS-28-MAK-03', 'GR', NULL, 'So', 'N', '2020-10-15 23:39:48', '2020-10-15 23:48:19'),
('RSO-2020-10-0002A1', '2020-10-07', NULL, 26, 'LPG-19-KAF-01', 'A1', NULL, 'So', 'N', '2020-10-06 19:31:56', '2020-10-07 19:09:38'),
('RSO-2020-10-0002A2', '2020-10-21', NULL, 39, 'LPG-19-KAF-01', 'A2', NULL, 'So', 'N', '2020-10-20 21:04:40', '2020-10-20 21:05:33'),
('RSO-2020-10-0002GR', '2020-10-21', NULL, 36, 'MKS-28-MAK-03', 'GR', NULL, 'So', 'N', '2020-10-20 21:01:11', '2020-10-20 21:02:57'),
('RSO-2020-10-0003A1', '2020-10-07', NULL, 26, 'BGR-09-AJG-01', 'A1', NULL, 'Confirmed', 'N', '2020-10-07 01:59:59', '2020-10-17 08:13:07'),
('RSO-2020-10-0004A1', '2020-10-07', NULL, 26, 'LPG-19-KAF-01', 'A1', NULL, 'Confirmed', 'N', '2020-10-07 00:07:12', '2020-10-21 20:59:34'),
('RSO-2020-10-0005A1', '2020-10-13', NULL, 26, 'LPG-19-KAF-01', 'A1', NULL, 'So', 'N', '2020-10-12 20:39:47', '2020-10-12 20:42:07'),
('RSO-2020-10-0006A1', '2020-10-20', NULL, 35, 'LPG-19-KAF-01', 'A1', NULL, 'Confirmed', 'N', '2020-10-20 02:15:48', '2020-10-20 21:01:45'),
('RSO-2020-10-0007A1', '2020-10-20', NULL, 26, 'LPG-19-KAF-01', 'A1', NULL, 'Confirmed', 'N', '2020-10-20 02:38:04', '2020-10-20 21:01:57'),
('RSO-2020-10-0008A1', '2020-10-22', NULL, 26, 'LPG-19-KAF-01', 'A1', NULL, 'Confirmed', 'N', '2020-10-21 20:54:05', '2020-10-21 20:59:23'),
('RSO-2020-10-0009A1', '2020-10-22', NULL, 26, 'LPG-19-KAF-01', 'A1', NULL, 'Confirmed', 'N', '2020-10-21 21:00:46', '2020-10-21 21:01:55'),
('RSO-2020-10-0010A1', '2020-10-22', NULL, 26, 'LPG-19-KAF-01', 'A1', NULL, 'Confirmed', 'N', '2020-10-22 02:29:08', '2020-10-22 02:31:30');

-- --------------------------------------------------------

--
-- Table structure for table `sales`
--

CREATE TABLE `sales` (
  `nip` varchar(255) NOT NULL,
  `nama` varchar(119) NOT NULL,
  `status` enum('Aktif','Non Aktif') NOT NULL DEFAULT 'Aktif',
  `created_at` timestamp NULL DEFAULT NULL,
  `updated_at` timestamp NULL DEFAULT NULL
) ENGINE=InnoDB DEFAULT CHARSET=latin1;

--
-- Dumping data for table `sales`
--

INSERT INTO `sales` (`nip`, `nama`, `status`, `created_at`, `updated_at`) VALUES
('10001', 'Miana', 'Aktif', NULL, '2020-07-15 22:06:58'),
('10002', 'Rotamba', 'Aktif', NULL, NULL),
('10003', 'Steven', 'Aktif', NULL, NULL),
('10004', 'Andien', 'Aktif', '2020-08-30 18:24:36', '2020-08-30 18:24:36'),
('10005', 'Juan Elbert', 'Aktif', '2020-08-30 18:24:47', '2020-08-30 18:24:47'),
('10006', 'David', 'Aktif', '2020-08-31 19:57:00', '2020-08-31 19:57:00'),
('10007', 'Deri Rogen', 'Aktif', '2020-08-31 19:57:12', '2020-08-31 19:57:12'),
('10008', 'Tri', 'Aktif', '2020-09-01 00:53:14', '2020-09-01 00:53:14'),
('10010', 'Taufik', 'Aktif', '2020-09-01 00:53:31', '2020-09-01 00:53:31'),
('default', 'dic', 'Non Aktif', '2020-08-24 17:00:00', NULL);

-- --------------------------------------------------------

--
-- Table structure for table `satuan`
--

CREATE TABLE `satuan` (
  `id` int(11) NOT NULL,
  `satuan` varchar(255) NOT NULL,
  `created_at` timestamp NULL DEFAULT NULL,
  `updated_at` timestamp NULL DEFAULT NULL
) ENGINE=InnoDB DEFAULT CHARSET=latin1;

--
-- Dumping data for table `satuan`
--

INSERT INTO `satuan` (`id`, `satuan`, `created_at`, `updated_at`) VALUES
(1, 'PCS', NULL, NULL),
(2, 'ROLL', NULL, NULL),
(3, 'LBR', NULL, NULL),
(4, 'KG', NULL, NULL),
(5, 'MTR', NULL, NULL),
(6, 'BOX', NULL, NULL),
(7, 'DUS', NULL, NULL);

-- --------------------------------------------------------

--
-- Table structure for table `so`
--

CREATE TABLE `so` (
  `nomor_so` varchar(255) NOT NULL,
  `id_user` int(10) UNSIGNED NOT NULL,
  `tanggal_so` date NOT NULL,
  `tanggal_kirim` date NOT NULL,
  `nomor_rso` varchar(255) NOT NULL,
  `alastolak` text,
  `keterangan` text,
  `lokasi` varchar(255) NOT NULL,
  `alamat` text NOT NULL,
  `status` enum('Draft','Sent','Acc','Tolak','Selesai','Di Selesaikan','Dic','Kordinator') NOT NULL DEFAULT 'Draft',
  `distribusi` varchar(255) NOT NULL,
  `id_ekspedisi` int(11) DEFAULT NULL,
  `statusso` enum('tersedia','tidaktersedia') NOT NULL,
  `pr` enum('Y','N') NOT NULL DEFAULT 'N',
  `kode_groupso` varchar(255) NOT NULL DEFAULT 'GR',
  `created_at` timestamp NULL DEFAULT NULL,
  `updated_at` timestamp NULL DEFAULT NULL,
  `rs` enum('Y','N','T') NOT NULL DEFAULT 'N',
  `openpo` enum('N','Y') NOT NULL DEFAULT 'N',
  `alasselesai` text,
  `alastolakselesai` text,
  `closebck` enum('N','Y') NOT NULL DEFAULT 'N'
) ENGINE=InnoDB DEFAULT CHARSET=latin1;

--
-- Dumping data for table `so`
--

INSERT INTO `so` (`nomor_so`, `id_user`, `tanggal_so`, `tanggal_kirim`, `nomor_rso`, `alastolak`, `keterangan`, `lokasi`, `alamat`, `status`, `distribusi`, `id_ekspedisi`, `statusso`, `pr`, `kode_groupso`, `created_at`, `updated_at`, `rs`, `openpo`, `alasselesai`, `alastolakselesai`, `closebck`) VALUES
('PR-2020-10-0001', 18, '2020-10-05', '2020-10-05', 'PR-2020-10-0001', NULL, NULL, 'PT. Ekatunggal Tunas Mandiri', 'Jl. Pahlawan No.29A, RT.003/005 Citeureup, Kab. Bogor', 'Acc', 'Ambil', NULL, 'tidaktersedia', 'Y', 'GR', '2020-10-05 01:39:36', '2020-10-05 01:39:36', 'N', 'N', NULL, NULL, 'N'),
('PR-2020-10-0002', 18, '2020-10-28', '2020-10-28', 'PR-2020-10-0002', NULL, NULL, 'PT. Ekatunggal Tunas Mandiri', 'Jl. Pahlawan No.29A, RT.003/005 Citeureup, Kab. Bogor', 'Acc', 'Ambil', NULL, 'tidaktersedia', 'Y', 'GR', '2020-10-27 19:34:06', '2020-10-27 19:34:06', 'N', 'N', NULL, NULL, 'N'),
('SO-2020-10-0001A1', 26, '2020-10-05', '2020-10-07', 'RSO-2020-10-0001A1', NULL, NULL, 'PT. Ekatunggal Tunas Mandiri', 'Jl. Pahlawan No.29A, RT.003/005 Citeureup, Kab. Bogor, Jawa Barat', 'Selesai', 'ambil', NULL, 'tersedia', 'N', 'A1', '2020-10-05 02:05:12', '2020-10-22 19:43:33', 'N', 'N', NULL, NULL, 'Y'),
('SO-2020-10-0001A2', 16, '2020-10-17', '2020-10-19', 'RSO-2020-10-0001A2', NULL, 'Kirim bareng so lainnya', 'Exp.Dharma Kumara', 'Jl.Tanjung Priok No.20 Blok.E Jakarta Utara 1729', 'Acc', 'kirim', 2, 'tersedia', 'N', 'A2', '2020-10-17 01:43:29', '2020-10-19 00:53:55', 'N', 'N', NULL, NULL, 'Y'),
('SO-2020-10-0001GR', 36, '2020-10-16', '2020-10-18', 'RSO-2020-10-0001GR', NULL, NULL, 'PT. Ekatunggal Tunas Mandiri', 'Jl. Pahlawan No.29A, RT.003/005 Citeureup, Kab. Bogor, Jawa Barat', 'Acc', 'ambil', NULL, 'tersedia', 'N', 'GR', '2020-10-15 23:47:52', '2020-10-15 23:57:02', 'N', 'N', NULL, NULL, 'N'),
('SO-2020-10-0002A1', 26, '2020-10-08', '2020-10-10', 'RSO-2020-10-0002A1', NULL, NULL, 'PT. Ekatunggal Tunas Mandiri', 'Jl. Pahlawan No.29A, RT.003/005 Citeureup, Kab. Bogor, Jawa Barat', 'Selesai', 'ambil', NULL, 'tersedia', 'N', 'A1', '2020-10-07 19:09:15', '2020-10-07 19:11:17', 'N', 'N', NULL, NULL, 'N'),
('SO-2020-10-0002A2', 39, '2020-10-21', '2020-10-23', 'RSO-2020-10-0002A2', NULL, NULL, 'PT. Ekatunggal Tunas Mandiri', 'Jl. Pahlawan No.29A, RT.003/005 Citeureup, Kab. Bogor, Jawa Barat', 'Kordinator', 'ambil', NULL, 'tersedia', 'N', 'A2', '2020-10-20 21:05:29', '2020-10-20 21:05:29', 'N', 'N', NULL, NULL, 'N'),
('SO-2020-10-0002GR', 36, '2020-10-16', '2020-10-18', 'RSO-2020-10-0001GR', NULL, NULL, 'PT. Ekatunggal Tunas Mandiri', 'Jl. Pahlawan No.29A, RT.003/005 Citeureup, Kab. Bogor, Jawa Barat', 'Di Selesaikan', 'ambil', NULL, 'tidaktersedia', 'N', 'GR', '2020-10-15 23:48:13', '2020-10-27 19:57:16', 'Y', 'N', 'f', NULL, 'N'),
('SO-2020-10-0003A1', 26, '2020-10-08', '2020-10-10', 'RSO-2020-10-0002A1', NULL, NULL, 'PT. Ekatunggal Tunas Mandiri', 'Jl. Pahlawan No.29A, RT.003/005 Citeureup, Kab. Bogor, Jawa Barat', 'Acc', 'ambil', NULL, 'tidaktersedia', 'N', 'A1', '2020-10-07 19:09:34', '2020-10-07 19:11:24', 'N', 'N', NULL, NULL, 'N'),
('SO-2020-10-0003GR', 36, '2020-10-21', '2020-10-23', 'RSO-2020-10-0002GR', NULL, NULL, 'PT. Ekatunggal Tunas Mandiri', 'Jl. Pahlawan No.29A, RT.003/005 Citeureup, Kab. Bogor, Jawa Barat', 'Kordinator', 'ambil', NULL, 'tersedia', 'N', 'GR', '2020-10-20 21:02:49', '2020-10-20 21:02:49', 'N', 'N', NULL, NULL, 'N'),
('SO-2020-10-0004A1', 35, '2020-10-13', '2020-10-15', 'RSO-2020-10-0005A1', NULL, NULL, 'Exp. Mala Lestari', 'Jl. Kampung sawah, RT.001/002 Kel.Pasar Jambu. Jakarta Barat', 'Acc', 'kirim', 1, 'tersedia', 'N', 'A1', '2020-10-12 20:41:48', '2020-10-19 00:37:31', 'N', 'N', NULL, NULL, 'Y'),
('SO-2020-10-0005A1', 26, '2020-10-22', '2020-10-24', 'RSO-2020-10-0008A1', NULL, NULL, 'PT. Ekatunggal Tunas Mandiri', 'Jl. Pahlawan No.29A, RT.003/005 Citeureup, Kab. Bogor, Jawa Barat', 'Acc', 'ambil', NULL, 'tidaktersedia', 'N', 'A1', '2020-10-22 00:01:56', '2020-10-22 00:04:36', 'N', 'N', NULL, NULL, 'N'),
('SO-2020-10-0006A1', 26, '2020-10-22', '2020-10-24', 'RSO-2020-10-0009A1', NULL, NULL, 'PT. Ekatunggal Tunas Mandiri', 'Jl. Pahlawan No.29A, RT.003/005 Citeureup, Kab. Bogor, Jawa Barat', 'Acc', 'ambil', NULL, 'tersedia', 'N', 'A1', '2020-10-22 00:02:22', '2020-10-22 00:04:42', 'N', 'N', NULL, NULL, 'N');

-- --------------------------------------------------------

--
-- Table structure for table `suppliers`
--

CREATE TABLE `suppliers` (
  `kode_supplier` varchar(255) NOT NULL,
  `nama` varchar(255) NOT NULL,
  `alamat` text,
  `pic` varchar(255) DEFAULT NULL,
  `telepon` varchar(15) DEFAULT NULL,
  `email` varchar(30) DEFAULT NULL,
  `status` enum('Aktif','Non Aktif') DEFAULT 'Aktif',
  `created_at` timestamp NULL DEFAULT NULL,
  `updated_at` timestamp NULL DEFAULT NULL
) ENGINE=InnoDB DEFAULT CHARSET=latin1;

--
-- Dumping data for table `suppliers`
--

INSERT INTO `suppliers` (`kode_supplier`, `nama`, `alamat`, `pic`, `telepon`, `email`, `status`, `created_at`, `updated_at`) VALUES
('04-09-SKY-01-P', 'SKY FOAM PT', NULL, NULL, NULL, NULL, '', NULL, NULL),
('0A-03-AGM-01-P', 'ALPHA GEMILANG MAKMUR', NULL, NULL, NULL, NULL, '', NULL, NULL),
('0A-03-ATM-01', 'ANASTASIA MULIA', NULL, NULL, NULL, NULL, '', NULL, NULL),
('0A-03-IMK-01-P', 'INDOTAMA MULTI KREASI PT.', NULL, NULL, NULL, NULL, '', NULL, NULL),
('0A-03-MJA-01', 'MAKMUR JAYA ADIPRAKARSA PT.', NULL, NULL, NULL, NULL, '', NULL, NULL),
('0A-03-PKI-01', 'POLY KALMEN INDONESIA', NULL, NULL, NULL, NULL, '', NULL, NULL),
('0A-06-ABA-01-P', 'ANEKA BAJA PERKASA INDUSTRY PT.', NULL, NULL, NULL, NULL, '', NULL, NULL),
('0A-06-ACA-01', 'ANUGRAH CEMERLANG ABADI PT.', NULL, NULL, NULL, NULL, '', NULL, NULL),
('0A-06-APG-01-P', 'ANEKA PRIMA GEMILANG PT.', NULL, NULL, NULL, NULL, '', NULL, NULL),
('0A-06-ASU-01-P', 'ANEKA SETIA UNGGUL INDUSTRI PT.', NULL, NULL, NULL, NULL, '', NULL, NULL),
('0A-06-BSW-01', 'BIMA SEKAWAN PD.', NULL, NULL, NULL, NULL, '', NULL, NULL),
('0A-06-FIU-01-P', 'FOAMINDO INDUSTRY URETAN PT.', NULL, NULL, NULL, NULL, '', NULL, NULL),
('0A-06-GES-01', 'GEE SAN PT.', NULL, NULL, NULL, NULL, '', NULL, NULL),
('0A-06-IRM-01-P', 'INTI RODA MAKMUR PT.', NULL, NULL, NULL, NULL, '', NULL, NULL),
('0A-06-KSJ-01', 'KARYA SUKSES SEJATI PT.', NULL, NULL, NULL, NULL, '', NULL, NULL),
('0A-06-KST-01', 'KARYA SUKSES SETIA PT.', NULL, NULL, NULL, NULL, '', NULL, NULL),
('0A-06-MNJ-01', 'MITRA NIAGA JAYA', NULL, NULL, NULL, NULL, '', NULL, NULL),
('0A-06-PTJ-01', 'PANCATIRTA JAYA S PT.', NULL, NULL, NULL, NULL, '', NULL, NULL),
('0A-06-RKA-01-P', 'RAKINDO ANUGERAH PT.', NULL, NULL, NULL, NULL, '', NULL, NULL),
('0A-06-SNR-01-P', 'SUNRISE INDONESIA PT.', NULL, NULL, NULL, NULL, '', NULL, NULL),
('0A-06-SPJ-01', 'SEMARANG PERSADA JAYA PT.', NULL, NULL, NULL, NULL, '', NULL, NULL),
('0B-06-BON-01-P', 'CARE SPUNBOND PT.', NULL, NULL, NULL, NULL, '', NULL, NULL),
('0B-06-DBS-01-P', 'DAMAI BAHAGIA SEMESTA PT.', NULL, NULL, NULL, NULL, '', NULL, NULL),
('0B-06-ICM-01', 'INDOCHEMIE PT.', NULL, NULL, NULL, NULL, '', NULL, NULL),
('0B-06-KMS-01', 'KOIN MULTI STAR PT.', NULL, NULL, NULL, NULL, '', NULL, NULL),
('0B-06-KSH-01', 'KING SHENG', NULL, NULL, NULL, NULL, '', NULL, NULL),
('0B-06-LTS-01-P', 'LANI TEDUH SUMBERINDAH PT.', NULL, NULL, NULL, NULL, '', NULL, NULL),
('0B-06-OCF-01-P', 'OCEAN CENTRA FURNINDO PT.', NULL, NULL, NULL, NULL, '', NULL, NULL),
('0B-06-PEP-01-P', 'PRIMA EKA PERKASA', NULL, NULL, NULL, NULL, '', NULL, NULL),
('0B-06-PLS-01-P', 'PLASINDO UTAMA PT.', NULL, NULL, NULL, NULL, '', NULL, NULL),
('0B-06-SMS-01', 'SINAR MAS', NULL, NULL, NULL, NULL, '', NULL, NULL),
('0B-06-SMT-01', 'SUMMIT TK.', NULL, NULL, NULL, NULL, '', NULL, NULL),
('0B-09-EJA-01', 'ELES JAYA ABADI PT.', NULL, NULL, NULL, NULL, '', NULL, NULL),
('0B-09-MB-01', 'MAJU BERSAMA', NULL, NULL, NULL, NULL, '', NULL, NULL),
('0D-09-AFP-01', 'KITA SAMA-SAMA PT.', NULL, NULL, NULL, NULL, '', NULL, NULL),
('0D-09-AGS-01', 'AGUS SALIM', NULL, NULL, NULL, NULL, '', NULL, NULL),
('0D-09-AMY-01', 'AMAY AKSESORIES', NULL, NULL, NULL, NULL, '', NULL, NULL),
('0D-09-BMC-01', 'BINTANG MAS CEMERLANG', NULL, NULL, NULL, NULL, '', NULL, NULL),
('0D-09-BSP-01-P', 'BENTARA SINAR PRIMA PT.', NULL, NULL, NULL, NULL, '', NULL, NULL),
('0D-09-ERL-01', 'LANI ERLIANI', NULL, NULL, NULL, NULL, '', NULL, NULL),
('0D-09-ERW-01', 'ERWIN', NULL, NULL, NULL, NULL, '', NULL, NULL),
('0D-09-HDI-01', 'HARLI DUNIA INDAH PT.', NULL, NULL, NULL, NULL, '', NULL, NULL),
('0D-09-HKR-01-P', 'SINAR MANDIRI TEXINDO PT.', NULL, NULL, NULL, NULL, '', NULL, NULL),
('0D-09-IDC-01', 'INDOCITRA', NULL, NULL, NULL, NULL, '', NULL, NULL),
('0D-09-IGO-01-P', 'INDO GILI ORZORA PT.', NULL, NULL, NULL, NULL, '', NULL, NULL),
('0D-09-IMN-01', 'SEMPURNA INDAH MULTI NUSANTARA PT.', NULL, NULL, NULL, NULL, '', NULL, NULL),
('0D-09-JQL-01', 'JAYA QUILTING', NULL, NULL, NULL, NULL, '', NULL, NULL),
('0D-09-KMY-01', 'KAITEN ABANG INBA / KARAMOY', NULL, NULL, NULL, NULL, '', NULL, NULL),
('0D-09-PSM-01-P', 'PRIMAJAYA SEJAHTERA MANDIRI PT.', NULL, NULL, NULL, NULL, '', NULL, NULL),
('0F-09-ADL-01', 'ADE LATEX', NULL, NULL, NULL, NULL, '', NULL, NULL),
('0F-09-AJB-01-P', 'ANAK JAYA IBU BAHAGIA', NULL, NULL, NULL, NULL, '', NULL, NULL),
('0F-09-ARI-01', 'ARI WIDJAYA', NULL, NULL, NULL, NULL, '', NULL, NULL),
('0F-09-CAS-01', 'CASH', NULL, NULL, NULL, NULL, '', NULL, NULL),
('0F-09-DPS-01', 'DYFA PLASTIK SEJAHTERA CV.', NULL, NULL, NULL, NULL, '', NULL, NULL),
('0F-09-EDW-01', 'EDWARD BP.', NULL, NULL, NULL, NULL, '', NULL, NULL),
('0F-09-GUD-01', 'GUDANG KARADENAN', NULL, NULL, NULL, NULL, '', NULL, NULL),
('0F-09-KTP-01', 'KENT TAPE', NULL, NULL, NULL, NULL, '', NULL, NULL),
('0F-09-MPS-01', 'MITRA PUTRA SPRING CV.', NULL, NULL, NULL, NULL, '', NULL, NULL),
('0F-09-OJP-01', 'ORBIT JAYA PRATAMA PT.', NULL, NULL, NULL, NULL, '', NULL, NULL),
('0F-09-SMP-01', 'SURYA MITRA PLASTINDO PT.', NULL, NULL, NULL, NULL, '', NULL, NULL),
('0L-11-ETT-01', 'EKA TUNGGAL TIMUR CV.', NULL, NULL, NULL, NULL, '', NULL, NULL),
('0L-11-RBT-01', 'ROBERT BP.', NULL, NULL, NULL, NULL, '', NULL, NULL),
('BK-34-MDM-01', 'MEDAN MESINDO PT.', NULL, NULL, NULL, NULL, '', NULL, NULL),
('CH-35-YB-01', 'YB', NULL, NULL, NULL, NULL, '', NULL, NULL),
('OA-09-MPF-01-P', 'MEGA PRATAMA FERINDO.PT', NULL, NULL, NULL, NULL, '', NULL, NULL);

-- --------------------------------------------------------

--
-- Table structure for table `users`
--

CREATE TABLE `users` (
  `id` int(10) UNSIGNED NOT NULL,
  `username` varchar(20) COLLATE utf8mb4_unicode_ci NOT NULL,
  `name` varchar(191) COLLATE utf8mb4_unicode_ci NOT NULL,
  `email` varchar(191) COLLATE utf8mb4_unicode_ci NOT NULL,
  `email_verified_at` timestamp NULL DEFAULT NULL,
  `password` varchar(191) COLLATE utf8mb4_unicode_ci NOT NULL,
  `remember_token` varchar(100) COLLATE utf8mb4_unicode_ci DEFAULT NULL,
  `created_at` timestamp NULL DEFAULT NULL,
  `updated_at` timestamp NULL DEFAULT NULL,
  `sales` tinyint(1) NOT NULL DEFAULT '0',
  `kode_groupso` varchar(255) COLLATE utf8mb4_unicode_ci DEFAULT NULL,
  `kordisales` tinyint(1) NOT NULL DEFAULT '0',
  `susales` tinyint(1) NOT NULL DEFAULT '0',
  `inventory` tinyint(1) NOT NULL DEFAULT '0',
  `incoming` tinyint(1) NOT NULL DEFAULT '0',
  `incomingspv` tinyint(1) NOT NULL DEFAULT '0',
  `distribusi` tinyint(1) NOT NULL DEFAULT '0',
  `purch` tinyint(1) NOT NULL DEFAULT '0',
  `suppurch` tinyint(1) NOT NULL DEFAULT '0',
  `acc` tinyint(1) NOT NULL DEFAULT '0',
  `warehouse` tinyint(1) NOT NULL,
  `superadmin` tinyint(1) NOT NULL DEFAULT '0'
) ENGINE=InnoDB DEFAULT CHARSET=utf8mb4 COLLATE=utf8mb4_unicode_ci;

--
-- Dumping data for table `users`
--

INSERT INTO `users` (`id`, `username`, `name`, `email`, `email_verified_at`, `password`, `remember_token`, `created_at`, `updated_at`, `sales`, `kode_groupso`, `kordisales`, `susales`, `inventory`, `incoming`, `incomingspv`, `distribusi`, `purch`, `suppurch`, `acc`, `warehouse`, `superadmin`) VALUES
(2, 'ramdhani136', 'Ilham Ramdhani', 'ramdhaniit@gmail.com', NULL, '$2y$10$qspAPAbpdYCBZwONFw84VucC2kdc31Fm133BqZ0Gkb6B1XR.tdP4G', NULL, '2020-07-04 20:30:37', '2020-07-04 20:30:37', 0, 'A1', 0, 0, 0, 0, 0, 0, 0, 0, 0, 0, 1),
(16, 'andin', 'Andin', 'andin@gmail.com', NULL, '$2y$10$yZn5KcN8XiiE.2WcmgkEJ.nwBWVTFdVpcTlIAWdg/HZKDmBO.wbV6', NULL, '2020-08-30 08:21:30', '2020-08-30 08:21:30', 1, 'A2', 0, 0, 0, 0, 0, 0, 0, 0, 0, 0, 0),
(18, 'lukman', 'lukman', 'lukman@gmail.com', NULL, '$2y$10$vAQtclN6GLPaSVry7kLdSeM/0M0uzESHGtjEWrVwH/M/ON58oZaMW', NULL, '2020-08-30 08:24:08', '2020-08-30 08:24:08', 0, NULL, 0, 0, 1, 0, 0, 0, 0, 0, 0, 0, 0),
(23, 'dida', 'Dida Halpiah', 'dida@gmail.com', NULL, '$2y$10$dX/a0y1/dHpQ0KEQ4tHZiuEkmAIbh5HM9E5HJnPW1tMGAlWo0doNy', NULL, '2020-08-30 08:27:19', '2020-08-30 08:27:19', 0, NULL, 0, 0, 0, 0, 0, 0, 1, 0, 0, 0, 0),
(24, 'yogi', 'Yogi', 'yogi@gmail.com', NULL, '$2y$10$byOKkpGbxtvBON18hZ1yneXQhwkFP4xX.5qzX9n1MqtNxcI9xbG6q', NULL, '2020-08-30 08:28:17', '2020-08-30 08:28:17', 0, NULL, 0, 0, 0, 1, 0, 0, 0, 0, 0, 0, 0),
(26, 'juan', 'Juan Elbert', 'juan@gmail.com', NULL, '$2y$10$kD6557JZxt0nXajHSNyK9uRdFjJBktdlulpHdbhv/4vlHPAcjrcw2', NULL, '2020-08-30 08:29:52', '2020-08-30 08:29:52', 1, 'A1', 0, 0, 0, 0, 0, 0, 0, 0, 0, 0, 0),
(30, 'afri', 'Afri Noor', 'afri@gmail.com', NULL, '$2y$10$T4ARmKFmk7V8Pkwxxf.eIefke38F/iZ7SHmDe3VjGPuGYYITcJPWi', NULL, '2020-08-30 09:46:36', '2020-08-30 09:46:36', 0, NULL, 0, 0, 0, 0, 0, 1, 0, 0, 0, 0, 0),
(31, 'acc', 'Accounting', 'acc@gmail.com', NULL, '$2y$10$cUlSnHRoJKHbi0GMPZrBpeIyZduiVYpmfPGsJB2oWFTaYTOTexXTO', NULL, '2020-08-30 18:22:50', '2020-08-30 18:22:50', 0, NULL, 0, 0, 0, 0, 0, 0, 0, 0, 1, 0, 0),
(32, 'suhanda', 'Suhanda', 'suhanda@gmail.com', NULL, '$2y$10$01.GJ/2eavovmm0XDXIRxOq4ot.KAzXBReP8Se8bD5C1ptZT2wsNC', NULL, '2020-08-30 23:41:35', '2020-08-30 23:41:35', 0, NULL, 0, 0, 0, 0, 0, 0, 0, 0, 0, 1, 0),
(33, 'iski', 'Iski', 'iski@gmail.com', NULL, '$2y$10$w23GGWfGupAcTpiBjuwHDe1F3qV22RPR.FTVsyCJC2hP7SUrLEASy', NULL, '2020-08-31 02:42:47', '2020-08-31 02:42:47', 0, NULL, 0, 0, 0, 0, 0, 1, 0, 0, 0, 0, 0),
(34, 'zuhdi', 'Zuhdi', 'zuhdi@gmail.com', NULL, '$2y$10$qHUM5VUK5C1lLFlqS/p1yOSCNZgJpCMO/vd.4dCYj0H3OF2BAezyy', NULL, '2020-08-31 02:53:33', '2020-08-31 02:53:33', 0, NULL, 0, 0, 0, 1, 0, 0, 0, 0, 0, 0, 0),
(35, 'tri', 'Tri', 'tri@gmail.com', NULL, '$2y$10$17YYykLbM02wjKSvZBfYwODHNUknfBcte7kMMAxNiNYCKuo/VeTdi', NULL, '2020-08-31 18:38:19', '2020-08-31 18:38:19', 1, 'A1', 0, 0, 0, 0, 0, 0, 0, 0, 0, 0, 0),
(36, 'putri', 'Putri', 'putri@gmail.com', NULL, '$2y$10$IGd4gYM3wBmFxk1pk9V9heS9vvQ5/mmguG9wPaOsCqz6nZnbC/UCa', NULL, '2020-08-31 18:38:53', '2020-08-31 18:38:53', 1, 'GR', 0, 0, 0, 0, 0, 0, 0, 0, 0, 0, 0),
(37, 'drogen', 'Deri Rogen', 'drogen@gmail.com', NULL, '$2y$10$tjqmxp9y4JRGXnd5SPgg9ujdZvnwRNBWqFvRexqllNAW2.e7nTHIu', NULL, '2020-08-31 19:28:16', '2020-08-31 19:28:16', 0, NULL, 0, 1, 0, 0, 1, 0, 0, 1, 0, 0, 0),
(39, 'taufik', 'Taufik', 'taufik@gmail.com', NULL, '$2y$10$RH0i9/vadvQlZN201rUmcOh/lgX8NgjOYZqR0eLpHA.jK5Sl8ij26', NULL, '2020-09-01 00:49:22', '2020-09-01 00:49:22', 1, 'A2', 0, 0, 0, 0, 0, 0, 0, 0, 0, 0, 0),
(40, 'david', 'David', 'david@gmail.com', NULL, '$2y$10$GPZjO.Gso8nimX6oXLmAT.q8fFemyR1kfdp7dclebSm1Zgx3qpUEC', NULL, '2020-09-02 20:28:26', '2020-09-02 20:28:26', 0, 'GR', 0, 1, 0, 0, 0, 0, 0, 0, 0, 0, 0),
(41, 'rotamba', 'Rotamba', 'rotamba@gmail.com', NULL, '$2y$10$6PNmyhyQfkvcJFKVgOSNE.vkzRMQXoQLCFGJhGns0DybdVf2xaMQ2', NULL, '2020-09-22 08:06:19', '2020-09-22 08:06:19', 0, 'A2', 1, 0, 0, 0, 0, 0, 0, 0, 0, 0, 0),
(42, 'miana', 'Miana', 'miana@gmail.com', NULL, '$2y$10$u4PBMIFbrb86HSA68JZRLeI9VraGkuVBkDRScegQczOt4HQw5nhJq', NULL, '2020-09-22 08:07:10', '2020-09-22 08:07:10', 0, 'A1', 1, 0, 0, 0, 0, 0, 0, 0, 0, 0, 0),
(43, 'steven', 'Steven', 'steven@gmail.com', NULL, '$2y$10$1bgGGwKaiuIn6EEoMhvUIusAIDYA2B/6wV8VY3122vfhpe2JMLl2i', NULL, '2020-09-22 08:08:24', '2020-09-22 08:08:24', 0, NULL, 1, 0, 0, 0, 0, 0, 0, 0, 0, 0, 0);

-- --------------------------------------------------------

--
-- Table structure for table `websockets_statistics_entries`
--

CREATE TABLE `websockets_statistics_entries` (
  `id` int(10) UNSIGNED NOT NULL,
  `app_id` varchar(191) COLLATE utf8mb4_unicode_ci NOT NULL,
  `peak_connection_count` int(11) NOT NULL,
  `websocket_message_count` int(11) NOT NULL,
  `api_message_count` int(11) NOT NULL,
  `created_at` timestamp NULL DEFAULT NULL,
  `updated_at` timestamp NULL DEFAULT NULL
) ENGINE=InnoDB DEFAULT CHARSET=utf8mb4 COLLATE=utf8mb4_unicode_ci;

--
-- Indexes for dumped tables
--

--
-- Indexes for table `barang`
--
ALTER TABLE `barang`
  ADD PRIMARY KEY (`kode`);

--
-- Indexes for table `bbk`
--
ALTER TABLE `bbk`
  ADD PRIMARY KEY (`bbk`),
  ADD KEY `nomor_bck` (`nomor_bck`);

--
-- Indexes for table `bbm`
--
ALTER TABLE `bbm`
  ADD PRIMARY KEY (`bbm`),
  ADD KEY `nomor_bcm` (`nomor_bcm`);

--
-- Indexes for table `bck`
--
ALTER TABLE `bck`
  ADD PRIMARY KEY (`bck`),
  ADD KEY `id_kendaraan` (`id_kendaraan`),
  ADD KEY `nomor_so` (`nomor_so`);

--
-- Indexes for table `bcm`
--
ALTER TABLE `bcm`
  ADD PRIMARY KEY (`bcm`),
  ADD KEY `nomor_po` (`nomor_po`);

--
-- Indexes for table `cache`
--
ALTER TABLE `cache`
  ADD UNIQUE KEY `cache_key_unique` (`key`);

--
-- Indexes for table `customers`
--
ALTER TABLE `customers`
  ADD PRIMARY KEY (`kode`);

--
-- Indexes for table `custprice`
--
ALTER TABLE `custprice`
  ADD PRIMARY KEY (`id`),
  ADD KEY `nip_sales` (`id_user`),
  ADD KEY `kode_customer` (`kode_customer`),
  ADD KEY `kode_barang` (`kode_barang`),
  ADD KEY `nomor_price` (`nomor_price`);

--
-- Indexes for table `divisi`
--
ALTER TABLE `divisi`
  ADD PRIMARY KEY (`id`);

--
-- Indexes for table `ekspedisi`
--
ALTER TABLE `ekspedisi`
  ADD PRIMARY KEY (`id`);

--
-- Indexes for table `failed_jobs`
--
ALTER TABLE `failed_jobs`
  ADD PRIMARY KEY (`id`);

--
-- Indexes for table `formprice`
--
ALTER TABLE `formprice`
  ADD PRIMARY KEY (`nomor_price`);

--
-- Indexes for table `groupso`
--
ALTER TABLE `groupso`
  ADD PRIMARY KEY (`kode`);

--
-- Indexes for table `history`
--
ALTER TABLE `history`
  ADD PRIMARY KEY (`id`),
  ADD KEY `id_user` (`id_user`);

--
-- Indexes for table `jeniskendaraan`
--
ALTER TABLE `jeniskendaraan`
  ADD PRIMARY KEY (`id`);

--
-- Indexes for table `kategoribarang`
--
ALTER TABLE `kategoribarang`
  ADD PRIMARY KEY (`id`);

--
-- Indexes for table `kendaraan`
--
ALTER TABLE `kendaraan`
  ADD PRIMARY KEY (`id`);

--
-- Indexes for table `listbbk`
--
ALTER TABLE `listbbk`
  ADD PRIMARY KEY (`id`),
  ADD KEY `nomor_bbk` (`nomor_bbk`),
  ADD KEY `kode_barang` (`kode_barang`);

--
-- Indexes for table `listbbm`
--
ALTER TABLE `listbbm`
  ADD PRIMARY KEY (`id`),
  ADD KEY `nomor_bbm` (`nomor_bbm`);

--
-- Indexes for table `listmasuk`
--
ALTER TABLE `listmasuk`
  ADD PRIMARY KEY (`id`),
  ADD KEY `nomor_bbm` (`nomor_bbm`);

--
-- Indexes for table `listpo`
--
ALTER TABLE `listpo`
  ADD PRIMARY KEY (`id`),
  ADD KEY `nomor_po` (`nomor_po`),
  ADD KEY `kode_barang` (`kode_barang`);

--
-- Indexes for table `listretur`
--
ALTER TABLE `listretur`
  ADD PRIMARY KEY (`id`),
  ADD KEY `nomor_retur` (`nomor_retur`),
  ADD KEY `kode_barang` (`kode_barang`);

--
-- Indexes for table `listrso`
--
ALTER TABLE `listrso`
  ADD PRIMARY KEY (`id`),
  ADD KEY `nomor_rso` (`nomor_rso`),
  ADD KEY `kode_barang` (`kode_barang`),
  ADD KEY `id_custprice` (`id_custprice`),
  ADD KEY `nomor_po` (`nomor_po`);

--
-- Indexes for table `listso`
--
ALTER TABLE `listso`
  ADD PRIMARY KEY (`id`),
  ADD KEY `nomor_so` (`nomor_so`),
  ADD KEY `kode_barang` (`kode_barang`);

--
-- Indexes for table `list_bck`
--
ALTER TABLE `list_bck`
  ADD PRIMARY KEY (`id`),
  ADD KEY `nomor_bck` (`nomor_bck`);

--
-- Indexes for table `list_bcm`
--
ALTER TABLE `list_bcm`
  ADD PRIMARY KEY (`id`),
  ADD KEY `nomor_bbm` (`nomor_bcm`);

--
-- Indexes for table `messages`
--
ALTER TABLE `messages`
  ADD PRIMARY KEY (`id`);

--
-- Indexes for table `migrations`
--
ALTER TABLE `migrations`
  ADD PRIMARY KEY (`id`);

--
-- Indexes for table `password_resets`
--
ALTER TABLE `password_resets`
  ADD KEY `password_resets_email_index` (`email`);

--
-- Indexes for table `po`
--
ALTER TABLE `po`
  ADD PRIMARY KEY (`nomor_po`),
  ADD KEY `kode_supplier` (`kode_supplier`),
  ADD KEY `nip_purchasing` (`id_user`);

--
-- Indexes for table `purchasing`
--
ALTER TABLE `purchasing`
  ADD PRIMARY KEY (`nip`);

--
-- Indexes for table `retur`
--
ALTER TABLE `retur`
  ADD PRIMARY KEY (`nomor_retur`),
  ADD KEY `nomor_so` (`nomor_so`);

--
-- Indexes for table `rso`
--
ALTER TABLE `rso`
  ADD PRIMARY KEY (`nomor_rso`),
  ADD KEY `kode_customer` (`kode_customer`),
  ADD KEY `id_sales` (`id_user`),
  ADD KEY `kode_groupso` (`kode_groupso`);

--
-- Indexes for table `sales`
--
ALTER TABLE `sales`
  ADD PRIMARY KEY (`nip`);

--
-- Indexes for table `satuan`
--
ALTER TABLE `satuan`
  ADD PRIMARY KEY (`id`);

--
-- Indexes for table `so`
--
ALTER TABLE `so`
  ADD PRIMARY KEY (`nomor_so`),
  ADD KEY `nomor_rso` (`nomor_rso`);

--
-- Indexes for table `suppliers`
--
ALTER TABLE `suppliers`
  ADD PRIMARY KEY (`kode_supplier`);

--
-- Indexes for table `users`
--
ALTER TABLE `users`
  ADD PRIMARY KEY (`id`),
  ADD UNIQUE KEY `users_email_unique` (`email`),
  ADD UNIQUE KEY `username` (`username`),
  ADD KEY `kode_groupso` (`kode_groupso`(191));

--
-- Indexes for table `websockets_statistics_entries`
--
ALTER TABLE `websockets_statistics_entries`
  ADD PRIMARY KEY (`id`);

--
-- AUTO_INCREMENT for dumped tables
--

--
-- AUTO_INCREMENT for table `custprice`
--
ALTER TABLE `custprice`
  MODIFY `id` int(11) NOT NULL AUTO_INCREMENT, AUTO_INCREMENT=101;

--
-- AUTO_INCREMENT for table `divisi`
--
ALTER TABLE `divisi`
  MODIFY `id` int(10) UNSIGNED NOT NULL AUTO_INCREMENT, AUTO_INCREMENT=4;

--
-- AUTO_INCREMENT for table `ekspedisi`
--
ALTER TABLE `ekspedisi`
  MODIFY `id` int(11) NOT NULL AUTO_INCREMENT, AUTO_INCREMENT=4;

--
-- AUTO_INCREMENT for table `failed_jobs`
--
ALTER TABLE `failed_jobs`
  MODIFY `id` bigint(20) UNSIGNED NOT NULL AUTO_INCREMENT;

--
-- AUTO_INCREMENT for table `history`
--
ALTER TABLE `history`
  MODIFY `id` int(11) NOT NULL AUTO_INCREMENT, AUTO_INCREMENT=272;

--
-- AUTO_INCREMENT for table `jeniskendaraan`
--
ALTER TABLE `jeniskendaraan`
  MODIFY `id` int(11) NOT NULL AUTO_INCREMENT, AUTO_INCREMENT=4;

--
-- AUTO_INCREMENT for table `kategoribarang`
--
ALTER TABLE `kategoribarang`
  MODIFY `id` int(11) NOT NULL AUTO_INCREMENT, AUTO_INCREMENT=16;

--
-- AUTO_INCREMENT for table `kendaraan`
--
ALTER TABLE `kendaraan`
  MODIFY `id` int(11) NOT NULL AUTO_INCREMENT, AUTO_INCREMENT=11;

--
-- AUTO_INCREMENT for table `listbbk`
--
ALTER TABLE `listbbk`
  MODIFY `id` int(11) NOT NULL AUTO_INCREMENT, AUTO_INCREMENT=3;

--
-- AUTO_INCREMENT for table `listbbm`
--
ALTER TABLE `listbbm`
  MODIFY `id` int(11) NOT NULL AUTO_INCREMENT, AUTO_INCREMENT=3;

--
-- AUTO_INCREMENT for table `listmasuk`
--
ALTER TABLE `listmasuk`
  MODIFY `id` int(11) NOT NULL AUTO_INCREMENT;

--
-- AUTO_INCREMENT for table `listpo`
--
ALTER TABLE `listpo`
  MODIFY `id` int(11) NOT NULL AUTO_INCREMENT, AUTO_INCREMENT=8;

--
-- AUTO_INCREMENT for table `listretur`
--
ALTER TABLE `listretur`
  MODIFY `id` int(11) NOT NULL AUTO_INCREMENT, AUTO_INCREMENT=23;

--
-- AUTO_INCREMENT for table `listrso`
--
ALTER TABLE `listrso`
  MODIFY `id` int(11) NOT NULL AUTO_INCREMENT, AUTO_INCREMENT=81;

--
-- AUTO_INCREMENT for table `listso`
--
ALTER TABLE `listso`
  MODIFY `id` int(11) NOT NULL AUTO_INCREMENT, AUTO_INCREMENT=28;

--
-- AUTO_INCREMENT for table `list_bck`
--
ALTER TABLE `list_bck`
  MODIFY `id` int(11) NOT NULL AUTO_INCREMENT, AUTO_INCREMENT=12;

--
-- AUTO_INCREMENT for table `list_bcm`
--
ALTER TABLE `list_bcm`
  MODIFY `id` int(11) NOT NULL AUTO_INCREMENT, AUTO_INCREMENT=3;

--
-- AUTO_INCREMENT for table `messages`
--
ALTER TABLE `messages`
  MODIFY `id` bigint(20) UNSIGNED NOT NULL AUTO_INCREMENT, AUTO_INCREMENT=60;

--
-- AUTO_INCREMENT for table `migrations`
--
ALTER TABLE `migrations`
  MODIFY `id` int(10) UNSIGNED NOT NULL AUTO_INCREMENT, AUTO_INCREMENT=12;

--
-- AUTO_INCREMENT for table `satuan`
--
ALTER TABLE `satuan`
  MODIFY `id` int(11) NOT NULL AUTO_INCREMENT, AUTO_INCREMENT=8;

--
-- AUTO_INCREMENT for table `users`
--
ALTER TABLE `users`
  MODIFY `id` int(10) UNSIGNED NOT NULL AUTO_INCREMENT, AUTO_INCREMENT=44;

--
-- AUTO_INCREMENT for table `websockets_statistics_entries`
--
ALTER TABLE `websockets_statistics_entries`
  MODIFY `id` int(10) UNSIGNED NOT NULL AUTO_INCREMENT;

--
-- Constraints for dumped tables
--

--
-- Constraints for table `bbk`
--
ALTER TABLE `bbk`
  ADD CONSTRAINT `bbk_ibfk_1` FOREIGN KEY (`nomor_bck`) REFERENCES `bck` (`bck`) ON DELETE CASCADE ON UPDATE CASCADE;

--
-- Constraints for table `bbm`
--
ALTER TABLE `bbm`
  ADD CONSTRAINT `bbm_ibfk_1` FOREIGN KEY (`nomor_bcm`) REFERENCES `bcm` (`bcm`) ON DELETE CASCADE ON UPDATE CASCADE;

--
-- Constraints for table `bck`
--
ALTER TABLE `bck`
  ADD CONSTRAINT `bck_ibfk_1` FOREIGN KEY (`nomor_so`) REFERENCES `so` (`nomor_so`) ON DELETE CASCADE ON UPDATE CASCADE;

--
-- Constraints for table `bcm`
--
ALTER TABLE `bcm`
  ADD CONSTRAINT `bcm_ibfk_1` FOREIGN KEY (`nomor_po`) REFERENCES `po` (`nomor_po`) ON DELETE CASCADE ON UPDATE CASCADE;

--
-- Constraints for table `custprice`
--
ALTER TABLE `custprice`
  ADD CONSTRAINT `custprice_ibfk_1` FOREIGN KEY (`kode_barang`) REFERENCES `barang` (`kode`) ON UPDATE CASCADE,
  ADD CONSTRAINT `custprice_ibfk_2` FOREIGN KEY (`kode_customer`) REFERENCES `customers` (`kode`) ON UPDATE CASCADE,
  ADD CONSTRAINT `custprice_ibfk_3` FOREIGN KEY (`nomor_price`) REFERENCES `formprice` (`nomor_price`) ON DELETE CASCADE ON UPDATE CASCADE;

--
-- Constraints for table `history`
--
ALTER TABLE `history`
  ADD CONSTRAINT `history_ibfk_1` FOREIGN KEY (`id_user`) REFERENCES `users` (`id`) ON UPDATE CASCADE;

--
-- Constraints for table `listbbk`
--
ALTER TABLE `listbbk`
  ADD CONSTRAINT `listbbk_ibfk_1` FOREIGN KEY (`nomor_bbk`) REFERENCES `bbk` (`bbk`) ON DELETE CASCADE ON UPDATE CASCADE;

--
-- Constraints for table `listbbm`
--
ALTER TABLE `listbbm`
  ADD CONSTRAINT `listbbm_ibfk_1` FOREIGN KEY (`nomor_bbm`) REFERENCES `bbm` (`bbm`) ON DELETE CASCADE ON UPDATE CASCADE;

--
-- Constraints for table `listmasuk`
--
ALTER TABLE `listmasuk`
  ADD CONSTRAINT `listmasuk_ibfk_1` FOREIGN KEY (`nomor_bbm`) REFERENCES `bbm` (`bbm`) ON DELETE CASCADE ON UPDATE CASCADE;

--
-- Constraints for table `listpo`
--
ALTER TABLE `listpo`
  ADD CONSTRAINT `listpo_ibfk_1` FOREIGN KEY (`nomor_po`) REFERENCES `po` (`nomor_po`) ON DELETE CASCADE ON UPDATE CASCADE,
  ADD CONSTRAINT `listpo_ibfk_2` FOREIGN KEY (`kode_barang`) REFERENCES `barang` (`kode`) ON UPDATE CASCADE;

--
-- Constraints for table `listretur`
--
ALTER TABLE `listretur`
  ADD CONSTRAINT `listretur_ibfk_1` FOREIGN KEY (`nomor_retur`) REFERENCES `retur` (`nomor_retur`) ON DELETE CASCADE ON UPDATE CASCADE;

--
-- Constraints for table `listrso`
--
ALTER TABLE `listrso`
  ADD CONSTRAINT `listrso_ibfk_1` FOREIGN KEY (`nomor_rso`) REFERENCES `rso` (`nomor_rso`) ON DELETE CASCADE ON UPDATE CASCADE,
  ADD CONSTRAINT `listrso_ibfk_2` FOREIGN KEY (`kode_barang`) REFERENCES `barang` (`kode`) ON DELETE CASCADE ON UPDATE CASCADE;

--
-- Constraints for table `listso`
--
ALTER TABLE `listso`
  ADD CONSTRAINT `listso_ibfk_1` FOREIGN KEY (`nomor_so`) REFERENCES `so` (`nomor_so`) ON DELETE CASCADE ON UPDATE CASCADE;

--
-- Constraints for table `list_bck`
--
ALTER TABLE `list_bck`
  ADD CONSTRAINT `list_bck_ibfk_1` FOREIGN KEY (`nomor_bck`) REFERENCES `bck` (`bck`) ON DELETE CASCADE ON UPDATE CASCADE;

--
-- Constraints for table `list_bcm`
--
ALTER TABLE `list_bcm`
  ADD CONSTRAINT `list_bcm_ibfk_1` FOREIGN KEY (`nomor_bcm`) REFERENCES `bcm` (`bcm`) ON DELETE CASCADE ON UPDATE CASCADE;

--
-- Constraints for table `po`
--
ALTER TABLE `po`
  ADD CONSTRAINT `po_ibfk_1` FOREIGN KEY (`kode_supplier`) REFERENCES `suppliers` (`kode_supplier`) ON UPDATE CASCADE;

--
-- Constraints for table `retur`
--
ALTER TABLE `retur`
  ADD CONSTRAINT `retur_ibfk_1` FOREIGN KEY (`nomor_so`) REFERENCES `so` (`nomor_so`) ON DELETE CASCADE ON UPDATE CASCADE;

--
-- Constraints for table `rso`
--
ALTER TABLE `rso`
  ADD CONSTRAINT `rso_ibfk_1` FOREIGN KEY (`kode_customer`) REFERENCES `customers` (`kode`) ON UPDATE CASCADE;

--
-- Constraints for table `so`
--
ALTER TABLE `so`
  ADD CONSTRAINT `so_ibfk_1` FOREIGN KEY (`nomor_rso`) REFERENCES `rso` (`nomor_rso`) ON DELETE CASCADE ON UPDATE CASCADE;
COMMIT;

/*!40101 SET CHARACTER_SET_CLIENT=@OLD_CHARACTER_SET_CLIENT */;
/*!40101 SET CHARACTER_SET_RESULTS=@OLD_CHARACTER_SET_RESULTS */;
/*!40101 SET COLLATION_CONNECTION=@OLD_COLLATION_CONNECTION */;
